$MeshFormat
4.1 0 8
$EndMeshFormat
$PhysicalNames
7
1 1 "Γ¹"
1 2 "Γ²"
1 3 "Γ³⁻"
1 4 "Γ³⁺"
1 5 "Γ⁴"
1 6 "Γ⁵"
2 7 "Ω"
$EndPhysicalNames
$Entities
8 8 2 0
1 0 0 0 0 
2 2 0 0 0 
3 2 1 0 0 
4 0 1 0 0 
5 0 1 0 0 
6 2 1 0 0 
7 2 2 0 0 
8 0 2 0 0 
1 0 0 0 2 0 0 1 1 2 1 -2 
2 2 0 0 2 1 0 1 2 2 2 -3 
3 0 1 0 2 1 0 1 3 2 4 -3 
4 0 0 0 0 1 0 1 5 2 4 -1 
5 0 1 0 2 1 0 1 4 2 5 -6 
6 2 1 0 2 2 0 1 2 2 6 -7 
7 0 2 0 2 2 0 1 6 2 7 -8 
8 0 1 0 0 2 0 1 5 2 8 -5 
1 0 0 0 2 1 0 1 7 4 1 2 -3 4 
2 0 1 0 2 2 0 1 7 4 5 6 7 8 
$EndEntities
$Nodes
18 4290 1 4290
0 1 0 1
1
0 0 0
0 2 0 1
2
2 0 0
0 3 0 1
3
2 1 0
0 4 0 1
4
0 1 0
0 5 0 1
5
0 1 0
0 6 0 1
6
2 1 0
0 7 0 1
7
2 2 0
0 8 0 1
8
0 2 0
1 1 0 63
9
10
11
12
13
14
15
16
17
18
19
20
21
22
23
24
25
26
27
28
29
30
31
32
33
34
35
36
37
38
39
40
41
42
43
44
45
46
47
48
49
50
51
52
53
54
55
56
57
58
59
60
61
62
63
64
65
66
67
68
69
70
71
0.03124999999994097 0 0
0.06249999999988091 0 0
0.09374999999981271 0 0
0.1249999999997459 0 0
0.1562499999996953 0 0
0.1874999999996474 0 0
0.2187499999995995 0 0
0.2499999999995463 0 0
0.2812499999994604 0 0
0.3124999999993692 0 0
0.343749999999278 0 0
0.3749999999991868 0 0
0.4062499999990956 0 0
0.4374999999990044 0 0
0.4687499999989131 0 0
0.4999999999988219 0 0
0.5312499999987307 0 0
0.5624999999986394 0 0
0.5937499999985483 0 0
0.624999999998457 0 0
0.6562499999983659 0 0
0.6874999999982746 0 0
0.7187499999981833 0 0
0.7499999999980922 0 0
0.7812499999980009 0 0
0.8124999999979098 0 0
0.8437499999978185 0 0
0.8749999999977273 0 0
0.9062499999976361 0 0
0.9374999999975449 0 0
0.9687499999974537 0 0
0.9999999999973842 0 0
1.031249999997445 0 0
1.062499999997527 0 0
1.09374999999761 0 0
1.124999999997692 0 0
1.156249999997775 0 0
1.187499999997857 0 0
1.218749999997939 0 0
1.249999999998022 0 0
1.281249999998104 0 0
1.312499999998187 0 0
1.343749999998269 0 0
1.374999999998352 0 0
1.406249999998434 0 0
1.437499999998516 0 0
1.468749999998599 0 0
1.499999999998681 0 0
1.531249999998764 0 0
1.562499999998846 0 0
1.593749999998928 0 0
1.624999999999011 0 0
1.656249999999093 0 0
1.687499999999176 0 0
1.718749999999258 0 0
1.749999999999341 0 0
1.781249999999423 0 0
1.812499999999506 0 0
1.843749999999588 0 0
1.87499999999967 0 0
1.906249999999753 0 0
1.937499999999835 0 0
1.968749999999918 0 0
1 2 0 31
72
73
74
75
76
77
78
79
80
81
82
83
84
85
86
87
88
89
90
91
92
93
94
95
96
97
98
99
100
101
102
2 0.03124999999994045 0
2 0.06249999999987293 0
2 0.09374999999982371 0
2 0.1249999999997731 0
2 0.1562499999996846 0
2 0.1874999999995934 0
2 0.2187499999995022 0
2 0.2499999999994109 0
2 0.2812499999993197 0
2 0.3124999999992285 0
2 0.3437499999991373 0
2 0.3749999999990461 0
2 0.4062499999989549 0
2 0.4374999999988636 0
2 0.4687499999987724 0
2 0.4999999999986921 0
2 0.5312499999987637 0
2 0.562499999998846 0
2 0.5937499999989285 0
2 0.6249999999990109 0
2 0.6562499999990934 0
2 0.6874999999991758 0
2 0.7187499999992581 0
2 0.7499999999993406 0
2 0.781249999999423 0
2 0.8124999999995055 0
2 0.8437499999995879 0
2 0.8749999999996703 0
2 0.9062499999997528 0
2 0.9374999999998351 0
2 0.9687499999999176 0
1 3 0 63
103
104
105
106
107
108
109
110
111
112
113
114
115
116
117
118
119
120
121
122
123
124
125
126
127
128
129
130
131
132
133
134
135
136
137
138
139
140
141
142
143
144
145
146
147
148
149
150
151
152
153
154
155
156
157
158
159
160
161
162
163
164
165
0.03124999999994097 1 0
0.06249999999988091 1 0
0.09374999999981271 1 0
0.1249999999997459 1 0
0.1562499999996953 1 0
0.1874999999996474 1 0
0.2187499999995995 1 0
0.2499999999995463 1 0
0.2812499999994604 1 0
0.3124999999993692 1 0
0.343749999999278 1 0
0.3749999999991868 1 0
0.4062499999990956 1 0
0.4374999999990044 1 0
0.4687499999989131 1 0
0.4999999999988219 1 0
0.5312499999987307 1 0
0.5624999999986394 1 0
0.5937499999985483 1 0
0.624999999998457 1 0
0.6562499999983659 1 0
0.6874999999982746 1 0
0.7187499999981833 1 0
0.7499999999980922 1 0
0.7812499999980009 1 0
0.8124999999979098 1 0
0.8437499999978185 1 0
0.8749999999977273 1 0
0.9062499999976361 1 0
0.9374999999975449 1 0
0.9687499999974537 1 0
0.9999999999973842 1 0
1.031249999997445 1 0
1.062499999997527 1 0
1.09374999999761 1 0
1.124999999997692 1 0
1.156249999997775 1 0
1.187499999997857 1 0
1.218749999997939 1 0
1.249999999998022 1 0
1.281249999998104 1 0
1.312499999998187 1 0
1.343749999998269 1 0
1.374999999998352 1 0
1.406249999998434 1 0
1.437499999998516 1 0
1.468749999998599 1 0
1.499999999998681 1 0
1.531249999998764 1 0
1.562499999998846 1 0
1.593749999998928 1 0
1.624999999999011 1 0
1.656249999999093 1 0
1.687499999999176 1 0
1.718749999999258 1 0
1.749999999999341 1 0
1.781249999999423 1 0
1.812499999999506 1 0
1.843749999999588 1 0
1.87499999999967 1 0
1.906249999999753 1 0
1.937499999999835 1 0
1.968749999999918 1 0
1 4 0 31
166
167
168
169
170
171
172
173
174
175
176
177
178
179
180
181
182
183
184
185
186
187
188
189
190
191
192
193
194
195
196
0 0.9687499999998699 0
0 0.9374999999997398 0
0 0.9062499999996096 0
0 0.8749999999995012 0
0 0.8437499999996964 0
0 0.8124999999999132 0
0 0.7812500000001301 0
0 0.7500000000003471 0
0 0.7187500000005638 0
0 0.6875000000007805 0
0 0.6562500000009973 0
0 0.625000000001214 0
0 0.5937500000014309 0
0 0.5625000000016476 0
0 0.5312500000018643 0
0 0.5000000000020595 0
0 0.468750000001951 0
0 0.437500000001821 0
0 0.4062500000016909 0
0 0.3750000000015609 0
0 0.3437500000014307 0
0 0.3125000000013007 0
0 0.2812500000011706 0
0 0.2500000000010405 0
0 0.2187500000009105 0
0 0.1875000000007804 0
0 0.1562500000006504 0
0 0.1250000000005203 0
0 0.09375000000039024 0
0 0.06250000000026013 0
0 0.03125000000013012 0
1 5 0 63
197
198
199
200
201
202
203
204
205
206
207
208
209
210
211
212
213
214
215
216
217
218
219
220
221
222
223
224
225
226
227
228
229
230
231
232
233
234
235
236
237
238
239
240
241
242
243
244
245
246
247
248
249
250
251
252
253
254
255
256
257
258
259
0.03124999999994097 1 0
0.06249999999988091 1 0
0.09374999999981271 1 0
0.1249999999997459 1 0
0.1562499999996953 1 0
0.1874999999996474 1 0
0.2187499999995995 1 0
0.2499999999995463 1 0
0.2812499999994604 1 0
0.3124999999993692 1 0
0.343749999999278 1 0
0.3749999999991868 1 0
0.4062499999990956 1 0
0.4374999999990044 1 0
0.4687499999989131 1 0
0.4999999999988219 1 0
0.5312499999987307 1 0
0.5624999999986394 1 0
0.5937499999985483 1 0
0.624999999998457 1 0
0.6562499999983659 1 0
0.6874999999982746 1 0
0.7187499999981833 1 0
0.7499999999980922 1 0
0.7812499999980009 1 0
0.8124999999979098 1 0
0.8437499999978185 1 0
0.8749999999977273 1 0
0.9062499999976361 1 0
0.9374999999975449 1 0
0.9687499999974537 1 0
0.9999999999973842 1 0
1.031249999997445 1 0
1.062499999997527 1 0
1.09374999999761 1 0
1.124999999997692 1 0
1.156249999997775 1 0
1.187499999997857 1 0
1.218749999997939 1 0
1.249999999998022 1 0
1.281249999998104 1 0
1.312499999998187 1 0
1.343749999998269 1 0
1.374999999998352 1 0
1.406249999998434 1 0
1.437499999998516 1 0
1.468749999998599 1 0
1.499999999998681 1 0
1.531249999998764 1 0
1.562499999998846 1 0
1.593749999998928 1 0
1.624999999999011 1 0
1.656249999999093 1 0
1.687499999999176 1 0
1.718749999999258 1 0
1.749999999999341 1 0
1.781249999999423 1 0
1.812499999999506 1 0
1.843749999999588 1 0
1.87499999999967 1 0
1.906249999999753 1 0
1.937499999999835 1 0
1.968749999999918 1 0
1 6 0 31
260
261
262
263
264
265
266
267
268
269
270
271
272
273
274
275
276
277
278
279
280
281
282
283
284
285
286
287
288
289
290
2 1.03125 0
2 1.0625 0
2 1.09375 0
2 1.125 0
2 1.15625 0
2 1.1875 0
2 1.21875 0
2 1.25 0
2 1.28125 0
2 1.3125 0
2 1.34375 0
2 1.375 0
2 1.40625 0
2 1.4375 0
2 1.46875 0
2 1.5 0
2 1.53125 0
2 1.5625 0
2 1.59375 0
2 1.625 0
2 1.65625 0
2 1.6875 0
2 1.71875 0
2 1.75 0
2 1.78125 0
2 1.8125 0
2 1.84375 0
2 1.875 0
2 1.90625 0
2 1.9375 0
2 1.96875 0
1 7 0 63
291
292
293
294
295
296
297
298
299
300
301
302
303
304
305
306
307
308
309
310
311
312
313
314
315
316
317
318
319
320
321
322
323
324
325
326
327
328
329
330
331
332
333
334
335
336
337
338
339
340
341
342
343
344
345
346
347
348
349
350
351
352
353
1.96874999999987 2 0
1.93749999999974 2 0
1.90624999999961 2 0
1.87499999999948 2 0
1.843749999999349 2 0
1.812499999999219 2 0
1.781249999999089 2 0
1.749999999999002 2 0
1.718749999999176 2 0
1.687499999999393 2 0
1.65624999999961 2 0
1.624999999999826 2 0
1.593750000000043 2 0
1.56250000000026 2 0
1.531250000000477 2 0
1.500000000000694 2 0
1.468750000000911 2 0
1.437500000001128 2 0
1.406250000001344 2 0
1.375000000001561 2 0
1.343750000001778 2 0
1.312500000001995 2 0
1.281250000002211 2 0
1.250000000002428 2 0
1.218750000002645 2 0
1.187500000002862 2 0
1.156250000003078 2 0
1.125000000003295 2 0
1.093750000003512 2 0
1.062500000003729 2 0
1.031250000003946 2 0
1.000000000004119 2 0
0.9687500000040321 2 0
0.937500000003902 2 0
0.9062500000037721 2 0
0.875000000003642 2 0
0.8437500000035119 2 0
0.8125000000033817 2 0
0.7812500000032518 2 0
0.7500000000031217 2 0
0.7187500000029916 2 0
0.6875000000028615 2 0
0.6562500000027314 2 0
0.6250000000026015 2 0
0.5937500000024714 2 0
0.5625000000023412 2 0
0.5312500000022111 2 0
0.500000000002081 2 0
0.4687500000019511 2 0
0.437500000001821 2 0
0.4062500000016909 2 0
0.3750000000015608 2 0
0.3437500000014309 2 0
0.3125000000013007 2 0
0.2812500000011706 2 0
0.2500000000010405 2 0
0.2187500000009104 2 0
0.1875000000007805 2 0
0.1562500000006504 2 0
0.1250000000005203 2 0
0.09375000000039013 2 0
0.06250000000026024 2 0
0.03125000000013012 2 0
1 8 0 31
354
355
356
357
358
359
360
361
362
363
364
365
366
367
368
369
370
371
372
373
374
375
376
377
378
379
380
381
382
383
384
0 1.96875 0
0 1.9375 0
0 1.90625 0
0 1.875 0
0 1.84375 0
0 1.8125 0
0 1.78125 0
0 1.75 0
0 1.71875 0
0 1.6875 0
0 1.65625 0
0 1.625 0
0 1.59375 0
0 1.5625 0
0 1.53125 0
0 1.5 0
0 1.46875 0
0 1.4375 0
0 1.40625 0
0 1.375 0
0 1.34375 0
0 1.3125 0
0 1.28125 0
0 1.25 0
0 1.21875 0
0 1.1875 0
0 1.15625 0
0 1.125 0
0 1.09375 0
0 1.0625 0
0 1.03125 0
2 1 0 1953
385
386
387
388
389
390
391
392
393
394
395
396
397
398
399
400
401
402
403
404
405
406
407
408
409
410
411
412
413
414
415
416
417
418
419
420
421
422
423
424
425
426
427
428
429
430
431
432
433
434
435
436
437
438
439
440
441
442
443
444
445
446
447
448
449
450
451
452
453
454
455
456
457
458
459
460
461
462
463
464
465
466
467
468
469
470
471
472
473
474
475
476
477
478
479
480
481
482
483
484
485
486
487
488
489
490
491
492
493
494
495
496
497
498
499
500
501
502
503
504
505
506
507
508
509
510
511
512
513
514
515
516
517
518
519
520
521
522
523
524
525
526
527
528
529
530
531
532
533
534
535
536
537
538
539
540
541
542
543
544
545
546
547
548
549
550
551
552
553
554
555
556
557
558
559
560
561
562
563
564
565
566
567
568
569
570
571
572
573
574
575
576
577
578
579
580
581
582
583
584
585
586
587
588
589
590
591
592
593
594
595
596
597
598
599
600
601
602
603
604
605
606
607
608
609
610
611
612
613
614
615
616
617
618
619
620
621
622
623
624
625
626
627
628
629
630
631
632
633
634
635
636
637
638
639
640
641
642
643
644
645
646
647
648
649
650
651
652
653
654
655
656
657
658
659
660
661
662
663
664
665
666
667
668
669
670
671
672
673
674
675
676
677
678
679
680
681
682
683
684
685
686
687
688
689
690
691
692
693
694
695
696
697
698
699
700
701
702
703
704
705
706
707
708
709
710
711
712
713
714
715
716
717
718
719
720
721
722
723
724
725
726
727
728
729
730
731
732
733
734
735
736
737
738
739
740
741
742
743
744
745
746
747
748
749
750
751
752
753
754
755
756
757
758
759
760
761
762
763
764
765
766
767
768
769
770
771
772
773
774
775
776
777
778
779
780
781
782
783
784
785
786
787
788
789
790
791
792
793
794
795
796
797
798
799
800
801
802
803
804
805
806
807
808
809
810
811
812
813
814
815
816
817
818
819
820
821
822
823
824
825
826
827
828
829
830
831
832
833
834
835
836
837
838
839
840
841
842
843
844
845
846
847
848
849
850
851
852
853
854
855
856
857
858
859
860
861
862
863
864
865
866
867
868
869
870
871
872
873
874
875
876
877
878
879
880
881
882
883
884
885
886
887
888
889
890
891
892
893
894
895
896
897
898
899
900
901
902
903
904
905
906
907
908
909
910
911
912
913
914
915
916
917
918
919
920
921
922
923
924
925
926
927
928
929
930
931
932
933
934
935
936
937
938
939
940
941
942
943
944
945
946
947
948
949
950
951
952
953
954
955
956
957
958
959
960
961
962
963
964
965
966
967
968
969
970
971
972
973
974
975
976
977
978
979
980
981
982
983
984
985
986
987
988
989
990
991
992
993
994
995
996
997
998
999
1000
1001
1002
1003
1004
1005
1006
1007
1008
1009
1010
1011
1012
1013
1014
1015
1016
1017
1018
1019
1020
1021
1022
1023
1024
1025
1026
1027
1028
1029
1030
1031
1032
1033
1034
1035
1036
1037
1038
1039
1040
1041
1042
1043
1044
1045
1046
1047
1048
1049
1050
1051
1052
1053
1054
1055
1056
1057
1058
1059
1060
1061
1062
1063
1064
1065
1066
1067
1068
1069
1070
1071
1072
1073
1074
1075
1076
1077
1078
1079
1080
1081
1082
1083
1084
1085
1086
1087
1088
1089
1090
1091
1092
1093
1094
1095
1096
1097
1098
1099
1100
1101
1102
1103
1104
1105
1106
1107
1108
1109
1110
1111
1112
1113
1114
1115
1116
1117
1118
1119
1120
1121
1122
1123
1124
1125
1126
1127
1128
1129
1130
1131
1132
1133
1134
1135
1136
1137
1138
1139
1140
1141
1142
1143
1144
1145
1146
1147
1148
1149
1150
1151
1152
1153
1154
1155
1156
1157
1158
1159
1160
1161
1162
1163
1164
1165
1166
1167
1168
1169
1170
1171
1172
1173
1174
1175
1176
1177
1178
1179
1180
1181
1182
1183
1184
1185
1186
1187
1188
1189
1190
1191
1192
1193
1194
1195
1196
1197
1198
1199
1200
1201
1202
1203
1204
1205
1206
1207
1208
1209
1210
1211
1212
1213
1214
1215
1216
1217
1218
1219
1220
1221
1222
1223
1224
1225
1226
1227
1228
1229
1230
1231
1232
1233
1234
1235
1236
1237
1238
1239
1240
1241
1242
1243
1244
1245
1246
1247
1248
1249
1250
1251
1252
1253
1254
1255
1256
1257
1258
1259
1260
1261
1262
1263
1264
1265
1266
1267
1268
1269
1270
1271
1272
1273
1274
1275
1276
1277
1278
1279
1280
1281
1282
1283
1284
1285
1286
1287
1288
1289
1290
1291
1292
1293
1294
1295
1296
1297
1298
1299
1300
1301
1302
1303
1304
1305
1306
1307
1308
1309
1310
1311
1312
1313
1314
1315
1316
1317
1318
1319
1320
1321
1322
1323
1324
1325
1326
1327
1328
1329
1330
1331
1332
1333
1334
1335
1336
1337
1338
1339
1340
1341
1342
1343
1344
1345
1346
1347
1348
1349
1350
1351
1352
1353
1354
1355
1356
1357
1358
1359
1360
1361
1362
1363
1364
1365
1366
1367
1368
1369
1370
1371
1372
1373
1374
1375
1376
1377
1378
1379
1380
1381
1382
1383
1384
1385
1386
1387
1388
1389
1390
1391
1392
1393
1394
1395
1396
1397
1398
1399
1400
1401
1402
1403
1404
1405
1406
1407
1408
1409
1410
1411
1412
1413
1414
1415
1416
1417
1418
1419
1420
1421
1422
1423
1424
1425
1426
1427
1428
1429
1430
1431
1432
1433
1434
1435
1436
1437
1438
1439
1440
1441
1442
1443
1444
1445
1446
1447
1448
1449
1450
1451
1452
1453
1454
1455
1456
1457
1458
1459
1460
1461
1462
1463
1464
1465
1466
1467
1468
1469
1470
1471
1472
1473
1474
1475
1476
1477
1478
1479
1480
1481
1482
1483
1484
1485
1486
1487
1488
1489
1490
1491
1492
1493
1494
1495
1496
1497
1498
1499
1500
1501
1502
1503
1504
1505
1506
1507
1508
1509
1510
1511
1512
1513
1514
1515
1516
1517
1518
1519
1520
1521
1522
1523
1524
1525
1526
1527
1528
1529
1530
1531
1532
1533
1534
1535
1536
1537
1538
1539
1540
1541
1542
1543
1544
1545
1546
1547
1548
1549
1550
1551
1552
1553
1554
1555
1556
1557
1558
1559
1560
1561
1562
1563
1564
1565
1566
1567
1568
1569
1570
1571
1572
1573
1574
1575
1576
1577
1578
1579
1580
1581
1582
1583
1584
1585
1586
1587
1588
1589
1590
1591
1592
1593
1594
1595
1596
1597
1598
1599
1600
1601
1602
1603
1604
1605
1606
1607
1608
1609
1610
1611
1612
1613
1614
1615
1616
1617
1618
1619
1620
1621
1622
1623
1624
1625
1626
1627
1628
1629
1630
1631
1632
1633
1634
1635
1636
1637
1638
1639
1640
1641
1642
1643
1644
1645
1646
1647
1648
1649
1650
1651
1652
1653
1654
1655
1656
1657
1658
1659
1660
1661
1662
1663
1664
1665
1666
1667
1668
1669
1670
1671
1672
1673
1674
1675
1676
1677
1678
1679
1680
1681
1682
1683
1684
1685
1686
1687
1688
1689
1690
1691
1692
1693
1694
1695
1696
1697
1698
1699
1700
1701
1702
1703
1704
1705
1706
1707
1708
1709
1710
1711
1712
1713
1714
1715
1716
1717
1718
1719
1720
1721
1722
1723
1724
1725
1726
1727
1728
1729
1730
1731
1732
1733
1734
1735
1736
1737
1738
1739
1740
1741
1742
1743
1744
1745
1746
1747
1748
1749
1750
1751
1752
1753
1754
1755
1756
1757
1758
1759
1760
1761
1762
1763
1764
1765
1766
1767
1768
1769
1770
1771
1772
1773
1774
1775
1776
1777
1778
1779
1780
1781
1782
1783
1784
1785
1786
1787
1788
1789
1790
1791
1792
1793
1794
1795
1796
1797
1798
1799
1800
1801
1802
1803
1804
1805
1806
1807
1808
1809
1810
1811
1812
1813
1814
1815
1816
1817
1818
1819
1820
1821
1822
1823
1824
1825
1826
1827
1828
1829
1830
1831
1832
1833
1834
1835
1836
1837
1838
1839
1840
1841
1842
1843
1844
1845
1846
1847
1848
1849
1850
1851
1852
1853
1854
1855
1856
1857
1858
1859
1860
1861
1862
1863
1864
1865
1866
1867
1868
1869
1870
1871
1872
1873
1874
1875
1876
1877
1878
1879
1880
1881
1882
1883
1884
1885
1886
1887
1888
1889
1890
1891
1892
1893
1894
1895
1896
1897
1898
1899
1900
1901
1902
1903
1904
1905
1906
1907
1908
1909
1910
1911
1912
1913
1914
1915
1916
1917
1918
1919
1920
1921
1922
1923
1924
1925
1926
1927
1928
1929
1930
1931
1932
1933
1934
1935
1936
1937
1938
1939
1940
1941
1942
1943
1944
1945
1946
1947
1948
1949
1950
1951
1952
1953
1954
1955
1956
1957
1958
1959
1960
1961
1962
1963
1964
1965
1966
1967
1968
1969
1970
1971
1972
1973
1974
1975
1976
1977
1978
1979
1980
1981
1982
1983
1984
1985
1986
1987
1988
1989
1990
1991
1992
1993
1994
1995
1996
1997
1998
1999
2000
2001
2002
2003
2004
2005
2006
2007
2008
2009
2010
2011
2012
2013
2014
2015
2016
2017
2018
2019
2020
2021
2022
2023
2024
2025
2026
2027
2028
2029
2030
2031
2032
2033
2034
2035
2036
2037
2038
2039
2040
2041
2042
2043
2044
2045
2046
2047
2048
2049
2050
2051
2052
2053
2054
2055
2056
2057
2058
2059
2060
2061
2062
2063
2064
2065
2066
2067
2068
2069
2070
2071
2072
2073
2074
2075
2076
2077
2078
2079
2080
2081
2082
2083
2084
2085
2086
2087
2088
2089
2090
2091
2092
2093
2094
2095
2096
2097
2098
2099
2100
2101
2102
2103
2104
2105
2106
2107
2108
2109
2110
2111
2112
2113
2114
2115
2116
2117
2118
2119
2120
2121
2122
2123
2124
2125
2126
2127
2128
2129
2130
2131
2132
2133
2134
2135
2136
2137
2138
2139
2140
2141
2142
2143
2144
2145
2146
2147
2148
2149
2150
2151
2152
2153
2154
2155
2156
2157
2158
2159
2160
2161
2162
2163
2164
2165
2166
2167
2168
2169
2170
2171
2172
2173
2174
2175
2176
2177
2178
2179
2180
2181
2182
2183
2184
2185
2186
2187
2188
2189
2190
2191
2192
2193
2194
2195
2196
2197
2198
2199
2200
2201
2202
2203
2204
2205
2206
2207
2208
2209
2210
2211
2212
2213
2214
2215
2216
2217
2218
2219
2220
2221
2222
2223
2224
2225
2226
2227
2228
2229
2230
2231
2232
2233
2234
2235
2236
2237
2238
2239
2240
2241
2242
2243
2244
2245
2246
2247
2248
2249
2250
2251
2252
2253
2254
2255
2256
2257
2258
2259
2260
2261
2262
2263
2264
2265
2266
2267
2268
2269
2270
2271
2272
2273
2274
2275
2276
2277
2278
2279
2280
2281
2282
2283
2284
2285
2286
2287
2288
2289
2290
2291
2292
2293
2294
2295
2296
2297
2298
2299
2300
2301
2302
2303
2304
2305
2306
2307
2308
2309
2310
2311
2312
2313
2314
2315
2316
2317
2318
2319
2320
2321
2322
2323
2324
2325
2326
2327
2328
2329
2330
2331
2332
2333
2334
2335
2336
2337
0.03124999999994097 0.03125000000012716 0
0.03124999999994096 0.06250000000025407 0
0.03124999999994096 0.09375000000038138 0
0.03124999999994097 0.1250000000005086 0
0.03124999999994096 0.1562500000006352 0
0.03124999999994097 0.1875000000007618 0
0.03124999999994097 0.2187500000008885 0
0.03124999999994097 0.250000000001015 0
0.03124999999994097 0.2812500000011416 0
0.03124999999994097 0.3125000000012683 0
0.03124999999994097 0.3437500000013949 0
0.03124999999994096 0.3750000000015216 0
0.03124999999994096 0.4062500000016481 0
0.03124999999994096 0.4375000000017747 0
0.03124999999994097 0.4687500000019013 0
0.03124999999994097 0.500000000002007 0
0.03124999999994097 0.5312500000018159 0
0.03124999999994097 0.5625000000016039 0
0.03124999999994096 0.5937500000013918 0
0.03124999999994096 0.6250000000011797 0
0.03124999999994097 0.6562500000009674 0
0.03124999999994097 0.6875000000007554 0
0.03124999999994096 0.7187500000005432 0
0.03124999999994097 0.7500000000003315 0
0.03124999999994097 0.781250000000119 0
0.03124999999994096 0.8124999999999067 0
0.03124999999994097 0.8437499999996948 0
0.03124999999994096 0.8749999999995038 0
0.03124999999994096 0.9062499999996118 0
0.03124999999994097 0.9374999999997413 0
0.03124999999994097 0.9687499999998705 0
0.06249999999988091 0.03125000000012419 0
0.06249999999988091 0.06250000000024802 0
0.06249999999988091 0.09375000000037255 0
0.06249999999988089 0.1250000000004969 0
0.06249999999988091 0.1562500000006202 0
0.06249999999988091 0.1875000000007433 0
0.06249999999988089 0.2187500000008665 0
0.06249999999988092 0.2500000000009897 0
0.06249999999988091 0.2812500000011128 0
0.0624999999998809 0.3125000000012359 0
0.06249999999988092 0.343750000001359 0
0.06249999999988091 0.3750000000014823 0
0.0624999999998809 0.4062500000016054 0
0.06249999999988091 0.4375000000017286 0
0.06249999999988091 0.4687500000018517 0
0.06249999999988091 0.5000000000019541 0
0.06249999999988091 0.5312500000017673 0
0.06249999999988092 0.56250000000156 0
0.0624999999998809 0.5937500000013527 0
0.06249999999988092 0.6250000000011452 0
0.06249999999988092 0.6562500000009377 0
0.06249999999988091 0.6875000000007303 0
0.06249999999988092 0.7187500000005231 0
0.06249999999988091 0.7500000000003155 0
0.0624999999998809 0.7812500000001079 0
0.06249999999988089 0.8124999999999004 0
0.06249999999988091 0.843749999999693 0
0.0624999999998809 0.8749999999995065 0
0.06249999999988092 0.9062499999996141 0
0.06249999999988091 0.9374999999997428 0
0.06249999999988091 0.9687499999998714 0
0.09374999999981271 0.03125000000012123 0
0.09374999999981271 0.06250000000024197 0
0.09374999999981271 0.09375000000036368 0
0.09374999999981271 0.1250000000004853 0
0.09374999999981271 0.1562500000006051 0
0.09374999999981271 0.1875000000007248 0
0.09374999999981271 0.2187500000008445 0
0.09374999999981271 0.2500000000009641 0
0.09374999999981271 0.2812500000010839 0
0.09374999999981271 0.3125000000012036 0
0.09374999999981271 0.3437500000013233 0
0.09374999999981271 0.375000000001443 0
0.09374999999981271 0.4062500000015626 0
0.09374999999981271 0.4375000000016824 0
0.09374999999981271 0.468750000001802 0
0.09374999999981271 0.5000000000019017 0
0.09374999999981271 0.5312500000017187 0
0.09374999999981271 0.5625000000015162 0
0.09374999999981271 0.5937500000013136 0
0.09374999999981271 0.6250000000011109 0
0.09374999999981271 0.6562500000009081 0
0.09374999999981271 0.6875000000007052 0
0.09374999999981271 0.7187500000005028 0
0.09374999999981271 0.7500000000003 0
0.09374999999981271 0.7812500000000967 0
0.09374999999981271 0.8124999999998941 0
0.09374999999981271 0.8437499999996912 0
0.09374999999981271 0.8749999999995092 0
0.09374999999981271 0.9062499999996164 0
0.09374999999981271 0.9374999999997444 0
0.09374999999981271 0.9687499999998722 0
0.1249999999997459 0.03125000000011827 0
0.1249999999997459 0.06250000000023592 0
0.1249999999997459 0.09375000000035483 0
0.1249999999997458 0.1250000000004736 0
0.1249999999997459 0.15625000000059 0
0.1249999999997459 0.1875000000007062 0
0.1249999999997459 0.2187500000008225 0
0.1249999999997459 0.2500000000009387 0
0.1249999999997458 0.2812500000010549 0
0.1249999999997458 0.3125000000011712 0
0.1249999999997459 0.3437500000012874 0
0.1249999999997459 0.3750000000014038 0
0.1249999999997458 0.4062500000015198 0
0.1249999999997458 0.4375000000016362 0
0.1249999999997459 0.4687500000017524 0
0.1249999999997459 0.5000000000018489 0
0.1249999999997458 0.5312500000016704 0
0.1249999999997459 0.5625000000014725 0
0.1249999999997459 0.5937500000012744 0
0.1249999999997459 0.6250000000010763 0
0.1249999999997459 0.6562500000008784 0
0.1249999999997459 0.6875000000006803 0
0.1249999999997459 0.7187500000004824 0
0.1249999999997458 0.7500000000002839 0
0.1249999999997458 0.7812500000000859 0
0.1249999999997459 0.8124999999998879 0
0.1249999999997458 0.8437499999996894 0
0.1249999999997458 0.8749999999995118 0
0.1249999999997459 0.9062499999996186 0
0.1249999999997459 0.9374999999997458 0
0.1249999999997459 0.9687499999998729 0
0.1562499999996953 0.0312500000001153 0
0.1562499999996952 0.06250000000022987 0
0.1562499999996953 0.09375000000034596 0
0.1562499999996953 0.1250000000004619 0
0.1562499999996953 0.156250000000575 0
0.1562499999996953 0.1875000000006876 0
0.1562499999996953 0.2187500000008005 0
0.1562499999996953 0.2500000000009132 0
0.1562499999996952 0.281250000001026 0
0.1562499999996953 0.3125000000011389 0
0.1562499999996953 0.3437500000012516 0
0.1562499999996953 0.3750000000013644 0
0.1562499999996953 0.4062500000014772 0
0.1562499999996952 0.43750000000159 0
0.1562499999996953 0.4687500000017027 0
0.1562499999996953 0.5000000000017965 0
0.1562499999996953 0.531250000001622 0
0.1562499999996953 0.5625000000014285 0
0.1562499999996953 0.5937500000012355 0
0.1562499999996953 0.6250000000010418 0
0.1562499999996953 0.6562500000008485 0
0.1562499999996953 0.687500000000655 0
0.1562499999996953 0.7187500000004617 0
0.1562499999996953 0.7500000000002685 0
0.1562499999996953 0.7812500000000748 0
0.1562499999996953 0.8124999999998813 0
0.1562499999996953 0.8437499999996878 0
0.1562499999996952 0.8749999999995145 0
0.1562499999996953 0.9062499999996206 0
0.1562499999996953 0.9374999999997471 0
0.1562499999996953 0.9687499999998735 0
0.1874999999996474 0.03125000000011233 0
0.1874999999996474 0.06250000000022382 0
0.1874999999996474 0.09375000000033713 0
0.1874999999996474 0.1250000000004502 0
0.1874999999996475 0.1562500000005598 0
0.1874999999996474 0.1875000000006691 0
0.1874999999996474 0.2187500000007785 0
0.1874999999996474 0.2500000000008877 0
0.1874999999996474 0.2812500000009971 0
0.1874999999996474 0.3125000000011064 0
0.1874999999996474 0.3437500000012157 0
0.1874999999996475 0.3750000000013252 0
0.1874999999996474 0.4062500000014344 0
0.1874999999996474 0.4375000000015438 0
0.1874999999996474 0.4687500000016529 0
0.1874999999996474 0.5000000000017438 0
0.1874999999996474 0.5312500000015736 0
0.1874999999996474 0.562500000001385 0
0.1874999999996474 0.5937500000011964 0
0.1874999999996474 0.6250000000010074 0
0.1874999999996475 0.6562500000008187 0
0.1874999999996474 0.6875000000006302 0
0.1874999999996474 0.7187500000004413 0
0.1874999999996474 0.7500000000002527 0
0.1874999999996474 0.7812500000000639 0
0.1874999999996474 0.812499999999875 0
0.1874999999996474 0.8437499999996861 0
0.1874999999996474 0.8749999999995172 0
0.1874999999996474 0.9062499999996231 0
0.1874999999996474 0.9374999999997486 0
0.1874999999996474 0.9687499999998744 0
0.2187499999995995 0.03125000000010938 0
0.2187499999995995 0.06250000000021777 0
0.2187499999995995 0.09375000000032827 0
0.2187499999995996 0.1250000000004385 0
0.2187499999995995 0.1562500000005448 0
0.2187499999995995 0.1875000000006506 0
0.2187499999995995 0.2187500000007565 0
0.2187499999995995 0.2500000000008623 0
0.2187499999995995 0.2812500000009682 0
0.2187499999995995 0.3125000000010741 0
0.2187499999995995 0.3437500000011798 0
0.2187499999995995 0.3750000000012859 0
0.2187499999995995 0.4062500000013917 0
0.2187499999995995 0.4375000000014976 0
0.2187499999995995 0.4687500000016034 0
0.2187499999995995 0.5000000000016912 0
0.2187499999995995 0.5312500000015252 0
0.2187499999995995 0.5625000000013413 0
0.2187499999995995 0.5937500000011573 0
0.2187499999995995 0.6250000000009729 0
0.2187499999995995 0.6562500000007889 0
0.2187499999995995 0.6875000000006047 0
0.2187499999995995 0.7187500000004211 0
0.2187499999995995 0.7500000000002368 0
0.2187499999995995 0.7812500000000528 0
0.2187499999995995 0.8124999999998685 0
0.2187499999995995 0.8437499999996845 0
0.2187499999995995 0.8749999999995197 0
0.2187499999995995 0.9062499999996252 0
0.2187499999995995 0.9374999999997501 0
0.2187499999995995 0.9687499999998753 0
0.2499999999995463 0.03125000000010641 0
0.2499999999995463 0.06250000000021172 0
0.2499999999995463 0.09375000000031944 0
0.2499999999995463 0.1250000000004269 0
0.2499999999995463 0.1562500000005297 0
0.2499999999995463 0.187500000000632 0
0.2499999999995463 0.2187500000007344 0
0.2499999999995463 0.2500000000008368 0
0.2499999999995463 0.2812500000009392 0
0.2499999999995463 0.3125000000010417 0
0.2499999999995463 0.3437500000011441 0
0.2499999999995463 0.3750000000012466 0
0.2499999999995463 0.4062500000013488 0
0.2499999999995463 0.4375000000014512 0
0.2499999999995462 0.4687500000015538 0
0.2499999999995463 0.5000000000016386 0
0.2499999999995463 0.5312500000014768 0
0.2499999999995463 0.5625000000012973 0
0.2499999999995463 0.593750000001118 0
0.2499999999995462 0.6250000000009386 0
0.2499999999995463 0.6562500000007593 0
0.2499999999995463 0.68750000000058 0
0.2499999999995463 0.7187500000004007 0
0.2499999999995463 0.7500000000002214 0
0.2499999999995462 0.7812500000000417 0
0.2499999999995463 0.8124999999998621 0
0.2499999999995463 0.8437499999996828 0
0.2499999999995463 0.8749999999995223 0
0.2499999999995463 0.9062499999996276 0
0.2499999999995463 0.9374999999997515 0
0.2499999999995463 0.9687499999998758 0
0.2812499999994604 0.03125000000010345 0
0.2812499999994604 0.06250000000020567 0
0.2812499999994603 0.09375000000031057 0
0.2812499999994604 0.1250000000004152 0
0.2812499999994604 0.1562500000005146 0
0.2812499999994604 0.1875000000006135 0
0.2812499999994604 0.2187500000007124 0
0.2812499999994604 0.2500000000008114 0
0.2812499999994604 0.2812500000009103 0
0.2812499999994604 0.3125000000010094 0
0.2812499999994604 0.3437500000011082 0
0.2812499999994604 0.3750000000012073 0
0.2812499999994604 0.4062500000013062 0
0.2812499999994604 0.437500000001405 0
0.2812499999994604 0.468750000001504 0
0.2812499999994604 0.500000000001586 0
0.2812499999994604 0.5312500000014284 0
0.2812499999994604 0.5625000000012536 0
0.2812499999994604 0.5937500000010789 0
0.2812499999994604 0.6250000000009042 0
0.2812499999994604 0.6562500000007294 0
0.2812499999994604 0.6875000000005547 0
0.2812499999994604 0.7187500000003803 0
0.2812499999994604 0.7500000000002054 0
0.2812499999994604 0.7812500000000306 0
0.2812499999994604 0.8124999999998559 0
0.2812499999994604 0.8437499999996809 0
0.2812499999994604 0.8749999999995249 0
0.2812499999994604 0.90624999999963 0
0.2812499999994604 0.9374999999997533 0
0.2812499999994604 0.9687499999998767 0
0.3124999999993692 0.03125000000010048 0
0.3124999999993692 0.06250000000019962 0
0.3124999999993692 0.09375000000030172 0
0.3124999999993692 0.1250000000004035 0
0.3124999999993692 0.1562500000004995 0
0.3124999999993692 0.1875000000005949 0
0.3124999999993692 0.2187500000006904 0
0.3124999999993692 0.2500000000007859 0
0.3124999999993691 0.2812500000008814 0
0.3124999999993693 0.312500000000977 0
0.3124999999993692 0.3437500000010723 0
0.3124999999993692 0.375000000001168 0
0.3124999999993692 0.4062500000012633 0
0.3124999999993692 0.4375000000013589 0
0.3124999999993692 0.4687500000014544 0
0.3124999999993692 0.5000000000015333 0
0.3124999999993692 0.5312500000013798 0
0.3124999999993692 0.56250000000121 0
0.3124999999993692 0.5937500000010398 0
0.3124999999993692 0.6250000000008697 0
0.3124999999993692 0.6562500000006999 0
0.3124999999993692 0.6875000000005298 0
0.3124999999993692 0.7187500000003598 0
0.3124999999993692 0.7500000000001898 0
0.3124999999993692 0.7812500000000195 0
0.3124999999993692 0.8124999999998495 0
0.3124999999993692 0.8437499999996791 0
0.3124999999993692 0.8749999999995275 0
0.3124999999993692 0.9062499999996322 0
0.3124999999993692 0.9374999999997546 0
0.3124999999993692 0.9687499999998772 0
0.343749999999278 0.03125000000009751 0
0.3437499999992781 0.06250000000019357 0
0.343749999999278 0.09375000000029288 0
0.343749999999278 0.1250000000003919 0
0.3437499999992781 0.1562500000004844 0
0.343749999999278 0.1875000000005764 0
0.3437499999992781 0.2187500000006684 0
0.3437499999992779 0.2500000000007605 0
0.343749999999278 0.2812500000008525 0
0.343749999999278 0.3125000000009446 0
0.343749999999278 0.3437500000010366 0
0.343749999999278 0.3750000000011287 0
0.343749999999278 0.4062500000012207 0
0.343749999999278 0.4375000000013127 0
0.343749999999278 0.4687500000014047 0
0.343749999999278 0.5000000000014807 0
0.343749999999278 0.5312500000013314 0
0.343749999999278 0.562500000001166 0
0.343749999999278 0.593750000001001 0
0.343749999999278 0.6250000000008356 0
0.343749999999278 0.65625000000067 0
0.343749999999278 0.6875000000005047 0
0.343749999999278 0.7187500000003394 0
0.343749999999278 0.750000000000174 0
0.343749999999278 0.7812500000000087 0
0.343749999999278 0.8124999999998432 0
0.343749999999278 0.8437499999996778 0
0.343749999999278 0.8749999999995304 0
0.343749999999278 0.9062499999996343 0
0.343749999999278 0.9374999999997561 0
0.343749999999278 0.9687499999998779 0
0.3749999999991867 0.03125000000009456 0
0.3749999999991868 0.06250000000018752 0
0.3749999999991869 0.09375000000028401 0
0.3749999999991868 0.1250000000003801 0
0.3749999999991869 0.1562500000004693 0
0.3749999999991868 0.1875000000005578 0
0.3749999999991868 0.2187500000006465 0
0.3749999999991869 0.250000000000735 0
0.3749999999991867 0.2812500000008236 0
0.3749999999991868 0.3125000000009122 0
0.3749999999991868 0.3437500000010006 0
0.3749999999991867 0.3750000000010894 0
0.3749999999991868 0.4062500000011778 0
0.3749999999991868 0.4375000000012665 0
0.3749999999991869 0.468750000001355 0
0.3749999999991868 0.5000000000014281 0
0.3749999999991868 0.5312500000012828 0
0.3749999999991868 0.5625000000011223 0
0.3749999999991867 0.5937500000009617 0
0.3749999999991867 0.6250000000008009 0
0.3749999999991868 0.6562500000006404 0
0.3749999999991868 0.6875000000004796 0
0.3749999999991868 0.7187500000003191 0
0.3749999999991868 0.7500000000001583 0
0.3749999999991869 0.7812499999999976 0
0.3749999999991868 0.8124999999998368 0
0.3749999999991868 0.8437499999996761 0
0.3749999999991868 0.8749999999995329 0
0.3749999999991868 0.9062499999996366 0
0.3749999999991868 0.9374999999997577 0
0.3749999999991868 0.9687499999998789 0
0.4062499999990957 0.0312500000000916 0
0.4062499999990956 0.06250000000018147 0
0.4062499999990956 0.0937500000002752 0
0.4062499999990956 0.1250000000003685 0
0.4062499999990956 0.1562500000004542 0
0.4062499999990957 0.1875000000005393 0
0.4062499999990955 0.2187500000006245 0
0.4062499999990956 0.2500000000007094 0
0.4062499999990956 0.2812500000007946 0
0.4062499999990956 0.3125000000008797 0
0.4062499999990956 0.3437500000009649 0
0.4062499999990956 0.37500000000105 0
0.4062499999990956 0.4062500000011351 0
0.4062499999990956 0.4375000000012203 0
0.4062499999990956 0.4687500000013053 0
0.4062499999990956 0.5000000000013755 0
0.4062499999990956 0.5312500000012343 0
0.4062499999990956 0.5625000000010786 0
0.4062499999990956 0.5937500000009226 0
0.4062499999990956 0.6250000000007665 0
0.4062499999990956 0.6562500000006106 0
0.4062499999990956 0.6875000000004545 0
0.4062499999990956 0.7187500000002985 0
0.4062499999990956 0.7500000000001428 0
0.4062499999990956 0.7812499999999865 0
0.4062499999990956 0.8124999999998304 0
0.4062499999990956 0.8437499999996744 0
0.4062499999990956 0.8749999999995356 0
0.4062499999990956 0.9062499999996388 0
0.4062499999990956 0.9374999999997591 0
0.4062499999990956 0.9687499999998798 0
0.4374999999990044 0.03125000000008863 0
0.4374999999990044 0.06250000000017542 0
0.4374999999990044 0.0937500000002663 0
0.4374999999990042 0.1250000000003568 0
0.4374999999990044 0.1562500000004391 0
0.4374999999990044 0.1875000000005208 0
0.4374999999990044 0.2187500000006024 0
0.4374999999990044 0.2500000000006841 0
0.4374999999990044 0.2812500000007657 0
0.4374999999990044 0.3125000000008474 0
0.4374999999990044 0.3437500000009291 0
0.4374999999990044 0.3750000000010107 0
0.4374999999990044 0.4062500000010923 0
0.4374999999990044 0.4375000000011741 0
0.4374999999990044 0.4687500000012557 0
0.4374999999990044 0.5000000000013228 0
0.4374999999990044 0.5312500000011859 0
0.4374999999990044 0.5625000000010346 0
0.4374999999990044 0.5937500000008835 0
0.4374999999990044 0.6250000000007321 0
0.4374999999990044 0.6562500000005809 0
0.4374999999990044 0.6875000000004294 0
0.4374999999990044 0.7187500000002781 0
0.4374999999990044 0.7500000000001268 0
0.4374999999990044 0.7812499999999756 0
0.4374999999990044 0.8124999999998239 0
0.4374999999990044 0.8437499999996727 0
0.4374999999990044 0.874999999999538 0
0.4374999999990044 0.9062499999996411 0
0.4374999999990044 0.9374999999997606 0
0.4374999999990044 0.9687499999998802 0
0.4687499999989131 0.03125000000008566 0
0.4687499999989132 0.06250000000016936 0
0.4687499999989131 0.09375000000025747 0
0.4687499999989131 0.1250000000003452 0
0.4687499999989132 0.156250000000424 0
0.4687499999989131 0.1875000000005022 0
0.4687499999989131 0.2187500000005804 0
0.4687499999989131 0.2500000000006586 0
0.4687499999989131 0.2812500000007369 0
0.4687499999989131 0.3125000000008151 0
0.468749999998913 0.3437500000008933 0
0.468749999998913 0.3750000000009714 0
0.468749999998913 0.4062500000010496 0
0.4687499999989131 0.4375000000011279 0
0.4687499999989132 0.468750000001206 0
0.4687499999989131 0.5000000000012702 0
0.4687499999989131 0.5312500000011375 0
0.4687499999989132 0.5625000000009911 0
0.4687499999989131 0.5937500000008444 0
0.4687499999989131 0.6250000000006977 0
0.4687499999989131 0.6562500000005511 0
0.4687499999989131 0.6875000000004046 0
0.4687499999989132 0.7187500000002577 0
0.4687499999989131 0.7500000000001112 0
0.4687499999989131 0.7812499999999645 0
0.4687499999989131 0.8124999999998177 0
0.4687499999989133 0.8437499999996707 0
0.4687499999989133 0.8749999999995406 0
0.468749999998913 0.9062499999996433 0
0.4687499999989131 0.9374999999997622 0
0.4687499999989131 0.9687499999998811 0
0.4999999999988219 0.0312500000000827 0
0.4999999999988219 0.06250000000016331 0
0.4999999999988219 0.09375000000024861 0
0.4999999999988219 0.1250000000003335 0
0.4999999999988219 0.156250000000409 0
0.4999999999988218 0.1875000000004836 0
0.4999999999988218 0.2187500000005584 0
0.4999999999988219 0.250000000000633 0
0.4999999999988219 0.2812500000007079 0
0.4999999999988219 0.3125000000007827 0
0.4999999999988219 0.3437500000008574 0
0.4999999999988219 0.3750000000009321 0
0.499999999998822 0.4062500000010069 0
0.4999999999988219 0.4375000000010817 0
0.4999999999988218 0.4687500000011563 0
0.4999999999988219 0.5000000000012178 0
0.4999999999988218 0.5312500000010891 0
0.499999999998822 0.5625000000009471 0
0.499999999998822 0.5937500000008054 0
0.4999999999988218 0.6250000000006632 0
0.4999999999988219 0.6562500000005214 0
0.4999999999988218 0.6875000000003793 0
0.4999999999988218 0.7187500000002373 0
0.499999999998822 0.7500000000000955 0
0.4999999999988218 0.7812499999999534 0
0.4999999999988219 0.8124999999998113 0
0.4999999999988219 0.8437499999996692 0
0.499999999998822 0.8749999999995434 0
0.4999999999988219 0.9062499999996455 0
0.4999999999988218 0.9374999999997635 0
0.4999999999988218 0.968749999999882 0
0.5312499999987307 0.03125000000007973 0
0.5312499999987307 0.06250000000015726 0
0.5312499999987307 0.09375000000023977 0
0.5312499999987307 0.1250000000003218 0
0.5312499999987307 0.1562500000003939 0
0.5312499999987307 0.1875000000004651 0
0.5312499999987307 0.2187500000005365 0
0.5312499999987307 0.2500000000006076 0
0.5312499999987307 0.2812500000006789 0
0.5312499999987307 0.3125000000007503 0
0.5312499999987307 0.3437500000008216 0
0.5312499999987307 0.3750000000008928 0
0.5312499999987307 0.4062500000009641 0
0.5312499999987307 0.4375000000010353 0
0.5312499999987307 0.4687500000011068 0
0.5312499999987307 0.500000000001165 0
0.5312499999987307 0.5312500000010407 0
0.5312499999987307 0.5625000000009035 0
0.5312499999987307 0.5937500000007661 0
0.5312499999987307 0.6250000000006288 0
0.5312499999987307 0.6562500000004916 0
0.5312499999987307 0.6875000000003542 0
0.5312499999987307 0.7187500000002169 0
0.5312499999987307 0.7500000000000798 0
0.5312499999987307 0.7812499999999423 0
0.5312499999987307 0.8124999999998048 0
0.5312499999987307 0.8437499999996676 0
0.5312499999987307 0.874999999999546 0
0.5312499999987307 0.9062499999996477 0
0.5312499999987307 0.9374999999997649 0
0.5312499999987307 0.9687499999998824 0
0.5624999999986394 0.03125000000007677 0
0.5624999999986395 0.06250000000015124 0
0.5624999999986394 0.09375000000023091 0
0.5624999999986394 0.1250000000003101 0
0.5624999999986394 0.1562500000003788 0
0.5624999999986394 0.1875000000004465 0
0.5624999999986392 0.2187500000005144 0
0.5624999999986394 0.2500000000005822 0
0.5624999999986394 0.28125000000065 0
0.5624999999986394 0.312500000000718 0
0.5624999999986394 0.3437500000007857 0
0.5624999999986394 0.3750000000008537 0
0.5624999999986394 0.4062500000009213 0
0.5624999999986393 0.4375000000009892 0
0.5624999999986394 0.4687500000010569 0
0.5624999999986394 0.5000000000011126 0
0.5624999999986394 0.5312500000009923 0
0.5624999999986394 0.5625000000008596 0
0.5624999999986394 0.5937500000007272 0
0.5624999999986394 0.6250000000005944 0
0.5624999999986394 0.6562500000004619 0
0.5624999999986394 0.6875000000003291 0
0.5624999999986394 0.7187500000001963 0
0.5624999999986394 0.7500000000000642 0
0.5624999999986394 0.7812499999999312 0
0.5624999999986394 0.8124999999997986 0
0.5624999999986394 0.8437499999996658 0
0.5624999999986394 0.8749999999995487 0
0.5624999999986394 0.9062499999996498 0
0.5624999999986394 0.9374999999997666 0
0.5624999999986394 0.9687499999998832 0
0.5937499999985483 0.03125000000007381 0
0.5937499999985481 0.06250000000014516 0
0.5937499999985483 0.09375000000022206 0
0.5937499999985483 0.1250000000002984 0
0.5937499999985483 0.1562500000003637 0
0.5937499999985483 0.187500000000428 0
0.5937499999985483 0.2187500000004924 0
0.5937499999985483 0.2500000000005567 0
0.5937499999985483 0.2812500000006212 0
0.5937499999985485 0.3125000000006856 0
0.5937499999985483 0.3437500000007498 0
0.5937499999985483 0.3750000000008142 0
0.5937499999985483 0.4062500000008786 0
0.5937499999985483 0.437500000000943 0
0.5937499999985483 0.4687500000010072 0
0.5937499999985483 0.5000000000010597 0
0.5937499999985483 0.5312500000009439 0
0.5937499999985483 0.5625000000008159 0
0.5937499999985483 0.5937500000006879 0
0.5937499999985483 0.62500000000056 0
0.5937499999985483 0.6562500000004321 0
0.5937499999985483 0.6875000000003042 0
0.5937499999985483 0.7187500000001762 0
0.5937499999985483 0.7500000000000482 0
0.5937499999985483 0.7812499999999201 0
0.5937499999985483 0.8124999999997922 0
0.5937499999985483 0.8437499999996643 0
0.5937499999985483 0.8749999999995515 0
0.5937499999985483 0.9062499999996523 0
0.5937499999985483 0.937499999999768 0
0.5937499999985483 0.9687499999998842 0
0.624999999998457 0.03125000000007084 0
0.624999999998457 0.06250000000013911 0
0.624999999998457 0.09375000000021318 0
0.624999999998457 0.1250000000002868 0
0.624999999998457 0.1562500000003486 0
0.6249999999984568 0.1875000000004095 0
0.624999999998457 0.2187500000004704 0
0.624999999998457 0.2500000000005312 0
0.624999999998457 0.2812500000005922 0
0.6249999999984568 0.3125000000006531 0
0.624999999998457 0.343750000000714 0
0.624999999998457 0.3750000000007749 0
0.624999999998457 0.4062500000008359 0
0.624999999998457 0.4375000000008967 0
0.624999999998457 0.4687500000009577 0
0.624999999998457 0.5000000000010073 0
0.624999999998457 0.5312500000008953 0
0.624999999998457 0.5625000000007722 0
0.624999999998457 0.5937500000006488 0
0.624999999998457 0.6250000000005256 0
0.624999999998457 0.6562500000004023 0
0.624999999998457 0.6875000000002789 0
0.624999999998457 0.7187500000001558 0
0.624999999998457 0.7500000000000326 0
0.624999999998457 0.7812499999999092 0
0.624999999998457 0.8124999999997857 0
0.624999999998457 0.8437499999996625 0
0.624999999998457 0.8749999999995541 0
0.624999999998457 0.9062499999996543 0
0.624999999998457 0.9374999999997695 0
0.624999999998457 0.9687499999998846 0
0.6562499999983656 0.03125000000006789 0
0.656249999998366 0.06250000000013306 0
0.6562499999983656 0.09375000000020434 0
0.6562499999983659 0.1250000000002751 0
0.6562499999983658 0.1562500000003335 0
0.6562499999983659 0.1875000000003909 0
0.6562499999983659 0.2187500000004484 0
0.6562499999983661 0.2500000000005058 0
0.6562499999983659 0.2812500000005633 0
0.6562499999983656 0.3125000000006208 0
0.6562499999983659 0.3437500000006782 0
0.6562499999983659 0.3750000000007357 0
0.6562499999983659 0.4062500000007931 0
0.6562499999983659 0.4375000000008505 0
0.656249999998366 0.4687500000009079 0
0.6562499999983659 0.5000000000009545 0
0.6562499999983659 0.5312500000008469 0
0.6562499999983659 0.5625000000007282 0
0.6562499999983659 0.5937500000006097 0
0.6562499999983659 0.6250000000004912 0
0.6562499999983659 0.6562500000003726 0
0.6562499999983659 0.687500000000254 0
0.6562499999983659 0.7187500000001354 0
0.6562499999983659 0.7500000000000169 0
0.656249999998366 0.7812499999998981 0
0.6562499999983659 0.8124999999997795 0
0.6562499999983659 0.8437499999996605 0
0.6562499999983659 0.8749999999995567 0
0.6562499999983659 0.9062499999996565 0
0.6562499999983659 0.9374999999997711 0
0.6562499999983659 0.9687499999998854 0
0.6874999999982744 0.03125000000006493 0
0.6874999999982744 0.06250000000012701 0
0.6874999999982746 0.0937500000001955 0
0.6874999999982746 0.1250000000002635 0
0.6874999999982746 0.1562500000003184 0
0.6874999999982746 0.1875000000003724 0
0.6874999999982745 0.2187500000004264 0
0.6874999999982744 0.2500000000004803 0
0.6874999999982746 0.2812500000005344 0
0.6874999999982746 0.3125000000005884 0
0.6874999999982744 0.3437500000006424 0
0.6874999999982746 0.3750000000006963 0
0.6874999999982746 0.4062500000007504 0
0.6874999999982745 0.4375000000008045 0
0.6874999999982747 0.4687500000008583 0
0.6874999999982746 0.5000000000009022 0
0.6874999999982746 0.5312500000007985 0
0.6874999999982746 0.5625000000006847 0
0.6874999999982746 0.5937500000005707 0
0.6874999999982746 0.6250000000004567 0
0.6874999999982746 0.6562500000003428 0
0.6874999999982746 0.6875000000002287 0
0.6874999999982746 0.718750000000115 0
0.6874999999982746 0.7500000000000011 0
0.6874999999982746 0.781249999999887 0
0.6874999999982746 0.8124999999997731 0
0.6874999999982745 0.8437499999996589 0
0.6874999999982746 0.8749999999995595 0
0.6874999999982746 0.9062499999996589 0
0.6874999999982746 0.9374999999997725 0
0.6874999999982746 0.9687499999998865 0
0.7187499999981833 0.03125000000006195 0
0.7187499999981832 0.06250000000012099 0
0.7187499999981833 0.09375000000018663 0
0.7187499999981831 0.1250000000002518 0
0.7187499999981833 0.1562500000003033 0
0.7187499999981833 0.1875000000003538 0
0.7187499999981831 0.2187500000004044 0
0.7187499999981836 0.250000000000455 0
0.7187499999981835 0.2812500000005055 0
0.7187499999981833 0.312500000000556 0
0.7187499999981833 0.3437500000006065 0
0.7187499999981831 0.3750000000006571 0
0.7187499999981833 0.4062500000007077 0
0.7187499999981833 0.4375000000007582 0
0.7187499999981832 0.4687500000008087 0
0.7187499999981831 0.5000000000008491 0
0.7187499999981831 0.5312500000007501 0
0.7187499999981836 0.5625000000006406 0
0.7187499999981831 0.5937500000005316 0
0.7187499999981833 0.6250000000004223 0
0.7187499999981833 0.6562500000003131 0
0.7187499999981833 0.6875000000002038 0
0.7187499999981832 0.7187500000000947 0
0.7187499999981833 0.7499999999999853 0
0.7187499999981833 0.7812499999998761 0
0.7187499999981832 0.8124999999997666 0
0.7187499999981833 0.8437499999996574 0
0.7187499999981833 0.8749999999995619 0
0.7187499999981832 0.9062499999996609 0
0.7187499999981833 0.9374999999997742 0
0.7187499999981835 0.9687499999998868 0
0.7499999999980924 0.03125000000005899 0
0.7499999999980922 0.06250000000011491 0
0.7499999999980922 0.09375000000017782 0
0.7499999999980922 0.1250000000002401 0
0.749999999998092 0.1562500000002882 0
0.7499999999980922 0.1875000000003353 0
0.7499999999980922 0.2187500000003824 0
0.7499999999980924 0.2500000000004294 0
0.7499999999980922 0.2812500000004765 0
0.7499999999980922 0.3125000000005236 0
0.7499999999980922 0.3437500000005708 0
0.7499999999980922 0.3750000000006178 0
0.7499999999980922 0.4062500000006649 0
0.7499999999980922 0.437500000000712 0
0.7499999999980922 0.4687500000007591 0
0.7499999999980922 0.5000000000007968 0
0.7499999999980922 0.5312500000007014 0
0.7499999999980922 0.562500000000597 0
0.7499999999980922 0.5937500000004925 0
0.7499999999980922 0.6250000000003879 0
0.7499999999980922 0.6562500000002833 0
0.7499999999980922 0.6875000000001787 0
0.7499999999980922 0.7187500000000743 0
0.7499999999980922 0.7499999999999696 0
0.7499999999980922 0.781249999999865 0
0.7499999999980922 0.8124999999997604 0
0.7499999999980922 0.8437499999996557 0
0.7499999999980922 0.8749999999995647 0
0.7499999999980922 0.9062499999996633 0
0.7499999999980922 0.9374999999997755 0
0.7499999999980922 0.9687499999998879 0
0.7812499999980009 0.03125000000005603 0
0.7812499999980009 0.06250000000010886 0
0.7812499999980009 0.09375000000016893 0
0.7812499999980009 0.1250000000002284 0
0.781249999998001 0.1562500000002731 0
0.7812499999980009 0.1875000000003167 0
0.7812499999980009 0.2187500000003603 0
0.7812499999980009 0.2500000000004039 0
0.7812499999980009 0.2812500000004475 0
0.7812499999980009 0.3125000000004913 0
0.7812499999980009 0.3437500000005348 0
0.7812499999980009 0.3750000000005785 0
0.7812499999980009 0.4062500000006222 0
0.7812499999980009 0.4375000000006659 0
0.7812499999980009 0.4687500000007093 0
0.7812499999980009 0.500000000000744 0
0.7812499999980009 0.531250000000653 0
0.7812499999980009 0.5625000000005532 0
0.7812499999980009 0.5937500000004534 0
0.7812499999980009 0.6250000000003535 0
0.7812499999980009 0.6562500000002536 0
0.7812499999980009 0.6875000000001537 0
0.7812499999980009 0.7187500000000538 0
0.7812499999980009 0.749999999999954 0
0.7812499999980009 0.7812499999998539 0
0.7812499999980009 0.812499999999754 0
0.7812499999980009 0.8437499999996541 0
0.7812499999980009 0.8749999999995673 0
0.7812499999980009 0.9062499999996656 0
0.7812499999980009 0.9374999999997771 0
0.7812499999980009 0.9687499999998888 0
0.8124999999979098 0.03125000000005308 0
0.8124999999979099 0.06250000000010283 0
0.8124999999979098 0.09375000000016009 0
0.8124999999979096 0.1250000000002167 0
0.8124999999979097 0.156250000000258 0
0.8124999999979098 0.1875000000002982 0
0.8124999999979098 0.2187500000003383 0
0.8124999999979098 0.2500000000003786 0
0.8124999999979098 0.2812500000004187 0
0.8124999999979099 0.312500000000459 0
0.8124999999979099 0.343750000000499 0
0.8124999999979096 0.3750000000005392 0
0.81249999999791 0.4062500000005794 0
0.8124999999979097 0.4375000000006196 0
0.8124999999979097 0.4687500000006598 0
0.8124999999979098 0.5000000000006916 0
0.8124999999979098 0.5312500000006046 0
0.8124999999979098 0.5625000000005095 0
0.8124999999979098 0.5937500000004143 0
0.8124999999979096 0.6250000000003191 0
0.8124999999979098 0.6562500000002238 0
0.8124999999979096 0.6875000000001286 0
0.8124999999979096 0.7187500000000334 0
0.8124999999979097 0.7499999999999383 0
0.8124999999979098 0.7812499999998428 0
0.8124999999979098 0.8124999999997475 0
0.8124999999979098 0.8437499999996522 0
0.8124999999979098 0.8749999999995699 0
0.8124999999979098 0.9062499999996676 0
0.8124999999979098 0.9374999999997786 0
0.8124999999979098 0.9687499999998892 0
0.8437499999978185 0.03125000000005011 0
0.8437499999978185 0.06250000000009676 0
0.8437499999978187 0.09375000000015124 0
0.8437499999978187 0.1250000000002051 0
0.8437499999978187 0.1562500000002429 0
0.8437499999978183 0.1875000000002796 0
0.8437499999978184 0.2187500000003164 0
0.8437499999978185 0.2500000000003531 0
0.8437499999978186 0.2812500000003898 0
0.8437499999978187 0.3125000000004265 0
0.8437499999978183 0.3437500000004632 0
0.8437499999978184 0.3750000000004999 0
0.8437499999978185 0.4062500000005366 0
0.8437499999978184 0.4375000000005733 0
0.8437499999978186 0.4687500000006101 0
0.8437499999978185 0.5000000000006387 0
0.8437499999978185 0.5312500000005562 0
0.8437499999978183 0.5625000000004657 0
0.8437499999978186 0.5937500000003753 0
0.8437499999978187 0.6250000000002844 0
0.8437499999978184 0.6562500000001941 0
0.8437499999978185 0.6875000000001035 0
0.8437499999978184 0.7187500000000131 0
0.8437499999978183 0.7499999999999225 0
0.8437499999978184 0.7812499999998317 0
0.8437499999978185 0.8124999999997411 0
0.8437499999978185 0.8437499999996505 0
0.8437499999978185 0.8749999999995723 0
0.8437499999978185 0.90624999999967 0
0.8437499999978185 0.9374999999997801 0
0.8437499999978185 0.96874999999989 0
0.8749999999977274 0.03125000000004714 0
0.8749999999977274 0.06250000000009073 0
0.8749999999977273 0.09375000000014239 0
0.8749999999977273 0.1250000000001934 0
0.8749999999977273 0.1562500000002279 0
0.8749999999977275 0.1875000000002611 0
0.874999999997727 0.2187500000002944 0
0.8749999999977273 0.2500000000003275 0
0.8749999999977274 0.2812500000003609 0
0.874999999997727 0.3125000000003941 0
0.8749999999977273 0.3437500000004273 0
0.8749999999977274 0.3750000000004607 0
0.874999999997727 0.4062500000004939 0
0.8749999999977274 0.4375000000005271 0
0.8749999999977273 0.4687500000005604 0
0.8749999999977273 0.5000000000005863 0
0.874999999997727 0.5312500000005078 0
0.8749999999977273 0.5625000000004219 0
0.8749999999977275 0.5937500000003362 0
0.874999999997727 0.6250000000002502 0
0.8749999999977274 0.6562500000001645 0
0.8749999999977274 0.6875000000000784 0
0.8749999999977272 0.7187499999999925 0
0.8749999999977274 0.7499999999999067 0
0.8749999999977274 0.7812499999998208 0
0.8749999999977274 0.8124999999997349 0
0.8749999999977272 0.8437499999996491 0
0.8749999999977273 0.8749999999995752 0
0.8749999999977273 0.9062499999996724 0
0.8749999999977273 0.9374999999997814 0
0.8749999999977273 0.9687499999998908 0
0.9062499999976359 0.03125000000004417 0
0.9062499999976361 0.06250000000008468 0
0.9062499999976363 0.09375000000013352 0
0.9062499999976361 0.1250000000001817 0
0.9062499999976361 0.1562500000002128 0
0.9062499999976361 0.1875000000002425 0
0.9062499999976361 0.2187500000002723 0
0.9062499999976361 0.2500000000003021 0
0.9062499999976361 0.281250000000332 0
0.9062499999976359 0.3125000000003617 0
0.9062499999976361 0.3437500000003916 0
0.9062499999976361 0.3750000000004213 0
0.9062499999976361 0.4062500000004511 0
0.9062499999976361 0.4375000000004809 0
0.9062499999976361 0.4687500000005107 0
0.9062499999976361 0.5000000000005335 0
0.9062499999976361 0.5312500000004594 0
0.9062499999976361 0.5625000000003783 0
0.9062499999976361 0.5937500000002971 0
0.9062499999976361 0.6250000000002158 0
0.9062499999976361 0.6562500000001346 0
0.9062499999976361 0.6875000000000533 0
0.9062499999976361 0.7187499999999721 0
0.9062499999976361 0.749999999999891 0
0.9062499999976361 0.7812499999998097 0
0.9062499999976361 0.8124999999997284 0
0.9062499999976361 0.8437499999996473 0
0.9062499999976361 0.8749999999995778 0
0.9062499999976361 0.9062499999996744 0
0.9062499999976361 0.9374999999997831 0
0.9062499999976361 0.9687499999998913 0
0.9374999999975449 0.03125000000004122 0
0.9374999999975449 0.06250000000007863 0
0.9374999999975446 0.09375000000012469 0
0.9374999999975449 0.1250000000001701 0
0.9374999999975449 0.1562500000001977 0
0.9374999999975449 0.187500000000224 0
0.9374999999975451 0.2187500000002503 0
0.9374999999975449 0.2500000000002767 0
0.9374999999975449 0.281250000000303 0
0.9374999999975449 0.3125000000003294 0
0.9374999999975451 0.3437500000003557 0
0.9374999999975449 0.3750000000003821 0
0.9374999999975449 0.4062500000004083 0
0.9374999999975447 0.4375000000004347 0
0.9374999999975449 0.468750000000461 0
0.9374999999975449 0.5000000000004811 0
0.9374999999975449 0.531250000000411 0
0.9374999999975449 0.5625000000003343 0
0.9374999999975449 0.593750000000258 0
0.9374999999975449 0.6250000000001814 0
0.9374999999975449 0.6562500000001048 0
0.9374999999975449 0.6875000000000284 0
0.9374999999975449 0.7187499999999517 0
0.9374999999975449 0.7499999999998754 0
0.9374999999975449 0.7812499999997986 0
0.9374999999975449 0.8124999999997222 0
0.9374999999975449 0.8437499999996455 0
0.9374999999975449 0.8749999999995804 0
0.9374999999975449 0.9062499999996766 0
0.9374999999975449 0.9374999999997844 0
0.9374999999975449 0.9687499999998922 0
0.9687499999974539 0.03125000000003825 0
0.9687499999974538 0.06250000000007258 0
0.9687499999974537 0.09375000000011582 0
0.9687499999974537 0.1250000000001584 0
0.9687499999974536 0.1562500000001826 0
0.9687499999974539 0.1875000000002054 0
0.9687499999974537 0.2187500000002283 0
0.9687499999974535 0.2500000000002511 0
0.9687499999974536 0.2812500000002741 0
0.9687499999974536 0.312500000000297 0
0.9687499999974539 0.3437500000003199 0
0.9687499999974537 0.3750000000003428 0
0.9687499999974536 0.4062500000003656 0
0.9687499999974537 0.4375000000003885 0
0.9687499999974539 0.4687500000004114 0
0.9687499999974537 0.5000000000004284 0
0.9687499999974536 0.5312500000003626 0
0.9687499999974538 0.5625000000002907 0
0.9687499999974536 0.5937500000002189 0
0.9687499999974537 0.625000000000147 0
0.9687499999974537 0.6562500000000751 0
0.9687499999974538 0.6875000000000031 0
0.9687499999974536 0.7187499999999312 0
0.9687499999974539 0.7499999999998597 0
0.9687499999974535 0.7812499999997877 0
0.9687499999974535 0.8124999999997158 0
0.9687499999974537 0.8437499999996436 0
0.9687499999974536 0.8749999999995833 0
0.9687499999974537 0.9062499999996789 0
0.9687499999974537 0.9374999999997859 0
0.9687499999974537 0.968749999999893 0
0.9999999999973842 0.03125000000003528 0
0.9999999999973842 0.06250000000006653 0
0.9999999999973844 0.093750000000107 0
0.999999999997384 0.1250000000001467 0
0.9999999999973842 0.1562500000001675 0
0.9999999999973842 0.1875000000001869 0
0.9999999999973842 0.2187500000002064 0
0.9999999999973842 0.2500000000002257 0
0.9999999999973841 0.2812500000002451 0
0.999999999997384 0.3125000000002646 0
0.9999999999973842 0.343750000000284 0
0.9999999999973843 0.3750000000003034 0
0.9999999999973841 0.4062500000003229 0
0.9999999999973841 0.4375000000003424 0
0.9999999999973843 0.4687500000003618 0
0.9999999999973842 0.5000000000003758 0
0.999999999997384 0.531250000000314 0
0.9999999999973842 0.5625000000002468 0
0.9999999999973843 0.5937500000001796 0
0.9999999999973843 0.6250000000001124 0
0.9999999999973842 0.6562500000000453 0
0.9999999999973842 0.6874999999999782 0
0.9999999999973843 0.7187499999999108 0
0.999999999997384 0.7499999999998439 0
0.999999999997384 0.7812499999997766 0
0.9999999999973844 0.8124999999997093 0
0.9999999999973841 0.8437499999996421 0
0.999999999997384 0.8749999999995857 0
0.9999999999973844 0.9062499999996811 0
0.9999999999973842 0.9374999999997875 0
0.9999999999973842 0.9687499999998936 0
1.031249999997445 0.03125000000003231 0
1.031249999997445 0.06250000000006048 0
1.031249999997445 0.09375000000009813 0
1.031249999997445 0.125000000000135 0
1.031249999997445 0.1562500000001524 0
1.031249999997445 0.1875000000001684 0
1.031249999997445 0.2187500000001843 0
1.031249999997445 0.2500000000002003 0
1.031249999997445 0.2812500000002163 0
1.031249999997445 0.3125000000002323 0
1.031249999997445 0.3437500000002481 0
1.031249999997445 0.3750000000002642 0
1.031249999997445 0.4062500000002801 0
1.031249999997445 0.4375000000002962 0
1.031249999997445 0.468750000000312 0
1.031249999997445 0.5000000000003232 0
1.031249999997445 0.5312500000002656 0
1.031249999997445 0.5625000000002031 0
1.031249999997445 0.5937500000001406 0
1.031249999997445 0.6250000000000779 0
1.031249999997445 0.6562500000000155 0
1.031249999997445 0.6874999999999529 0
1.031249999997445 0.7187499999998904 0
1.031249999997445 0.7499999999998281 0
1.031249999997445 0.7812499999997655 0
1.031249999997445 0.8124999999997029 0
1.031249999997445 0.8437499999996406 0
1.031249999997445 0.8749999999995882 0
1.031249999997445 0.9062499999996833 0
1.031249999997445 0.9374999999997888 0
1.031249999997445 0.9687499999998944 0
1.062499999997527 0.03125000000002936 0
1.062499999997527 0.06250000000005443 0
1.062499999997527 0.09375000000008928 0
1.062499999997527 0.1250000000001233 0
1.062499999997527 0.1562500000001373 0
1.062499999997527 0.1875000000001498 0
1.062499999997527 0.2187500000001623 0
1.062499999997527 0.2500000000001747 0
1.062499999997527 0.2812500000001873 0
1.062499999997527 0.3125000000001998 0
1.062499999997527 0.3437500000002124 0
1.062499999997527 0.3750000000002249 0
1.062499999997527 0.4062500000002374 0
1.062499999997527 0.43750000000025 0
1.062499999997527 0.4687500000002623 0
1.062499999997527 0.5000000000002706 0
1.062499999997527 0.5312500000002169 0
1.062499999997527 0.5625000000001593 0
1.062499999997527 0.5937500000001015 0
1.062499999997527 0.6250000000000437 0
1.062499999997527 0.656249999999986 0
1.062499999997527 0.6874999999999281 0
1.062499999997527 0.71874999999987 0
1.062499999997527 0.7499999999998124 0
1.062499999997527 0.7812499999997544 0
1.062499999997527 0.8124999999996967 0
1.062499999997527 0.8437499999996388 0
1.062499999997527 0.8749999999995909 0
1.062499999997527 0.9062499999996857 0
1.062499999997527 0.9374999999997904 0
1.062499999997527 0.9687499999998952 0
1.09374999999761 0.0312500000000264 0
1.09374999999761 0.06250000000004838 0
1.09374999999761 0.09375000000008042 0
1.09374999999761 0.1250000000001117 0
1.09374999999761 0.1562500000001222 0
1.09374999999761 0.1875000000001312 0
1.09374999999761 0.2187500000001403 0
1.09374999999761 0.2500000000001493 0
1.09374999999761 0.2812500000001584 0
1.09374999999761 0.3125000000001675 0
1.09374999999761 0.3437500000001765 0
1.09374999999761 0.3750000000001856 0
1.09374999999761 0.4062500000001946 0
1.09374999999761 0.4375000000002037 0
1.09374999999761 0.4687500000002128 0
1.09374999999761 0.5000000000002179 0
1.09374999999761 0.5312500000001685 0
1.09374999999761 0.5625000000001154 0
1.09374999999761 0.5937500000000624 0
1.09374999999761 0.6250000000000091 0
1.09374999999761 0.656249999999956 0
1.09374999999761 0.687499999999903 0
1.09374999999761 0.7187499999998498 0
1.09374999999761 0.7499999999997966 0
1.09374999999761 0.7812499999997433 0
1.09374999999761 0.8124999999996902 0
1.09374999999761 0.8437499999996371 0
1.09374999999761 0.8749999999995935 0
1.09374999999761 0.9062499999996879 0
1.09374999999761 0.9374999999997919 0
1.09374999999761 0.9687499999998962 0
1.124999999997692 0.03125000000002343 0
1.124999999997692 0.06250000000004233 0
1.124999999997692 0.09375000000007157 0
1.124999999997692 0.1250000000001 0
1.124999999997692 0.1562500000001071 0
1.124999999997692 0.1875000000001127 0
1.124999999997692 0.2187500000001183 0
1.124999999997692 0.2500000000001239 0
1.124999999997692 0.2812500000001296 0
1.124999999997692 0.3125000000001351 0
1.124999999997692 0.3437500000001407 0
1.124999999997692 0.3750000000001463 0
1.124999999997692 0.4062500000001519 0
1.124999999997692 0.4375000000001575 0
1.124999999997692 0.468750000000163 0
1.124999999997692 0.5000000000001653 0
1.124999999997692 0.5312500000001201 0
1.124999999997692 0.5625000000000718 0
1.124999999997692 0.5937500000000233 0
1.124999999997692 0.6249999999999749 0
1.124999999997692 0.6562499999999263 0
1.124999999997692 0.6874999999998779 0
1.124999999997692 0.7187499999998294 0
1.124999999997692 0.7499999999997808 0
1.124999999997692 0.7812499999997324 0
1.124999999997692 0.8124999999996838 0
1.124999999997692 0.8437499999996353 0
1.124999999997692 0.8749999999995962 0
1.124999999997692 0.9062499999996902 0
1.124999999997692 0.9374999999997933 0
1.124999999997692 0.9687499999998965 0
1.156249999997774 0.03125000000002046 0
1.156249999997775 0.06250000000003628 0
1.156249999997775 0.09375000000006271 0
1.156249999997775 0.1250000000000883 0
1.156249999997775 0.156250000000092 0
1.156249999997775 0.1875000000000941 0
1.156249999997775 0.2187500000000964 0
1.156249999997775 0.2500000000000984 0
1.156249999997775 0.2812500000001006 0
1.156249999997775 0.3125000000001027 0
1.156249999997775 0.3437500000001048 0
1.156249999997775 0.375000000000107 0
1.156249999997775 0.4062500000001091 0
1.156249999997775 0.4375000000001112 0
1.156249999997775 0.4687500000001134 0
1.156249999997775 0.5000000000001127 0
1.156249999997775 0.5312500000000717 0
1.156249999997775 0.5625000000000279 0
1.156249999997775 0.5937499999999842 0
1.156249999997775 0.6249999999999403 0
1.156249999997775 0.6562499999998965 0
1.156249999997775 0.6874999999998528 0
1.156249999997775 0.7187499999998089 0
1.156249999997775 0.7499999999997653 0
1.156249999997775 0.7812499999997213 0
1.156249999997775 0.8124999999996774 0
1.156249999997775 0.8437499999996335 0
1.156249999997775 0.8749999999995989 0
1.156249999997775 0.9062499999996924 0
1.156249999997775 0.9374999999997948 0
1.156249999997775 0.9687499999998975 0
1.187499999997857 0.03125000000001749 0
1.187499999997857 0.06250000000003023 0
1.187499999997857 0.09375000000005386 0
1.187499999997857 0.1250000000000767 0
1.187499999997857 0.1562500000000769 0
1.187499999997857 0.1875000000000756 0
1.187499999997857 0.2187500000000744 0
1.187499999997857 0.2500000000000729 0
1.187499999997857 0.2812500000000716 0
1.187499999997857 0.3125000000000704 0
1.187499999997857 0.3437500000000691 0
1.187499999997857 0.3750000000000677 0
1.187499999997857 0.4062500000000664 0
1.187499999997857 0.437500000000065 0
1.187499999997857 0.4687500000000638 0
1.187499999997857 0.5000000000000601 0
1.187499999997857 0.5312500000000233 0
1.187499999997857 0.5624999999999843 0
1.187499999997857 0.5937499999999452 0
1.187499999997857 0.6249999999999059 0
1.187499999997857 0.656249999999867 0
1.187499999997857 0.6874999999998277 0
1.187499999997857 0.7187499999997887 0
1.187499999997857 0.7499999999997495 0
1.187499999997857 0.7812499999997102 0
1.187499999997857 0.8124999999996712 0
1.187499999997857 0.8437499999996321 0
1.187499999997857 0.8749999999996015 0
1.187499999997857 0.9062499999996948 0
1.187499999997857 0.9374999999997964 0
1.187499999997857 0.9687499999998985 0
1.218749999997939 0.03125000000001455 0
1.21874999999794 0.06250000000002418 0
1.21874999999794 0.09375000000004503 0
1.218749999997939 0.125000000000065 0
1.218749999997939 0.1562500000000619 0
1.218749999997939 0.1875000000000571 0
1.218749999997939 0.2187500000000523 0
1.218749999997939 0.2500000000000475 0
1.218749999997939 0.2812500000000427 0
1.218749999997939 0.312500000000038 0
1.218749999997939 0.3437500000000332 0
1.218749999997939 0.3750000000000284 0
1.218749999997939 0.4062500000000236 0
1.218749999997939 0.4375000000000188 0
1.218749999997939 0.468750000000014 0
1.218749999997939 0.5000000000000077 0
1.218749999997939 0.5312499999999749 0
1.218749999997939 0.5624999999999404 0
1.218749999997939 0.5937499999999061 0
1.218749999997939 0.6249999999998714 0
1.218749999997939 0.6562499999998372 0
1.218749999997939 0.6874999999998026 0
1.218749999997939 0.7187499999997683 0
1.218749999997939 0.7499999999997338 0
1.218749999997939 0.7812499999996994 0
1.218749999997939 0.8124999999996647 0
1.218749999997939 0.8437499999996304 0
1.218749999997939 0.8749999999996043 0
1.218749999997939 0.9062499999996971 0
1.218749999997939 0.9374999999997979 0
1.218749999997939 0.9687499999998989 0
1.249999999998022 0.03125000000001158 0
1.249999999998022 0.06250000000001812 0
1.249999999998022 0.09375000000003615 0
1.249999999998021 0.1250000000000533 0
1.249999999998022 0.1562500000000468 0
1.249999999998022 0.1875000000000385 0
1.249999999998022 0.2187500000000303 0
1.249999999998022 0.250000000000022 0
1.249999999998022 0.2812500000000139 0
1.249999999998022 0.3125000000000056 0
1.249999999998021 0.3437499999999973 0
1.249999999998022 0.3749999999999891 0
1.249999999998022 0.4062499999999809 0
1.249999999998022 0.4374999999999726 0
1.249999999998022 0.4687499999999644 0
1.249999999998022 0.4999999999999548 0
1.249999999998022 0.5312499999999265 0
1.249999999998022 0.5624999999998966 0
1.249999999998022 0.5937499999998668 0
1.249999999998022 0.6249999999998372 0
1.249999999998022 0.6562499999998075 0
1.249999999998022 0.6874999999997775 0
1.249999999998022 0.7187499999997479 0
1.249999999998022 0.749999999999718 0
1.249999999998022 0.7812499999996882 0
1.249999999998022 0.8124999999996585 0
1.249999999998022 0.8437499999996285 0
1.249999999998022 0.8749999999996069 0
1.249999999998022 0.9062499999996992 0
1.249999999998022 0.9374999999997995 0
1.249999999998022 0.9687499999998999 0
1.281249999998104 0.03125000000000861 0
1.281249999998104 0.06250000000001207 0
1.281249999998105 0.09375000000002733 0
1.281249999998104 0.1250000000000416 0
1.281249999998104 0.1562500000000317 0
1.281249999998104 0.18750000000002 0
1.281249999998104 0.2187500000000083 0
1.281249999998104 0.2499999999999966 0
1.281249999998104 0.2812499999999849 0
1.281249999998104 0.3124999999999732 0
1.281249999998104 0.3437499999999615 0
1.281249999998104 0.3749999999999498 0
1.281249999998104 0.4062499999999382 0
1.281249999998104 0.4374999999999265 0
1.281249999998104 0.4687499999999148 0
1.281249999998104 0.4999999999999022 0
1.281249999998104 0.5312499999998779 0
1.281249999998104 0.5624999999998529 0
1.281249999998104 0.5937499999998277 0
1.281249999998104 0.6249999999998026 0
1.281249999998104 0.6562499999997777 0
1.281249999998104 0.6874999999997524 0
1.281249999998104 0.7187499999997274 0
1.281249999998104 0.7499999999997022 0
1.281249999998104 0.7812499999996771 0
1.281249999998104 0.8124999999996521 0
1.281249999998104 0.843749999999627 0
1.281249999998104 0.8749999999996095 0
1.281249999998104 0.9062499999997015 0
1.281249999998104 0.9374999999998008 0
1.281249999998104 0.9687499999999003 0
1.312499999998187 0.03125000000000564 0
1.312499999998187 0.06250000000000602 0
1.312499999998187 0.09375000000001844 0
1.312499999998186 0.12500000000003 0
1.312499999998187 0.1562500000000166 0
1.312499999998187 0.1875000000000014 0
1.312499999998187 0.2187499999999863 0
1.312499999998187 0.2499999999999711 0
1.312499999998187 0.2812499999999559 0
1.312499999998187 0.3124999999999408 0
1.312499999998187 0.3437499999999257 0
1.312499999998187 0.3749999999999105 0
1.312499999998187 0.4062499999998954 0
1.312499999998187 0.4374999999998803 0
1.312499999998187 0.4687499999998651 0
1.312499999998187 0.4999999999998496 0
1.312499999998187 0.5312499999998295 0
1.312499999998187 0.5624999999998089 0
1.312499999998187 0.5937499999997886 0
1.312499999998187 0.6249999999997682 0
1.312499999998187 0.656249999999748 0
1.312499999998187 0.6874999999997273 0
1.312499999998187 0.718749999999707 0
1.312499999998187 0.7499999999996867 0
1.312499999998187 0.781249999999666 0
1.312499999998187 0.8124999999996456 0
1.312499999998187 0.8437499999996251 0
1.312499999998187 0.8749999999996123 0
1.312499999998187 0.9062499999997038 0
1.312499999998187 0.9374999999998024 0
1.312499999998187 0.9687499999999011 0
1.343749999998269 0.0312500000000027 0
1.343749999998269 0.06249999999999997 0
1.343749999998269 0.0937500000000096 0
1.343749999998269 0.1250000000000183 0
1.343749999998269 0.1562500000000015 0
1.343749999998269 0.1874999999999829 0
1.343749999998269 0.2187499999999643 0
1.343749999998269 0.2499999999999456 0
1.343749999998269 0.2812499999999271 0
1.343749999998269 0.3124999999999085 0
1.343749999998269 0.3437499999998899 0
1.343749999998269 0.3749999999998712 0
1.343749999998269 0.4062499999998527 0
1.343749999998269 0.4374999999998341 0
1.343749999998269 0.4687499999998153 0
1.343749999998269 0.4999999999997972 0
1.343749999998269 0.5312499999997811 0
1.343749999998269 0.5624999999997654 0
1.343749999998269 0.5937499999997495 0
1.343749999998269 0.6249999999997338 0
1.343749999998269 0.6562499999997182 0
1.343749999998269 0.6874999999997025 0
1.343749999998269 0.7187499999996866 0
1.343749999998269 0.7499999999996707 0
1.343749999998269 0.7812499999996549 0
1.343749999998269 0.8124999999996392 0
1.343749999998269 0.8437499999996232 0
1.343749999998269 0.8749999999996148 0
1.343749999998269 0.9062499999997059 0
1.343749999998269 0.9374999999998037 0
1.343749999998269 0.9687499999999019 0
1.374999999998351 0.03124999999999973 0
1.374999999998352 0.06249999999999392 0
1.374999999998351 0.09375000000000074 0
1.374999999998352 0.1250000000000066 0
1.374999999998352 0.1562499999999864 0
1.374999999998352 0.1874999999999644 0
1.374999999998352 0.2187499999999422 0
1.374999999998352 0.2499999999999202 0
1.374999999998352 0.2812499999998981 0
1.374999999998352 0.3124999999998761 0
1.374999999998352 0.343749999999854 0
1.374999999998352 0.3749999999998319 0
1.374999999998352 0.4062499999998098 0
1.374999999998352 0.4374999999997879 0
1.374999999998352 0.4687499999997658 0
1.374999999998352 0.4999999999997443 0
1.374999999998352 0.5312499999997327 0
1.374999999998352 0.5624999999997214 0
1.374999999998352 0.5937499999997105 0
1.374999999998352 0.6249999999996994 0
1.374999999998352 0.6562499999996885 0
1.374999999998352 0.6874999999996771 0
1.374999999998352 0.7187499999996662 0
1.374999999998352 0.7499999999996552 0
1.374999999998352 0.7812499999996438 0
1.374999999998352 0.812499999999633 0
1.374999999998352 0.843749999999622 0
1.374999999998352 0.8749999999996175 0
1.374999999998352 0.9062499999997081 0
1.374999999998352 0.9374999999998053 0
1.374999999998352 0.9687499999999029 0
1.406249999998434 0.03124999999999676 0
1.406249999998433 0.0624999999999879 0
1.406249999998434 0.09374999999999191 0
1.406249999998434 0.1249999999999949 0
1.406249999998434 0.1562499999999713 0
1.406249999998434 0.1874999999999458 0
1.406249999998434 0.2187499999999203 0
1.406249999998434 0.2499999999998948 0
1.406249999998434 0.2812499999998692 0
1.406249999998434 0.3124999999998437 0
1.406249999998434 0.3437499999998181 0
1.406249999998434 0.3749999999997926 0
1.406249999998434 0.4062499999997672 0
1.406249999998434 0.4374999999997416 0
1.406249999998434 0.4687499999997161 0
1.406249999998434 0.4999999999996919 0
1.406249999998434 0.531249999999684 0
1.406249999998433 0.5624999999996779 0
1.406249999998434 0.5937499999996714 0
1.406249999998434 0.6249999999996649 0
1.406249999998434 0.6562499999996587 0
1.406249999998434 0.6874999999996523 0
1.406249999998434 0.7187499999996458 0
1.406249999998434 0.7499999999996394 0
1.406249999998434 0.781249999999633 0
1.406249999998434 0.8124999999996265 0
1.406249999998434 0.8437499999996202 0
1.406249999998434 0.8749999999996203 0
1.406249999998434 0.9062499999997102 0
1.406249999998434 0.9374999999998068 0
1.406249999998434 0.9687499999999032 0
1.437499999998516 0.03124999999999379 0
1.437499999998517 0.06249999999998185 0
1.437499999998516 0.09374999999998303 0
1.437499999998516 0.1249999999999832 0
1.437499999998516 0.1562499999999562 0
1.437499999998517 0.1874999999999273 0
1.437499999998516 0.2187499999998982 0
1.437499999998516 0.2499999999998692 0
1.437499999998516 0.2812499999998402 0
1.437499999998516 0.3124999999998113 0
1.437499999998516 0.3437499999997823 0
1.437499999998516 0.3749999999997534 0
1.437499999998516 0.4062499999997243 0
1.437499999998517 0.4374999999996954 0
1.437499999998516 0.4687499999996663 0
1.437499999998516 0.4999999999996391 0
1.437499999998516 0.5312499999996356 0
1.437499999998516 0.562499999999634 0
1.437499999998516 0.5937499999996323 0
1.437499999998516 0.6249999999996305 0
1.437499999998516 0.656249999999629 0
1.437499999998516 0.687499999999627 0
1.437499999998516 0.7187499999996252 0
1.437499999998516 0.7499999999996236 0
1.437499999998516 0.7812499999996219 0
1.437499999998516 0.8124999999996201 0
1.437499999998516 0.8437499999996183 0
1.437499999998516 0.8749999999996227 0
1.437499999998516 0.9062499999997126 0
1.437499999998516 0.9374999999998084 0
1.437499999998516 0.9687499999999042 0
1.468749999998599 0.03124999999999083 0
1.468749999998599 0.06249999999997577 0
1.468749999998599 0.0937499999999742 0
1.468749999998599 0.1249999999999716 0
1.468749999998599 0.1562499999999411 0
1.468749999998599 0.1874999999999087 0
1.468749999998599 0.2187499999998763 0
1.468749999998599 0.2499999999998438 0
1.468749999998599 0.2812499999998114 0
1.468749999998598 0.312499999999779 0
1.468749999998599 0.3437499999997465 0
1.468749999998599 0.374999999999714 0
1.468749999998599 0.4062499999996817 0
1.468749999998599 0.4374999999996491 0
1.468749999998599 0.4687499999996167 0
1.468749999998599 0.4999999999995866 0
1.468749999998599 0.5312499999995872 0
1.468749999998599 0.5624999999995902 0
1.468749999998599 0.5937499999995932 0
1.468749999998599 0.6249999999995961 0
1.468749999998599 0.6562499999995992 0
1.468749999998599 0.6874999999996021 0
1.468749999998599 0.718749999999605 0
1.468749999998599 0.7499999999996081 0
1.468749999998599 0.781249999999611 0
1.468749999998599 0.8124999999996139 0
1.468749999998599 0.8437499999996166 0
1.468749999998599 0.8749999999996255 0
1.468749999998599 0.9062499999997148 0
1.468749999998599 0.9374999999998097 0
1.468749999998599 0.9687499999999052 0
1.499999999998681 0.03124999999998788 0
1.499999999998681 0.06249999999996972 0
1.499999999998681 0.09374999999996535 0
1.499999999998681 0.1249999999999599 0
1.499999999998681 0.156249999999926 0
1.499999999998681 0.1874999999998901 0
1.499999999998682 0.2187499999998543 0
1.499999999998681 0.2499999999998184 0
1.499999999998681 0.2812499999997825 0
1.499999999998681 0.3124999999997465 0
1.499999999998681 0.3437499999997107 0
1.499999999998681 0.3749999999996748 0
1.499999999998681 0.4062499999996388 0
1.499999999998681 0.4374999999996029 0
1.499999999998681 0.4687499999995671 0
1.499999999998681 0.4999999999995339 0
1.499999999998681 0.5312499999995388 0
1.499999999998681 0.5624999999995465 0
1.499999999998681 0.5937499999995541 0
1.499999999998681 0.6249999999995617 0
1.499999999998681 0.6562499999995695 0
1.499999999998681 0.687499999999577 0
1.499999999998681 0.7187499999995843 0
1.499999999998681 0.7499999999995923 0
1.499999999998681 0.7812499999995999 0
1.499999999998681 0.8124999999996074 0
1.499999999998681 0.8437499999996149 0
1.499999999998681 0.874999999999628 0
1.499999999998681 0.9062499999997169 0
1.499999999998681 0.9374999999998113 0
1.499999999998681 0.9687499999999055 0
1.531249999998764 0.03124999999998491 0
1.531249999998764 0.06249999999996367 0
1.531249999998764 0.09374999999995649 0
1.531249999998764 0.1249999999999483 0
1.531249999998764 0.1562499999999109 0
1.531249999998764 0.1874999999998716 0
1.531249999998764 0.2187499999998322 0
1.531249999998764 0.2499999999997928 0
1.531249999998764 0.2812499999997535 0
1.531249999998764 0.3124999999997142 0
1.531249999998764 0.3437499999996748 0
1.531249999998764 0.3749999999996355 0
1.531249999998764 0.4062499999995962 0
1.531249999998764 0.4374999999995567 0
1.531249999998764 0.4687499999995173 0
1.531249999998764 0.4999999999994813 0
1.531249999998764 0.5312499999994904 0
1.531249999998764 0.5624999999995025 0
1.531249999998764 0.5937499999995151 0
1.531249999998764 0.6249999999995273 0
1.531249999998764 0.6562499999995397 0
1.531249999998764 0.6874999999995519 0
1.531249999998764 0.718749999999564 0
1.531249999998764 0.7499999999995766 0
1.531249999998764 0.7812499999995888 0
1.531249999998764 0.812499999999601 0
1.531249999998764 0.8437499999996134 0
1.531249999998764 0.8749999999996307 0
1.531249999998764 0.9062499999997192 0
1.531249999998764 0.9374999999998128 0
1.531249999998764 0.9687499999999064 0
1.562499999998846 0.03124999999998194 0
1.562499999998846 0.06249999999995764 0
1.562499999998846 0.09374999999994765 0
1.562499999998846 0.1249999999999366 0
1.562499999998846 0.1562499999998958 0
1.562499999998846 0.1874999999998531 0
1.562499999998846 0.2187499999998102 0
1.562499999998846 0.2499999999997674 0
1.562499999998846 0.2812499999997246 0
1.562499999998846 0.3124999999996818 0
1.562499999998846 0.3437499999996391 0
1.562499999998846 0.3749999999995962 0
1.562499999998846 0.4062499999995534 0
1.562499999998846 0.4374999999995106 0
1.562499999998846 0.4687499999994678 0
1.562499999998846 0.4999999999994288 0
1.562499999998846 0.531249999999442 0
1.562499999998846 0.562499999999459 0
1.562499999998846 0.593749999999476 0
1.562499999998846 0.6249999999994929 0
1.562499999998846 0.6562499999995099 0
1.562499999998846 0.6874999999995268 0
1.562499999998846 0.7187499999995436 0
1.562499999998846 0.7499999999995608 0
1.562499999998846 0.7812499999995777 0
1.562499999998846 0.8124999999995948 0
1.562499999998846 0.8437499999996118 0
1.562499999998846 0.8749999999996331 0
1.562499999998846 0.9062499999997214 0
1.562499999998846 0.9374999999998144 0
1.562499999998846 0.9687499999999073 0
1.593749999998928 0.03124999999997898 0
1.593749999998928 0.06249999999995159 0
1.593749999998928 0.09374999999993879 0
1.593749999998928 0.1249999999999249 0
1.593749999998928 0.1562499999998808 0
1.593749999998928 0.1874999999998345 0
1.593749999998928 0.2187499999997882 0
1.593749999998928 0.249999999999742 0
1.593749999998928 0.2812499999996957 0
1.593749999998928 0.3124999999996494 0
1.593749999998928 0.3437499999996031 0
1.593749999998928 0.3749999999995569 0
1.593749999998928 0.4062499999995106 0
1.593749999998928 0.4374999999994644 0
1.593749999998928 0.4687499999994181 0
1.593749999998928 0.4999999999993762 0
1.593749999998928 0.5312499999993936 0
1.593749999998928 0.562499999999415 0
1.593749999998928 0.5937499999994369 0
1.593749999998928 0.6249999999994584 0
1.593749999998928 0.6562499999994802 0
1.593749999998928 0.6874999999995017 0
1.593749999998928 0.7187499999995234 0
1.593749999998928 0.749999999999545 0
1.593749999998928 0.7812499999995666 0
1.593749999998928 0.8124999999995883 0
1.593749999998928 0.84374999999961 0
1.593749999998928 0.874999999999636 0
1.593749999998928 0.9062499999997236 0
1.593749999998928 0.9374999999998157 0
1.593749999998928 0.968749999999908 0
1.624999999999011 0.03124999999997601 0
1.624999999999011 0.06249999999994554 0
1.624999999999011 0.09374999999992993 0
1.624999999999011 0.1249999999999132 0
1.624999999999011 0.1562499999998657 0
1.624999999999011 0.1874999999998159 0
1.624999999999011 0.2187499999997663 0
1.624999999999011 0.2499999999997164 0
1.624999999999011 0.2812499999996668 0
1.624999999999011 0.312499999999617 0
1.624999999999011 0.3437499999995673 0
1.624999999999011 0.3749999999995177 0
1.624999999999011 0.4062499999994679 0
1.624999999999011 0.4374999999994182 0
1.624999999999011 0.4687499999993683 0
1.624999999999011 0.4999999999993235 0
1.624999999999011 0.5312499999993452 0
1.624999999999011 0.5624999999993713 0
1.624999999999011 0.5937499999993978 0
1.624999999999011 0.624999999999424 0
1.624999999999011 0.6562499999994504 0
1.624999999999011 0.6874999999994766 0
1.624999999999011 0.7187499999995032 0
1.624999999999011 0.7499999999995295 0
1.624999999999011 0.7812499999995557 0
1.624999999999011 0.8124999999995819 0
1.624999999999011 0.8437499999996082 0
1.624999999999011 0.8749999999996386 0
1.624999999999011 0.9062499999997259 0
1.624999999999011 0.9374999999998173 0
1.624999999999011 0.9687499999999086 0
1.656249999999093 0.03124999999997306 0
1.656249999999094 0.06249999999993949 0
1.656249999999094 0.09374999999992109 0
1.656249999999093 0.1249999999999015 0
1.656249999999093 0.1562499999998506 0
1.656249999999093 0.1874999999997974 0
1.656249999999093 0.2187499999997442 0
1.656249999999093 0.249999999999691 0
1.656249999999093 0.2812499999996378 0
1.656249999999093 0.3124999999995847 0
1.656249999999094 0.3437499999995315 0
1.656249999999093 0.3749999999994783 0
1.656249999999093 0.4062499999994251 0
1.656249999999093 0.437499999999372 0
1.656249999999094 0.4687499999993188 0
1.656249999999093 0.4999999999992709 0
1.656249999999093 0.5312499999992966 0
1.656249999999093 0.5624999999993275 0
1.656249999999093 0.5937499999993587 0
1.656249999999093 0.6249999999993896 0
1.656249999999093 0.6562499999994207 0
1.656249999999094 0.6874999999994515 0
1.656249999999093 0.7187499999994827 0
1.656249999999093 0.7499999999995137 0
1.656249999999093 0.7812499999995444 0
1.656249999999094 0.8124999999995757 0
1.656249999999093 0.8437499999996064 0
1.656249999999093 0.8749999999996411 0
1.656249999999093 0.9062499999997281 0
1.656249999999093 0.9374999999998186 0
1.656249999999093 0.9687499999999095 0
1.687499999999176 0.03124999999997009 0
1.687499999999176 0.06249999999993343 0
1.687499999999176 0.09374999999991225 0
1.687499999999176 0.1249999999998899 0
1.687499999999176 0.1562499999998355 0
1.687499999999176 0.1874999999997788 0
1.687499999999176 0.2187499999997222 0
1.687499999999176 0.2499999999996655 0
1.687499999999176 0.2812499999996089 0
1.687499999999176 0.3124999999995524 0
1.687499999999176 0.3437499999994956 0
1.687499999999176 0.374999999999439 0
1.687499999999176 0.4062499999993824 0
1.687499999999176 0.4374999999993258 0
1.687499999999176 0.4687499999992691 0
1.687499999999176 0.4999999999992183 0
1.687499999999176 0.5312499999992482 0
1.687499999999176 0.5624999999992838 0
1.687499999999176 0.5937499999993197 0
1.687499999999176 0.6249999999993552 0
1.687499999999176 0.6562499999993909 0
1.687499999999176 0.6874999999994265 0
1.687499999999176 0.7187499999994623 0
1.687499999999176 0.749999999999498 0
1.687499999999176 0.7812499999995335 0
1.687499999999176 0.8124999999995692 0
1.687499999999176 0.8437499999996048 0
1.687499999999176 0.8749999999996437 0
1.687499999999176 0.9062499999997302 0
1.687499999999176 0.9374999999998204 0
1.687499999999176 0.9687499999999101 0
1.718749999999258 0.03124999999996713 0
1.718749999999258 0.06249999999992738 0
1.718749999999259 0.09374999999990337 0
1.718749999999258 0.1249999999998782 0
1.718749999999259 0.1562499999998204 0
1.718749999999258 0.1874999999997603 0
1.718749999999259 0.2187499999997002 0
1.718749999999258 0.2499999999996401 0
1.718749999999258 0.28124999999958 0
1.718749999999258 0.3124999999995199 0
1.718749999999258 0.3437499999994599 0
1.718749999999258 0.3749999999993998 0
1.718749999999258 0.4062499999993396 0
1.718749999999258 0.4374999999992794 0
1.718749999999258 0.4687499999992193 0
1.718749999999258 0.4999999999991657 0
1.718749999999258 0.5312499999991995 0
1.718749999999258 0.5624999999992401 0
1.718749999999258 0.5937499999992804 0
1.718749999999258 0.6249999999993208 0
1.718749999999258 0.6562499999993612 0
1.718749999999258 0.6874999999994014 0
1.718749999999258 0.7187499999994419 0
1.718749999999258 0.749999999999482 0
1.718749999999259 0.7812499999995226 0
1.718749999999258 0.8124999999995628 0
1.718749999999258 0.8437499999996031 0
1.718749999999258 0.8749999999996464 0
1.718749999999258 0.9062499999997325 0
1.718749999999258 0.9374999999998217 0
1.718749999999258 0.9687499999999108 0
1.749999999999341 0.03124999999996416 0
1.74999999999934 0.06249999999992133 0
1.749999999999341 0.09374999999989454 0
1.749999999999341 0.1249999999998666 0
1.749999999999341 0.1562499999998054 0
1.749999999999341 0.1874999999997418 0
1.749999999999341 0.2187499999996782 0
1.749999999999341 0.2499999999996146 0
1.749999999999341 0.2812499999995511 0
1.749999999999341 0.3124999999994875 0
1.749999999999341 0.343749999999424 0
1.749999999999341 0.3749999999993605 0
1.749999999999341 0.4062499999992969 0
1.749999999999341 0.4374999999992332 0
1.749999999999341 0.4687499999991698 0
1.749999999999341 0.499999999999113 0
1.749999999999341 0.5312499999991511 0
1.749999999999341 0.5624999999991961 0
1.749999999999341 0.5937499999992413 0
1.749999999999341 0.6249999999992861 0
1.749999999999341 0.6562499999993314 0
1.749999999999341 0.6874999999993765 0
1.749999999999341 0.7187499999994216 0
1.749999999999341 0.7499999999994664 0
1.749999999999341 0.7812499999995115 0
1.749999999999341 0.8124999999995566 0
1.749999999999341 0.8437499999996015 0
1.749999999999341 0.8749999999996491 0
1.749999999999341 0.9062499999997348 0
1.749999999999341 0.937499999999823 0
1.749999999999341 0.9687499999999118 0
1.781249999999423 0.0312499999999612 0
1.781249999999423 0.06249999999991528 0
1.781249999999423 0.09374999999988566 0
1.781249999999423 0.1249999999998548 0
1.781249999999423 0.1562499999997903 0
1.781249999999423 0.1874999999997232 0
1.781249999999423 0.2187499999996562 0
1.781249999999423 0.2499999999995892 0
1.781249999999423 0.2812499999995222 0
1.781249999999423 0.3124999999994551 0
1.781249999999423 0.3437499999993882 0
1.781249999999423 0.3749999999993212 0
1.781249999999423 0.4062499999992542 0
1.781249999999423 0.437499999999187 0
1.781249999999423 0.4687499999991201 0
1.781249999999423 0.4999999999990604 0
1.781249999999423 0.5312499999991027 0
1.781249999999423 0.5624999999991526 0
1.781249999999423 0.5937499999992022 0
1.781249999999423 0.6249999999992519 0
1.781249999999423 0.6562499999993017 0
1.781249999999423 0.6874999999993512 0
1.781249999999423 0.718749999999401 0
1.781249999999423 0.7499999999994507 0
1.781249999999423 0.7812499999995004 0
1.781249999999423 0.8124999999995499 0
1.781249999999423 0.8437499999995999 0
1.781249999999423 0.8749999999996517 0
1.781249999999423 0.906249999999737 0
1.781249999999423 0.9374999999998248 0
1.781249999999423 0.9687499999999124 0
1.812499999999506 0.03124999999995823 0
1.812499999999505 0.06249999999990923 0
1.812499999999505 0.09374999999987683 0
1.812499999999506 0.1249999999998432 0
1.812499999999506 0.1562499999997752 0
1.812499999999505 0.1874999999997047 0
1.812499999999506 0.2187499999996342 0
1.812499999999506 0.2499999999995637 0
1.812499999999506 0.2812499999994932 0
1.812499999999505 0.3124999999994228 0
1.812499999999506 0.3437499999993523 0
1.812499999999506 0.3749999999992819 0
1.812499999999506 0.4062499999992114 0
1.812499999999505 0.4374999999991409 0
1.812499999999506 0.4687499999990704 0
1.812499999999506 0.4999999999990078 0
1.812499999999506 0.5312499999990543 0
1.812499999999505 0.5624999999991086 0
1.812499999999506 0.5937499999991633 0
1.812499999999506 0.6249999999992173 0
1.812499999999506 0.6562499999992719 0
1.812499999999505 0.6874999999993263 0
1.812499999999505 0.7187499999993807 0
1.812499999999505 0.7499999999994349 0
1.812499999999506 0.7812499999994893 0
1.812499999999506 0.8124999999995437 0
1.812499999999506 0.843749999999598 0
1.812499999999506 0.8749999999996544 0
1.812499999999506 0.9062499999997394 0
1.812499999999506 0.9374999999998261 0
1.812499999999506 0.9687499999999131 0
1.843749999999588 0.03124999999995527 0
1.843749999999588 0.06249999999990319 0
1.843749999999587 0.09374999999986795 0
1.843749999999587 0.1249999999998315 0
1.843749999999588 0.1562499999997601 0
1.843749999999588 0.1874999999996861 0
1.843749999999588 0.2187499999996122 0
1.843749999999588 0.2499999999995383 0
1.843749999999588 0.2812499999994643 0
1.843749999999588 0.3124999999993905 0
1.843749999999588 0.3437499999993164 0
1.843749999999588 0.3749999999992426 0
1.843749999999588 0.4062499999991687 0
1.843749999999588 0.4374999999990947 0
1.843749999999588 0.4687499999990208 0
1.843749999999588 0.4999999999989552 0
1.843749999999588 0.5312499999990059 0
1.843749999999588 0.5624999999990649 0
1.843749999999588 0.593749999999124 0
1.843749999999588 0.6249999999991831 0
1.843749999999588 0.6562499999992422 0
1.843749999999588 0.687499999999301 0
1.843749999999588 0.7187499999993602 0
1.843749999999588 0.7499999999994194 0
1.843749999999588 0.7812499999994782 0
1.843749999999588 0.8124999999995375 0
1.843749999999588 0.8437499999995962 0
1.843749999999588 0.8749999999996572 0
1.843749999999588 0.9062499999997414 0
1.843749999999588 0.9374999999998277 0
1.843749999999588 0.968749999999914 0
1.87499999999967 0.03124999999995231 0
1.87499999999967 0.06249999999989714 0
1.87499999999967 0.09374999999985913 0
1.87499999999967 0.1249999999998198 0
1.874999999999671 0.156249999999745 0
1.87499999999967 0.1874999999996676 0
1.87499999999967 0.2187499999995902 0
1.87499999999967 0.2499999999995128 0
1.87499999999967 0.2812499999994355 0
1.874999999999671 0.3124999999993581 0
1.87499999999967 0.3437499999992807 0
1.87499999999967 0.3749999999992033 0
1.87499999999967 0.4062499999991259 0
1.87499999999967 0.4374999999990485 0
1.87499999999967 0.4687499999989711 0
1.87499999999967 0.4999999999989025 0
1.87499999999967 0.5312499999989575 0
1.87499999999967 0.5624999999990211 0
1.87499999999967 0.5937499999990847 0
1.87499999999967 0.6249999999991487 0
1.87499999999967 0.6562499999992124 0
1.87499999999967 0.6874999999992761 0
1.87499999999967 0.7187499999993398 0
1.87499999999967 0.7499999999994034 0
1.87499999999967 0.7812499999994671 0
1.874999999999671 0.812499999999531 0
1.87499999999967 0.8437499999995948 0
1.874999999999671 0.8749999999996597 0
1.874999999999671 0.9062499999997436 0
1.87499999999967 0.9374999999998292 0
1.87499999999967 0.9687499999999146 0
1.906249999999753 0.03124999999994935 0
1.906249999999753 0.06249999999989107 0
1.906249999999753 0.09374999999985027 0
1.906249999999753 0.1249999999998082 0
1.906249999999753 0.1562499999997299 0
1.906249999999753 0.1874999999996491 0
1.906249999999753 0.2187499999995682 0
1.906249999999753 0.2499999999994873 0
1.906249999999753 0.2812499999994065 0
1.906249999999753 0.3124999999993257 0
1.906249999999753 0.3437499999992448 0
1.906249999999753 0.374999999999164 0
1.906249999999753 0.4062499999990831 0
1.906249999999753 0.4374999999990023 0
1.906249999999753 0.4687499999989214 0
1.906249999999753 0.4999999999988499 0
1.906249999999753 0.5312499999989091 0
1.906249999999753 0.5624999999989774 0
1.906249999999753 0.5937499999990459 0
1.906249999999753 0.6249999999991143 0
1.906249999999753 0.6562499999991827 0
1.906249999999753 0.6874999999992508 0
1.906249999999753 0.7187499999993193 0
1.906249999999753 0.7499999999993878 0
1.906249999999753 0.781249999999456 0
1.906249999999753 0.8124999999995246 0
1.906249999999753 0.8437499999995931 0
1.906249999999753 0.8749999999996624 0
1.906249999999753 0.9062499999997461 0
1.906249999999753 0.9374999999998306 0
1.906249999999753 0.9687499999999153 0
1.937499999999835 0.03124999999994638 0
1.937499999999835 0.06249999999988502 0
1.937499999999835 0.09374999999984142 0
1.937499999999835 0.1249999999997965 0
1.937499999999835 0.1562499999997148 0
1.937499999999835 0.1874999999996305 0
1.937499999999835 0.2187499999995462 0
1.937499999999835 0.2499999999994619 0
1.937499999999835 0.2812499999993775 0
1.937499999999835 0.3124999999992932 0
1.937499999999835 0.343749999999209 0
1.937499999999835 0.3749999999991247 0
1.937499999999835 0.4062499999990404 0
1.937499999999835 0.437499999998956 0
1.937499999999835 0.4687499999988717 0
1.937499999999835 0.4999999999987973 0
1.937499999999835 0.5312499999988607 0
1.937499999999835 0.5624999999989336 0
1.937499999999835 0.5937499999990066 0
1.937499999999835 0.6249999999990796 0
1.937499999999835 0.6562499999991529 0
1.937499999999835 0.687499999999226 0
1.937499999999835 0.7187499999992989 0
1.937499999999835 0.7499999999993721 0
1.937499999999835 0.7812499999994451 0
1.937499999999835 0.8124999999995182 0
1.937499999999835 0.8437499999995913 0
1.937499999999835 0.874999999999665 0
1.937499999999835 0.9062499999997483 0
1.937499999999835 0.9374999999998321 0
1.937499999999835 0.9687499999999162 0
1.968749999999918 0.03124999999994341 0
1.968749999999918 0.06249999999987899 0
1.968749999999918 0.09374999999983256 0
1.968749999999918 0.1249999999997848 0
1.968749999999918 0.1562499999996997 0
1.968749999999918 0.187499999999612 0
1.968749999999917 0.2187499999995242 0
1.968749999999917 0.2499999999994365 0
1.968749999999918 0.2812499999993486 0
1.968749999999918 0.3124999999992608 0
1.968749999999918 0.3437499999991732 0
1.968749999999918 0.3749999999990854 0
1.968749999999917 0.4062499999989976 0
1.968749999999917 0.4374999999989098 0
1.968749999999918 0.4687499999988221 0
1.968749999999918 0.4999999999987447 0
1.968749999999918 0.5312499999988121 0
1.968749999999917 0.5624999999988899 0
1.968749999999918 0.5937499999989677 0
1.968749999999918 0.6249999999990454 0
1.968749999999918 0.6562499999991231 0
1.968749999999918 0.6874999999992009 0
1.968749999999917 0.7187499999992785 0
1.968749999999918 0.7499999999993563 0
1.968749999999917 0.781249999999434 0
1.968749999999917 0.8124999999995117 0
1.968749999999918 0.8437499999995896 0
1.968749999999918 0.8749999999996677 0
1.968749999999918 0.9062499999997505 0
1.968749999999918 0.9374999999998337 0
1.968749999999918 0.9687499999999168 0
2 2 0 1953
2338
2339
2340
2341
2342
2343
2344
2345
2346
2347
2348
2349
2350
2351
2352
2353
2354
2355
2356
2357
2358
2359
2360
2361
2362
2363
2364
2365
2366
2367
2368
2369
2370
2371
2372
2373
2374
2375
2376
2377
2378
2379
2380
2381
2382
2383
2384
2385
2386
2387
2388
2389
2390
2391
2392
2393
2394
2395
2396
2397
2398
2399
2400
2401
2402
2403
2404
2405
2406
2407
2408
2409
2410
2411
2412
2413
2414
2415
2416
2417
2418
2419
2420
2421
2422
2423
2424
2425
2426
2427
2428
2429
2430
2431
2432
2433
2434
2435
2436
2437
2438
2439
2440
2441
2442
2443
2444
2445
2446
2447
2448
2449
2450
2451
2452
2453
2454
2455
2456
2457
2458
2459
2460
2461
2462
2463
2464
2465
2466
2467
2468
2469
2470
2471
2472
2473
2474
2475
2476
2477
2478
2479
2480
2481
2482
2483
2484
2485
2486
2487
2488
2489
2490
2491
2492
2493
2494
2495
2496
2497
2498
2499
2500
2501
2502
2503
2504
2505
2506
2507
2508
2509
2510
2511
2512
2513
2514
2515
2516
2517
2518
2519
2520
2521
2522
2523
2524
2525
2526
2527
2528
2529
2530
2531
2532
2533
2534
2535
2536
2537
2538
2539
2540
2541
2542
2543
2544
2545
2546
2547
2548
2549
2550
2551
2552
2553
2554
2555
2556
2557
2558
2559
2560
2561
2562
2563
2564
2565
2566
2567
2568
2569
2570
2571
2572
2573
2574
2575
2576
2577
2578
2579
2580
2581
2582
2583
2584
2585
2586
2587
2588
2589
2590
2591
2592
2593
2594
2595
2596
2597
2598
2599
2600
2601
2602
2603
2604
2605
2606
2607
2608
2609
2610
2611
2612
2613
2614
2615
2616
2617
2618
2619
2620
2621
2622
2623
2624
2625
2626
2627
2628
2629
2630
2631
2632
2633
2634
2635
2636
2637
2638
2639
2640
2641
2642
2643
2644
2645
2646
2647
2648
2649
2650
2651
2652
2653
2654
2655
2656
2657
2658
2659
2660
2661
2662
2663
2664
2665
2666
2667
2668
2669
2670
2671
2672
2673
2674
2675
2676
2677
2678
2679
2680
2681
2682
2683
2684
2685
2686
2687
2688
2689
2690
2691
2692
2693
2694
2695
2696
2697
2698
2699
2700
2701
2702
2703
2704
2705
2706
2707
2708
2709
2710
2711
2712
2713
2714
2715
2716
2717
2718
2719
2720
2721
2722
2723
2724
2725
2726
2727
2728
2729
2730
2731
2732
2733
2734
2735
2736
2737
2738
2739
2740
2741
2742
2743
2744
2745
2746
2747
2748
2749
2750
2751
2752
2753
2754
2755
2756
2757
2758
2759
2760
2761
2762
2763
2764
2765
2766
2767
2768
2769
2770
2771
2772
2773
2774
2775
2776
2777
2778
2779
2780
2781
2782
2783
2784
2785
2786
2787
2788
2789
2790
2791
2792
2793
2794
2795
2796
2797
2798
2799
2800
2801
2802
2803
2804
2805
2806
2807
2808
2809
2810
2811
2812
2813
2814
2815
2816
2817
2818
2819
2820
2821
2822
2823
2824
2825
2826
2827
2828
2829
2830
2831
2832
2833
2834
2835
2836
2837
2838
2839
2840
2841
2842
2843
2844
2845
2846
2847
2848
2849
2850
2851
2852
2853
2854
2855
2856
2857
2858
2859
2860
2861
2862
2863
2864
2865
2866
2867
2868
2869
2870
2871
2872
2873
2874
2875
2876
2877
2878
2879
2880
2881
2882
2883
2884
2885
2886
2887
2888
2889
2890
2891
2892
2893
2894
2895
2896
2897
2898
2899
2900
2901
2902
2903
2904
2905
2906
2907
2908
2909
2910
2911
2912
2913
2914
2915
2916
2917
2918
2919
2920
2921
2922
2923
2924
2925
2926
2927
2928
2929
2930
2931
2932
2933
2934
2935
2936
2937
2938
2939
2940
2941
2942
2943
2944
2945
2946
2947
2948
2949
2950
2951
2952
2953
2954
2955
2956
2957
2958
2959
2960
2961
2962
2963
2964
2965
2966
2967
2968
2969
2970
2971
2972
2973
2974
2975
2976
2977
2978
2979
2980
2981
2982
2983
2984
2985
2986
2987
2988
2989
2990
2991
2992
2993
2994
2995
2996
2997
2998
2999
3000
3001
3002
3003
3004
3005
3006
3007
3008
3009
3010
3011
3012
3013
3014
3015
3016
3017
3018
3019
3020
3021
3022
3023
3024
3025
3026
3027
3028
3029
3030
3031
3032
3033
3034
3035
3036
3037
3038
3039
3040
3041
3042
3043
3044
3045
3046
3047
3048
3049
3050
3051
3052
3053
3054
3055
3056
3057
3058
3059
3060
3061
3062
3063
3064
3065
3066
3067
3068
3069
3070
3071
3072
3073
3074
3075
3076
3077
3078
3079
3080
3081
3082
3083
3084
3085
3086
3087
3088
3089
3090
3091
3092
3093
3094
3095
3096
3097
3098
3099
3100
3101
3102
3103
3104
3105
3106
3107
3108
3109
3110
3111
3112
3113
3114
3115
3116
3117
3118
3119
3120
3121
3122
3123
3124
3125
3126
3127
3128
3129
3130
3131
3132
3133
3134
3135
3136
3137
3138
3139
3140
3141
3142
3143
3144
3145
3146
3147
3148
3149
3150
3151
3152
3153
3154
3155
3156
3157
3158
3159
3160
3161
3162
3163
3164
3165
3166
3167
3168
3169
3170
3171
3172
3173
3174
3175
3176
3177
3178
3179
3180
3181
3182
3183
3184
3185
3186
3187
3188
3189
3190
3191
3192
3193
3194
3195
3196
3197
3198
3199
3200
3201
3202
3203
3204
3205
3206
3207
3208
3209
3210
3211
3212
3213
3214
3215
3216
3217
3218
3219
3220
3221
3222
3223
3224
3225
3226
3227
3228
3229
3230
3231
3232
3233
3234
3235
3236
3237
3238
3239
3240
3241
3242
3243
3244
3245
3246
3247
3248
3249
3250
3251
3252
3253
3254
3255
3256
3257
3258
3259
3260
3261
3262
3263
3264
3265
3266
3267
3268
3269
3270
3271
3272
3273
3274
3275
3276
3277
3278
3279
3280
3281
3282
3283
3284
3285
3286
3287
3288
3289
3290
3291
3292
3293
3294
3295
3296
3297
3298
3299
3300
3301
3302
3303
3304
3305
3306
3307
3308
3309
3310
3311
3312
3313
3314
3315
3316
3317
3318
3319
3320
3321
3322
3323
3324
3325
3326
3327
3328
3329
3330
3331
3332
3333
3334
3335
3336
3337
3338
3339
3340
3341
3342
3343
3344
3345
3346
3347
3348
3349
3350
3351
3352
3353
3354
3355
3356
3357
3358
3359
3360
3361
3362
3363
3364
3365
3366
3367
3368
3369
3370
3371
3372
3373
3374
3375
3376
3377
3378
3379
3380
3381
3382
3383
3384
3385
3386
3387
3388
3389
3390
3391
3392
3393
3394
3395
3396
3397
3398
3399
3400
3401
3402
3403
3404
3405
3406
3407
3408
3409
3410
3411
3412
3413
3414
3415
3416
3417
3418
3419
3420
3421
3422
3423
3424
3425
3426
3427
3428
3429
3430
3431
3432
3433
3434
3435
3436
3437
3438
3439
3440
3441
3442
3443
3444
3445
3446
3447
3448
3449
3450
3451
3452
3453
3454
3455
3456
3457
3458
3459
3460
3461
3462
3463
3464
3465
3466
3467
3468
3469
3470
3471
3472
3473
3474
3475
3476
3477
3478
3479
3480
3481
3482
3483
3484
3485
3486
3487
3488
3489
3490
3491
3492
3493
3494
3495
3496
3497
3498
3499
3500
3501
3502
3503
3504
3505
3506
3507
3508
3509
3510
3511
3512
3513
3514
3515
3516
3517
3518
3519
3520
3521
3522
3523
3524
3525
3526
3527
3528
3529
3530
3531
3532
3533
3534
3535
3536
3537
3538
3539
3540
3541
3542
3543
3544
3545
3546
3547
3548
3549
3550
3551
3552
3553
3554
3555
3556
3557
3558
3559
3560
3561
3562
3563
3564
3565
3566
3567
3568
3569
3570
3571
3572
3573
3574
3575
3576
3577
3578
3579
3580
3581
3582
3583
3584
3585
3586
3587
3588
3589
3590
3591
3592
3593
3594
3595
3596
3597
3598
3599
3600
3601
3602
3603
3604
3605
3606
3607
3608
3609
3610
3611
3612
3613
3614
3615
3616
3617
3618
3619
3620
3621
3622
3623
3624
3625
3626
3627
3628
3629
3630
3631
3632
3633
3634
3635
3636
3637
3638
3639
3640
3641
3642
3643
3644
3645
3646
3647
3648
3649
3650
3651
3652
3653
3654
3655
3656
3657
3658
3659
3660
3661
3662
3663
3664
3665
3666
3667
3668
3669
3670
3671
3672
3673
3674
3675
3676
3677
3678
3679
3680
3681
3682
3683
3684
3685
3686
3687
3688
3689
3690
3691
3692
3693
3694
3695
3696
3697
3698
3699
3700
3701
3702
3703
3704
3705
3706
3707
3708
3709
3710
3711
3712
3713
3714
3715
3716
3717
3718
3719
3720
3721
3722
3723
3724
3725
3726
3727
3728
3729
3730
3731
3732
3733
3734
3735
3736
3737
3738
3739
3740
3741
3742
3743
3744
3745
3746
3747
3748
3749
3750
3751
3752
3753
3754
3755
3756
3757
3758
3759
3760
3761
3762
3763
3764
3765
3766
3767
3768
3769
3770
3771
3772
3773
3774
3775
3776
3777
3778
3779
3780
3781
3782
3783
3784
3785
3786
3787
3788
3789
3790
3791
3792
3793
3794
3795
3796
3797
3798
3799
3800
3801
3802
3803
3804
3805
3806
3807
3808
3809
3810
3811
3812
3813
3814
3815
3816
3817
3818
3819
3820
3821
3822
3823
3824
3825
3826
3827
3828
3829
3830
3831
3832
3833
3834
3835
3836
3837
3838
3839
3840
3841
3842
3843
3844
3845
3846
3847
3848
3849
3850
3851
3852
3853
3854
3855
3856
3857
3858
3859
3860
3861
3862
3863
3864
3865
3866
3867
3868
3869
3870
3871
3872
3873
3874
3875
3876
3877
3878
3879
3880
3881
3882
3883
3884
3885
3886
3887
3888
3889
3890
3891
3892
3893
3894
3895
3896
3897
3898
3899
3900
3901
3902
3903
3904
3905
3906
3907
3908
3909
3910
3911
3912
3913
3914
3915
3916
3917
3918
3919
3920
3921
3922
3923
3924
3925
3926
3927
3928
3929
3930
3931
3932
3933
3934
3935
3936
3937
3938
3939
3940
3941
3942
3943
3944
3945
3946
3947
3948
3949
3950
3951
3952
3953
3954
3955
3956
3957
3958
3959
3960
3961
3962
3963
3964
3965
3966
3967
3968
3969
3970
3971
3972
3973
3974
3975
3976
3977
3978
3979
3980
3981
3982
3983
3984
3985
3986
3987
3988
3989
3990
3991
3992
3993
3994
3995
3996
3997
3998
3999
4000
4001
4002
4003
4004
4005
4006
4007
4008
4009
4010
4011
4012
4013
4014
4015
4016
4017
4018
4019
4020
4021
4022
4023
4024
4025
4026
4027
4028
4029
4030
4031
4032
4033
4034
4035
4036
4037
4038
4039
4040
4041
4042
4043
4044
4045
4046
4047
4048
4049
4050
4051
4052
4053
4054
4055
4056
4057
4058
4059
4060
4061
4062
4063
4064
4065
4066
4067
4068
4069
4070
4071
4072
4073
4074
4075
4076
4077
4078
4079
4080
4081
4082
4083
4084
4085
4086
4087
4088
4089
4090
4091
4092
4093
4094
4095
4096
4097
4098
4099
4100
4101
4102
4103
4104
4105
4106
4107
4108
4109
4110
4111
4112
4113
4114
4115
4116
4117
4118
4119
4120
4121
4122
4123
4124
4125
4126
4127
4128
4129
4130
4131
4132
4133
4134
4135
4136
4137
4138
4139
4140
4141
4142
4143
4144
4145
4146
4147
4148
4149
4150
4151
4152
4153
4154
4155
4156
4157
4158
4159
4160
4161
4162
4163
4164
4165
4166
4167
4168
4169
4170
4171
4172
4173
4174
4175
4176
4177
4178
4179
4180
4181
4182
4183
4184
4185
4186
4187
4188
4189
4190
4191
4192
4193
4194
4195
4196
4197
4198
4199
4200
4201
4202
4203
4204
4205
4206
4207
4208
4209
4210
4211
4212
4213
4214
4215
4216
4217
4218
4219
4220
4221
4222
4223
4224
4225
4226
4227
4228
4229
4230
4231
4232
4233
4234
4235
4236
4237
4238
4239
4240
4241
4242
4243
4244
4245
4246
4247
4248
4249
4250
4251
4252
4253
4254
4255
4256
4257
4258
4259
4260
4261
4262
4263
4264
4265
4266
4267
4268
4269
4270
4271
4272
4273
4274
4275
4276
4277
4278
4279
4280
4281
4282
4283
4284
4285
4286
4287
4288
4289
4290
0.03124999999994688 1.03125 0
0.03124999999995279 1.0625 0
0.0312499999999587 1.09375 0
0.03124999999996461 1.125 0
0.03124999999997052 1.15625 0
0.03124999999997644 1.1875 0
0.03124999999998235 1.21875 0
0.03124999999998826 1.25 0
0.03124999999999416 1.28125 0
0.03125000000000007 1.3125 0
0.03125000000000598 1.34375 0
0.03125000000001189 1.375 0
0.03125000000001781 1.40625 0
0.03125000000002372 1.4375 0
0.03125000000002963 1.46875 0
0.03125000000003554 1.5 0
0.03125000000004145 1.53125 0
0.03125000000004736 1.5625 0
0.03125000000005328 1.59375 0
0.03125000000005919 1.625 0
0.0312500000000651 1.65625 0
0.03125000000007101 1.6875 0
0.03125000000007692 1.71875 0
0.03125000000008284 1.75 0
0.03125000000008875 1.78125 0
0.03125000000009466 1.8125 0
0.03125000000010057 1.84375 0
0.03125000000010648 1.875 0
0.03125000000011238 1.90625 0
0.03125000000011829 1.9375 0
0.03125000000012421 1.96875 0
0.06249999999989277 1.03125 0
0.06249999999990462 1.0625 0
0.06249999999991647 1.09375 0
0.06249999999992832 1.125 0
0.06249999999994017 1.15625 0
0.06249999999995202 1.1875 0
0.06249999999996388 1.21875 0
0.06249999999997573 1.25 0
0.06249999999998761 1.28125 0
0.06249999999999943 1.3125 0
0.06250000000001131 1.34375 0
0.06250000000002316 1.375 0
0.06250000000003501 1.40625 0
0.06250000000004687 1.4375 0
0.06250000000005872 1.46875 0
0.06250000000007057 1.5 0
0.06250000000008242 1.53125 0
0.06250000000009427 1.5625 0
0.06250000000010612 1.59375 0
0.062500000000118 1.625 0
0.06250000000012983 1.65625 0
0.06250000000014171 1.6875 0
0.06250000000015356 1.71875 0
0.06250000000016541 1.75 0
0.06250000000017726 1.78125 0
0.06250000000018911 1.8125 0
0.06250000000020096 1.84375 0
0.06250000000021282 1.875 0
0.06250000000022467 1.90625 0
0.06250000000023652 1.9375 0
0.0625000000002484 1.96875 0
0.09374999999983075 1.03125 0
0.09374999999984879 1.0625 0
0.09374999999986683 1.09375 0
0.0937499999998849 1.125 0
0.09374999999990291 1.15625 0
0.09374999999992095 1.1875 0
0.09374999999993902 1.21875 0
0.09374999999995706 1.25 0
0.0937499999999751 1.28125 0
0.09374999999999317 1.3125 0
0.09375000000001121 1.34375 0
0.09375000000002923 1.375 0
0.0937500000000473 1.40625 0
0.09375000000006534 1.4375 0
0.09375000000008338 1.46875 0
0.09375000000010142 1.5 0
0.09375000000011946 1.53125 0
0.0937500000001375 1.5625 0
0.09375000000015554 1.59375 0
0.09375000000017361 1.625 0
0.09375000000019162 1.65625 0
0.09375000000020967 1.6875 0
0.09375000000022773 1.71875 0
0.09375000000024578 1.75 0
0.09375000000026382 1.78125 0
0.09375000000028189 1.8125 0
0.09375000000029993 1.84375 0
0.09375000000031797 1.875 0
0.09375000000033601 1.90625 0
0.09375000000035405 1.9375 0
0.09375000000037209 1.96875 0
0.1249999999997701 1.03125 0
0.1249999999997943 1.0625 0
0.1249999999998185 1.09375 0
0.1249999999998427 1.125 0
0.1249999999998669 1.15625 0
0.124999999999891 1.1875 0
0.1249999999999152 1.21875 0
0.1249999999999394 1.25 0
0.1249999999999636 1.28125 0
0.1249999999999878 1.3125 0
0.125000000000012 1.34375 0
0.1250000000000362 1.375 0
0.1250000000000605 1.40625 0
0.1250000000000847 1.4375 0
0.1250000000001089 1.46875 0
0.1250000000001331 1.5 0
0.1250000000001573 1.53125 0
0.1250000000001815 1.5625 0
0.1250000000002057 1.59375 0
0.1250000000002299 1.625 0
0.1250000000002541 1.65625 0
0.1250000000002782 1.6875 0
0.1250000000003025 1.71875 0
0.1250000000003267 1.75 0
0.1250000000003509 1.78125 0
0.125000000000375 1.8125 0
0.1250000000003992 1.84375 0
0.1250000000004234 1.875 0
0.1250000000004477 1.90625 0
0.1250000000004718 1.9375 0
0.125000000000496 1.96875 0
0.1562499999997251 1.03125 0
0.1562499999997549 1.0625 0
0.1562499999997848 1.09375 0
0.1562499999998146 1.125 0
0.1562499999998445 1.15625 0
0.1562499999998744 1.1875 0
0.1562499999999042 1.21875 0
0.156249999999934 1.25 0
0.1562499999999639 1.28125 0
0.1562499999999938 1.3125 0
0.1562500000000236 1.34375 0
0.1562500000000534 1.375 0
0.1562500000000833 1.40625 0
0.1562500000001132 1.4375 0
0.156250000000143 1.46875 0
0.1562500000001728 1.5 0
0.1562500000002026 1.53125 0
0.1562500000002325 1.5625 0
0.1562500000002624 1.59375 0
0.1562500000002922 1.625 0
0.156250000000322 1.65625 0
0.1562500000003519 1.6875 0
0.1562500000003817 1.71875 0
0.1562500000004116 1.75 0
0.1562500000004415 1.78125 0
0.1562500000004713 1.8125 0
0.1562500000005012 1.84375 0
0.156250000000531 1.875 0
0.1562500000005608 1.90625 0
0.1562500000005907 1.9375 0
0.1562500000006205 1.96875 0
0.1874999999996828 1.03125 0
0.1874999999997183 1.0625 0
0.1874999999997536 1.09375 0
0.187499999999789 1.125 0
0.1874999999998245 1.15625 0
0.1874999999998598 1.1875 0
0.1874999999998953 1.21875 0
0.1874999999999307 1.25 0
0.1874999999999661 1.28125 0
0.1875000000000015 1.3125 0
0.1875000000000369 1.34375 0
0.1875000000000724 1.375 0
0.1875000000001077 1.40625 0
0.1875000000001431 1.4375 0
0.1875000000001785 1.46875 0
0.187500000000214 1.5 0
0.1875000000002493 1.53125 0
0.1875000000002848 1.5625 0
0.1875000000003202 1.59375 0
0.1875000000003556 1.625 0
0.187500000000391 1.65625 0
0.1875000000004264 1.6875 0
0.1875000000004618 1.71875 0
0.1875000000004972 1.75 0
0.1875000000005327 1.78125 0
0.187500000000568 1.8125 0
0.1875000000006035 1.84375 0
0.1875000000006389 1.875 0
0.1875000000006743 1.90625 0
0.1875000000007096 1.9375 0
0.187500000000745 1.96875 0
0.2187499999996405 1.03125 0
0.2187499999996815 1.0625 0
0.2187499999997225 1.09375 0
0.2187499999997634 1.125 0
0.2187499999998043 1.15625 0
0.2187499999998453 1.1875 0
0.2187499999998863 1.21875 0
0.2187499999999272 1.25 0
0.2187499999999682 1.28125 0
0.2187500000000092 1.3125 0
0.2187500000000501 1.34375 0
0.2187500000000911 1.375 0
0.2187500000001321 1.40625 0
0.218750000000173 1.4375 0
0.218750000000214 1.46875 0
0.218750000000255 1.5 0
0.2187500000002959 1.53125 0
0.2187500000003369 1.5625 0
0.2187500000003779 1.59375 0
0.2187500000004188 1.625 0
0.2187500000004598 1.65625 0
0.2187500000005007 1.6875 0
0.2187500000005417 1.71875 0
0.2187500000005827 1.75 0
0.2187500000006237 1.78125 0
0.2187500000006646 1.8125 0
0.2187500000007056 1.84375 0
0.2187500000007465 1.875 0
0.2187500000007875 1.90625 0
0.2187500000008284 1.9375 0
0.2187500000008694 1.96875 0
0.249999999999593 1.03125 0
0.2499999999996397 1.0625 0
0.2499999999996864 1.09375 0
0.249999999999733 1.125 0
0.2499999999997797 1.15625 0
0.2499999999998264 1.1875 0
0.2499999999998732 1.21875 0
0.2499999999999198 1.25 0
0.2499999999999665 1.28125 0
0.2500000000000133 1.3125 0
0.2500000000000599 1.34375 0
0.2500000000001065 1.375 0
0.2500000000001533 1.40625 0
0.2500000000002 1.4375 0
0.2500000000002467 1.46875 0
0.2500000000002934 1.5 0
0.2500000000003401 1.53125 0
0.2500000000003867 1.5625 0
0.2500000000004334 1.59375 0
0.2500000000004802 1.625 0
0.2500000000005269 1.65625 0
0.2500000000005736 1.6875 0
0.2500000000006202 1.71875 0
0.250000000000667 1.75 0
0.2500000000007136 1.78125 0
0.2500000000007603 1.8125 0
0.2500000000008071 1.84375 0
0.2500000000008537 1.875 0
0.2500000000009004 1.90625 0
0.2500000000009471 1.9375 0
0.2500000000009938 1.96875 0
0.2812499999995139 1.03125 0
0.2812499999995673 1.0625 0
0.2812499999996207 1.09375 0
0.2812499999996743 1.125 0
0.2812499999997278 1.15625 0
0.2812499999997811 1.1875 0
0.2812499999998346 1.21875 0
0.281249999999888 1.25 0
0.2812499999999414 1.28125 0
0.2812499999999949 1.3125 0
0.2812500000000483 1.34375 0
0.2812500000001017 1.375 0
0.2812500000001552 1.40625 0
0.2812500000002086 1.4375 0
0.281250000000262 1.46875 0
0.2812500000003155 1.5 0
0.281250000000369 1.53125 0
0.2812500000004224 1.5625 0
0.2812500000004758 1.59375 0
0.2812500000005294 1.625 0
0.2812500000005828 1.65625 0
0.2812500000006362 1.6875 0
0.2812500000006897 1.71875 0
0.2812500000007431 1.75 0
0.2812500000007965 1.78125 0
0.28125000000085 1.8125 0
0.2812500000009034 1.84375 0
0.2812500000009568 1.875 0
0.2812500000010103 1.90625 0
0.2812500000010637 1.9375 0
0.2812500000011171 1.96875 0
0.3124999999994296 1.03125 0
0.3124999999994899 1.0625 0
0.3124999999995502 1.09375 0
0.3124999999996106 1.125 0
0.312499999999671 1.15625 0
0.3124999999997314 1.1875 0
0.3124999999997917 1.21875 0
0.3124999999998521 1.25 0
0.3124999999999125 1.28125 0
0.3124999999999728 1.3125 0
0.3125000000000331 1.34375 0
0.3125000000000936 1.375 0
0.3125000000001539 1.40625 0
0.3125000000002143 1.4375 0
0.3125000000002747 1.46875 0
0.312500000000335 1.5 0
0.3125000000003954 1.53125 0
0.3125000000004556 1.5625 0
0.3125000000005161 1.59375 0
0.3125000000005764 1.625 0
0.3125000000006367 1.65625 0
0.3125000000006971 1.6875 0
0.3125000000007575 1.71875 0
0.3125000000008179 1.75 0
0.3125000000008782 1.78125 0
0.3125000000009386 1.8125 0
0.3125000000009989 1.84375 0
0.3125000000010593 1.875 0
0.3125000000011197 1.90625 0
0.3125000000011801 1.9375 0
0.3125000000012405 1.96875 0
0.3437499999993453 1.03125 0
0.3437499999994127 1.0625 0
0.3437499999994797 1.09375 0
0.3437499999995471 1.125 0
0.3437499999996144 1.15625 0
0.3437499999996816 1.1875 0
0.343749999999749 1.21875 0
0.3437499999998163 1.25 0
0.3437499999998835 1.28125 0
0.3437499999999507 1.3125 0
0.343750000000018 1.34375 0
0.3437500000000854 1.375 0
0.3437500000001527 1.40625 0
0.3437500000002198 1.4375 0
0.3437500000002871 1.46875 0
0.3437500000003544 1.5 0
0.3437500000004218 1.53125 0
0.3437500000004889 1.5625 0
0.3437500000005562 1.59375 0
0.3437500000006235 1.625 0
0.3437500000006908 1.65625 0
0.3437500000007581 1.6875 0
0.3437500000008253 1.71875 0
0.3437500000008926 1.75 0
0.3437500000009599 1.78125 0
0.3437500000010272 1.8125 0
0.3437500000010945 1.84375 0
0.3437500000011617 1.875 0
0.343750000001229 1.90625 0
0.3437500000012963 1.9375 0
0.3437500000013636 1.96875 0
0.3749999999992609 1.03125 0
0.3749999999993353 1.0625 0
0.3749999999994094 1.09375 0
0.3749999999994835 1.125 0
0.3749999999995578 1.15625 0
0.374999999999632 1.1875 0
0.3749999999997061 1.21875 0
0.3749999999997802 1.25 0
0.3749999999998546 1.28125 0
0.3749999999999286 1.3125 0
0.3750000000000029 1.34375 0
0.375000000000077 1.375 0
0.3750000000001512 1.40625 0
0.3750000000002254 1.4375 0
0.3750000000002996 1.46875 0
0.3750000000003738 1.5 0
0.375000000000448 1.53125 0
0.3750000000005222 1.5625 0
0.3750000000005963 1.59375 0
0.3750000000006705 1.625 0
0.3750000000007447 1.65625 0
0.3750000000008189 1.6875 0
0.3750000000008931 1.71875 0
0.3750000000009672 1.75 0
0.3750000000010415 1.78125 0
0.3750000000011156 1.8125 0
0.3750000000011898 1.84375 0
0.3750000000012641 1.875 0
0.3750000000013383 1.90625 0
0.3750000000014124 1.9375 0
0.3750000000014866 1.96875 0
0.4062499999991768 1.03125 0
0.4062499999992578 1.0625 0
0.4062499999993389 1.09375 0
0.40624999999942 1.125 0
0.4062499999995012 1.15625 0
0.4062499999995822 1.1875 0
0.4062499999996633 1.21875 0
0.4062499999997445 1.25 0
0.4062499999998256 1.28125 0
0.4062499999999066 1.3125 0
0.4062499999999877 1.34375 0
0.4062500000000688 1.375 0
0.4062500000001499 1.40625 0
0.406250000000231 1.4375 0
0.4062500000003122 1.46875 0
0.4062500000003932 1.5 0
0.4062500000004743 1.53125 0
0.4062500000005554 1.5625 0
0.4062500000006366 1.59375 0
0.4062500000007176 1.625 0
0.4062500000007988 1.65625 0
0.4062500000008799 1.6875 0
0.4062500000009609 1.71875 0
0.4062500000010419 1.75 0
0.4062500000011232 1.78125 0
0.4062500000012043 1.8125 0
0.4062500000012853 1.84375 0
0.4062500000013665 1.875 0
0.4062500000014476 1.90625 0
0.4062500000015287 1.9375 0
0.4062500000016097 1.96875 0
0.4374999999990924 1.03125 0
0.4374999999991803 1.0625 0
0.4374999999992685 1.09375 0
0.4374999999993564 1.125 0
0.4374999999994444 1.15625 0
0.4374999999995325 1.1875 0
0.4374999999996205 1.21875 0
0.4374999999997085 1.25 0
0.4374999999997965 1.28125 0
0.4374999999998845 1.3125 0
0.4374999999999726 1.34375 0
0.4375000000000606 1.375 0
0.4375000000001485 1.40625 0
0.4375000000002367 1.4375 0
0.4375000000003246 1.46875 0
0.4375000000004127 1.5 0
0.4375000000005007 1.53125 0
0.4375000000005886 1.5625 0
0.4375000000006768 1.59375 0
0.4375000000007647 1.625 0
0.4375000000008528 1.65625 0
0.4375000000009408 1.6875 0
0.4375000000010288 1.71875 0
0.4375000000011169 1.75 0
0.4375000000012048 1.78125 0
0.4375000000012927 1.8125 0
0.4375000000013809 1.84375 0
0.4375000000014689 1.875 0
0.437500000001557 1.90625 0
0.4375000000016449 1.9375 0
0.4375000000017331 1.96875 0
0.4687499999990081 1.03125 0
0.4687499999991031 1.0625 0
0.4687499999991981 1.09375 0
0.4687499999992929 1.125 0
0.4687499999993878 1.15625 0
0.4687499999994827 1.1875 0
0.4687499999995777 1.21875 0
0.4687499999996726 1.25 0
0.4687499999997676 1.28125 0
0.4687499999998624 1.3125 0
0.4687499999999574 1.34375 0
0.4687500000000523 1.375 0
0.4687500000001473 1.40625 0
0.4687500000002421 1.4375 0
0.4687500000003372 1.46875 0
0.4687500000004321 1.5 0
0.468750000000527 1.53125 0
0.4687500000006221 1.5625 0
0.4687500000007169 1.59375 0
0.4687500000008119 1.625 0
0.4687500000009068 1.65625 0
0.4687500000010018 1.6875 0
0.4687500000010968 1.71875 0
0.4687500000011916 1.75 0
0.4687500000012866 1.78125 0
0.4687500000013816 1.8125 0
0.4687500000014764 1.84375 0
0.4687500000015713 1.875 0
0.4687500000016663 1.90625 0
0.4687500000017611 1.9375 0
0.4687500000018562 1.96875 0
0.4999999999989237 1.03125 0
0.4999999999990256 1.0625 0
0.4999999999991274 1.09375 0
0.4999999999992293 1.125 0
0.4999999999993312 1.15625 0
0.499999999999433 1.1875 0
0.4999999999995348 1.21875 0
0.4999999999996366 1.25 0
0.4999999999997385 1.28125 0
0.4999999999998405 1.3125 0
0.4999999999999422 1.34375 0
0.5000000000000441 1.375 0
0.5000000000001458 1.40625 0
0.5000000000002477 1.4375 0
0.5000000000003496 1.46875 0
0.5000000000004515 1.5 0
0.5000000000005532 1.53125 0
0.5000000000006551 1.5625 0
0.5000000000007571 1.59375 0
0.5000000000008588 1.625 0
0.5000000000009607 1.65625 0
0.5000000000010626 1.6875 0
0.5000000000011643 1.71875 0
0.5000000000012662 1.75 0
0.5000000000013681 1.78125 0
0.5000000000014698 1.8125 0
0.5000000000015717 1.84375 0
0.5000000000016737 1.875 0
0.5000000000017754 1.90625 0
0.5000000000018773 1.9375 0
0.5000000000019792 1.96875 0
0.5312499999988394 1.03125 0
0.5312499999989482 1.0625 0
0.5312499999990572 1.09375 0
0.5312499999991658 1.125 0
0.5312499999992746 1.15625 0
0.5312499999993832 1.1875 0
0.531249999999492 1.21875 0
0.5312499999996008 1.25 0
0.5312499999997096 1.28125 0
0.5312499999998184 1.3125 0
0.5312499999999272 1.34375 0
0.5312500000000357 1.375 0
0.5312500000001448 1.40625 0
0.5312500000002534 1.4375 0
0.5312500000003622 1.46875 0
0.531250000000471 1.5 0
0.5312500000005798 1.53125 0
0.5312500000006883 1.5625 0
0.5312500000007971 1.59375 0
0.5312500000009059 1.625 0
0.5312500000010147 1.65625 0
0.5312500000011235 1.6875 0
0.5312500000012321 1.71875 0
0.5312500000013411 1.75 0
0.5312500000014497 1.78125 0
0.5312500000015585 1.8125 0
0.5312500000016673 1.84375 0
0.5312500000017761 1.875 0
0.5312500000018847 1.90625 0
0.5312500000019935 1.9375 0
0.5312500000021023 1.96875 0
0.5624999999987553 1.03125 0
0.5624999999988708 1.0625 0
0.5624999999989863 1.09375 0
0.5624999999991022 1.125 0
0.5624999999992181 1.15625 0
0.5624999999993335 1.1875 0
0.562499999999449 1.21875 0
0.5624999999995649 1.25 0
0.5624999999996804 1.28125 0
0.5624999999997963 1.3125 0
0.5624999999999117 1.34375 0
0.5625000000000276 1.375 0
0.5625000000001431 1.40625 0
0.562500000000259 1.4375 0
0.5625000000003745 1.46875 0
0.5625000000004904 1.5 0
0.5625000000006058 1.53125 0
0.5625000000007218 1.5625 0
0.5625000000008372 1.59375 0
0.5625000000009531 1.625 0
0.5625000000010686 1.65625 0
0.5625000000011845 1.6875 0
0.5625000000013 1.71875 0
0.5625000000014159 1.75 0
0.5625000000015313 1.78125 0
0.5625000000016472 1.8125 0
0.5625000000017627 1.84375 0
0.5625000000018786 1.875 0
0.5625000000019941 1.90625 0
0.56250000000211 1.9375 0
0.5625000000022254 1.96875 0
0.5937499999986711 1.03125 0
0.5937499999987936 1.0625 0
0.593749999998916 1.09375 0
0.5937499999990385 1.125 0
0.5937499999991611 1.15625 0
0.5937499999992839 1.1875 0
0.5937499999994065 1.21875 0
0.593749999999529 1.25 0
0.5937499999996516 1.28125 0
0.5937499999997742 1.3125 0
0.5937499999998967 1.34375 0
0.5937500000000195 1.375 0
0.5937500000001419 1.40625 0
0.5937500000002647 1.4375 0
0.5937500000003872 1.46875 0
0.5937500000005098 1.5 0
0.5937500000006324 1.53125 0
0.593750000000755 1.5625 0
0.5937500000008777 1.59375 0
0.5937500000010001 1.625 0
0.5937500000011229 1.65625 0
0.5937500000012454 1.6875 0
0.593750000001368 1.71875 0
0.5937500000014906 1.75 0
0.5937500000016132 1.78125 0
0.5937500000017357 1.8125 0
0.5937500000018583 1.84375 0
0.5937500000019811 1.875 0
0.5937500000021034 1.90625 0
0.5937500000022262 1.9375 0
0.5937500000023486 1.96875 0
0.6249999999985864 1.03125 0
0.624999999998716 1.0625 0
0.6249999999988455 1.09375 0
0.6249999999989749 1.125 0
0.6249999999991049 1.15625 0
0.6249999999992339 1.1875 0
0.6249999999993637 1.21875 0
0.6249999999994932 1.25 0
0.6249999999996226 1.28125 0
0.6249999999997521 1.3125 0
0.6249999999998815 1.34375 0
0.6250000000000114 1.375 0
0.6250000000001407 1.40625 0
0.6250000000002703 1.4375 0
0.6250000000003998 1.46875 0
0.6250000000005292 1.5 0
0.6250000000006587 1.53125 0
0.6250000000007881 1.5625 0
0.6250000000009178 1.59375 0
0.6250000000010473 1.625 0
0.6250000000011767 1.65625 0
0.6250000000013064 1.6875 0
0.6250000000014359 1.71875 0
0.6250000000015653 1.75 0
0.625000000001695 1.78125 0
0.6250000000018241 1.8125 0
0.625000000001954 1.84375 0
0.6250000000020836 1.875 0
0.6250000000022128 1.90625 0
0.6250000000023425 1.9375 0
0.6250000000024721 1.96875 0
0.6562499999985021 1.03125 0
0.6562499999986386 1.0625 0
0.656249999998775 1.09375 0
0.6562499999989115 1.125 0
0.6562499999990479 1.15625 0
0.6562499999991842 1.1875 0
0.6562499999993208 1.21875 0
0.6562499999994571 1.25 0
0.6562499999995937 1.28125 0
0.65624999999973 1.3125 0
0.6562499999998663 1.34375 0
0.6562500000000029 1.375 0
0.6562500000001392 1.40625 0
0.6562500000002758 1.4375 0
0.6562500000004121 1.46875 0
0.6562500000005485 1.5 0
0.656250000000685 1.53125 0
0.6562500000008213 1.5625 0
0.6562500000009579 1.59375 0
0.6562500000010942 1.625 0
0.6562500000012306 1.65625 0
0.6562500000013671 1.6875 0
0.6562500000015035 1.71875 0
0.65625000000164 1.75 0
0.6562500000017764 1.78125 0
0.6562500000019127 1.8125 0
0.6562500000020492 1.84375 0
0.6562500000021858 1.875 0
0.6562500000023221 1.90625 0
0.6562500000024585 1.9375 0
0.6562500000025948 1.96875 0
0.687499999998418 1.03125 0
0.687499999998561 1.0625 0
0.6874999999987048 1.09375 0
0.6874999999988479 1.125 0
0.6874999999989914 1.15625 0
0.6874999999991346 1.1875 0
0.687499999999278 1.21875 0
0.6874999999994215 1.25 0
0.6874999999995645 1.28125 0
0.6874999999997079 1.3125 0
0.6874999999998513 1.34375 0
0.6874999999999948 1.375 0
0.687500000000138 1.40625 0
0.6875000000002812 1.4375 0
0.6875000000004249 1.46875 0
0.6875000000005681 1.5 0
0.6875000000007113 1.53125 0
0.6875000000008548 1.5625 0
0.6875000000009982 1.59375 0
0.6875000000011414 1.625 0
0.6875000000012849 1.65625 0
0.6875000000014281 1.6875 0
0.6875000000015713 1.71875 0
0.6875000000017147 1.75 0
0.6875000000018582 1.78125 0
0.6875000000020014 1.8125 0
0.6875000000021448 1.84375 0
0.6875000000022881 1.875 0
0.6875000000024316 1.90625 0
0.6875000000025749 1.9375 0
0.6875000000027182 1.96875 0
0.7187499999983336 1.03125 0
0.7187499999984839 1.0625 0
0.718749999998634 1.09375 0
0.7187499999987843 1.125 0
0.7187499999989346 1.15625 0
0.718749999999085 1.1875 0
0.7187499999992351 1.21875 0
0.7187499999993854 1.25 0
0.7187499999995355 1.28125 0
0.7187499999996858 1.3125 0
0.7187499999998361 1.34375 0
0.7187499999999865 1.375 0
0.7187500000001366 1.40625 0
0.7187500000002871 1.4375 0
0.7187500000004372 1.46875 0
0.7187500000005873 1.5 0
0.7187500000007379 1.53125 0
0.718750000000888 1.5625 0
0.7187500000010381 1.59375 0
0.7187500000011886 1.625 0
0.7187500000013387 1.65625 0
0.718750000001489 1.6875 0
0.7187500000016394 1.71875 0
0.7187500000017895 1.75 0
0.7187500000019398 1.78125 0
0.7187500000020901 1.8125 0
0.7187500000022402 1.84375 0
0.7187500000023908 1.875 0
0.7187500000025409 1.90625 0
0.718750000002691 1.9375 0
0.7187500000028415 1.96875 0
0.7499999999982494 1.03125 0
0.7499999999984066 1.0625 0
0.7499999999985636 1.09375 0
0.7499999999987208 1.125 0
0.7499999999988782 1.15625 0
0.7499999999990352 1.1875 0
0.7499999999991922 1.21875 0
0.7499999999993496 1.25 0
0.7499999999995068 1.28125 0
0.749999999999664 1.3125 0
0.749999999999821 1.34375 0
0.7499999999999782 1.375 0
0.7500000000001357 1.40625 0
0.7500000000002927 1.4375 0
0.7500000000004496 1.46875 0
0.7500000000006068 1.5 0
0.7500000000007643 1.53125 0
0.7500000000009213 1.5625 0
0.7500000000010785 1.59375 0
0.7500000000012357 1.625 0
0.7500000000013929 1.65625 0
0.7500000000015501 1.6875 0
0.7500000000017073 1.71875 0
0.7500000000018643 1.75 0
0.7500000000020215 1.78125 0
0.7500000000021787 1.8125 0
0.7500000000023359 1.84375 0
0.7500000000024929 1.875 0
0.7500000000026501 1.90625 0
0.7500000000028073 1.9375 0
0.7500000000029645 1.96875 0
0.7812499999981651 1.03125 0
0.781249999998329 1.0625 0
0.7812499999984933 1.09375 0
0.7812499999986574 1.125 0
0.7812499999988213 1.15625 0
0.7812499999989856 1.1875 0
0.7812499999991497 1.21875 0
0.7812499999993135 1.25 0
0.781249999999478 1.28125 0
0.781249999999642 1.3125 0
0.7812499999998058 1.34375 0
0.7812499999999701 1.375 0
0.781250000000134 1.40625 0
0.7812500000002981 1.4375 0
0.7812500000004624 1.46875 0
0.7812500000006265 1.5 0
0.7812500000007904 1.53125 0
0.7812500000009547 1.5625 0
0.7812500000011185 1.59375 0
0.7812500000012826 1.625 0
0.781250000001447 1.65625 0
0.781250000001611 1.6875 0
0.781250000001775 1.71875 0
0.7812500000019392 1.75 0
0.7812500000021031 1.78125 0
0.7812500000022674 1.8125 0
0.7812500000024313 1.84375 0
0.7812500000025956 1.875 0
0.7812500000027595 1.90625 0
0.7812500000029238 1.9375 0
0.7812500000030876 1.96875 0
0.8124999999980806 1.03125 0
0.8124999999982518 1.0625 0
0.8124999999984228 1.09375 0
0.8124999999985938 1.125 0
0.812499999998765 1.15625 0
0.812499999998936 1.1875 0
0.8124999999991069 1.21875 0
0.8124999999992779 1.25 0
0.8124999999994489 1.28125 0
0.8124999999996199 1.3125 0
0.8124999999997906 1.34375 0
0.8124999999999616 1.375 0
0.8125000000001328 1.40625 0
0.8125000000003038 1.4375 0
0.8125000000004747 1.46875 0
0.8125000000006457 1.5 0
0.8125000000008169 1.53125 0
0.8125000000009879 1.5625 0
0.8125000000011589 1.59375 0
0.8125000000013298 1.625 0
0.8125000000015006 1.65625 0
0.8125000000016716 1.6875 0
0.8125000000018425 1.71875 0
0.8125000000020139 1.75 0
0.8125000000021849 1.78125 0
0.8125000000023559 1.8125 0
0.8125000000025269 1.84375 0
0.8125000000026978 1.875 0
0.8125000000028688 1.90625 0
0.8125000000030398 1.9375 0
0.8125000000032108 1.96875 0
0.8437499999979964 1.03125 0
0.8437499999981745 1.0625 0
0.8437499999983523 1.09375 0
0.8437499999985302 1.125 0
0.843749999998708 1.15625 0
0.8437499999988859 1.1875 0
0.8437499999990641 1.21875 0
0.8437499999992418 1.25 0
0.8437499999994197 1.28125 0
0.8437499999995978 1.3125 0
0.8437499999997755 1.34375 0
0.8437499999999536 1.375 0
0.8437500000001313 1.40625 0
0.8437500000003092 1.4375 0
0.8437500000004873 1.46875 0
0.8437500000006651 1.5 0
0.843750000000843 1.53125 0
0.8437500000010211 1.5625 0
0.8437500000011989 1.59375 0
0.8437500000013769 1.625 0
0.8437500000015545 1.65625 0
0.8437500000017325 1.6875 0
0.8437500000019106 1.71875 0
0.8437500000020884 1.75 0
0.8437500000022664 1.78125 0
0.8437500000024444 1.8125 0
0.8437500000026225 1.84375 0
0.8437500000028001 1.875 0
0.8437500000029782 1.90625 0
0.843750000003156 1.9375 0
0.8437500000033339 1.96875 0
0.8749999999979123 1.03125 0
0.8749999999980969 1.0625 0
0.8749999999982818 1.09375 0
0.8749999999984666 1.125 0
0.8749999999986515 1.15625 0
0.874999999998836 1.1875 0
0.874999999999021 1.21875 0
0.8749999999992057 1.25 0
0.8749999999993907 1.28125 0
0.8749999999995757 1.3125 0
0.8749999999997604 1.34375 0
0.8749999999999454 1.375 0
0.8750000000001301 1.40625 0
0.8750000000003151 1.4375 0
0.8750000000004998 1.46875 0
0.8750000000006846 1.5 0
0.8750000000008693 1.53125 0
0.8750000000010543 1.5625 0
0.8750000000012392 1.59375 0
0.875000000001424 1.625 0
0.8750000000016087 1.65625 0
0.8750000000017935 1.6875 0
0.8750000000019784 1.71875 0
0.8750000000021634 1.75 0
0.8750000000023481 1.78125 0
0.8750000000025329 1.8125 0
0.8750000000027178 1.84375 0
0.8750000000029028 1.875 0
0.8750000000030875 1.90625 0
0.8750000000032723 1.9375 0
0.875000000003457 1.96875 0
0.906249999997828 1.03125 0
0.9062499999980196 1.0625 0
0.9062499999982114 1.09375 0
0.9062499999984033 1.125 0
0.9062499999985947 1.15625 0
0.9062499999987865 1.1875 0
0.9062499999989784 1.21875 0
0.90624999999917 1.25 0
0.9062499999993618 1.28125 0
0.9062499999995537 1.3125 0
0.9062499999997453 1.34375 0
0.9062499999999372 1.375 0
0.906250000000129 1.40625 0
0.9062500000003204 1.4375 0
0.9062500000005123 1.46875 0
0.9062500000007041 1.5 0
0.9062500000008959 1.53125 0
0.9062500000010878 1.5625 0
0.9062500000012792 1.59375 0
0.906250000001471 1.625 0
0.9062500000016629 1.65625 0
0.9062500000018545 1.6875 0
0.9062500000020464 1.71875 0
0.9062500000022382 1.75 0
0.9062500000024298 1.78125 0
0.9062500000026217 1.8125 0
0.9062500000028135 1.84375 0
0.9062500000030049 1.875 0
0.9062500000031968 1.90625 0
0.9062500000033886 1.9375 0
0.9062500000035805 1.96875 0
0.9374999999977434 1.03125 0
0.9374999999979421 1.0625 0
0.937499999998141 1.09375 0
0.9374999999983396 1.125 0
0.9374999999985381 1.15625 0
0.9374999999987368 1.1875 0
0.9374999999989355 1.21875 0
0.937499999999134 1.25 0
0.937499999999333 1.28125 0
0.9374999999995315 1.3125 0
0.9374999999997302 1.34375 0
0.9374999999999289 1.375 0
0.9375000000001275 1.40625 0
0.937500000000326 1.4375 0
0.9375000000005247 1.46875 0
0.9375000000007234 1.5 0
0.9375000000009222 1.53125 0
0.9375000000011207 1.5625 0
0.9375000000013194 1.59375 0
0.9375000000015181 1.625 0
0.9375000000017168 1.65625 0
0.9375000000019154 1.6875 0
0.9375000000021139 1.71875 0
0.9375000000023128 1.75 0
0.9375000000025113 1.78125 0
0.9375000000027101 1.8125 0
0.9375000000029086 1.84375 0
0.9375000000031073 1.875 0
0.9375000000033058 1.90625 0
0.9375000000035048 1.9375 0
0.9375000000037033 1.96875 0
0.9687499999976592 1.03125 0
0.9687499999978648 1.0625 0
0.9687499999980704 1.09375 0
0.968749999998276 1.125 0
0.9687499999984814 1.15625 0
0.9687499999986871 1.1875 0
0.9687499999988927 1.21875 0
0.9687499999990985 1.25 0
0.9687499999993039 1.28125 0
0.9687499999995095 1.3125 0
0.9687499999997149 1.34375 0
0.9687499999999205 1.375 0
0.9687500000001261 1.40625 0
0.9687500000003317 1.4375 0
0.9687500000005373 1.46875 0
0.968750000000743 1.5 0
0.9687500000009484 1.53125 0
0.9687500000011542 1.5625 0
0.9687500000013596 1.59375 0
0.9687500000015654 1.625 0
0.9687500000017708 1.65625 0
0.9687500000019762 1.6875 0
0.968750000002182 1.71875 0
0.9687500000023874 1.75 0
0.968750000002593 1.78125 0
0.9687500000027987 1.8125 0
0.9687500000030043 1.84375 0
0.9687500000032099 1.875 0
0.9687500000034155 1.90625 0
0.9687500000036209 1.9375 0
0.9687500000038265 1.96875 0
0.9999999999975946 1.03125 0
0.9999999999978051 1.0625 0
0.9999999999980156 1.09375 0
0.9999999999982261 1.125 0
0.9999999999984366 1.15625 0
0.9999999999986471 1.1875 0
0.9999999999988576 1.21875 0
0.9999999999990681 1.25 0
0.9999999999992786 1.28125 0
0.9999999999994891 1.3125 0
0.9999999999996991 1.34375 0
0.9999999999999096 1.375 0
1.00000000000012 1.40625 0
1.000000000000331 1.4375 0
1.000000000000541 1.46875 0
1.000000000000752 1.5 0
1.000000000000962 1.53125 0
1.000000000001173 1.5625 0
1.000000000001383 1.59375 0
1.000000000001593 1.625 0
1.000000000001804 1.65625 0
1.000000000002014 1.6875 0
1.000000000002225 1.71875 0
1.000000000002435 1.75 0
1.000000000002646 1.78125 0
1.000000000002856 1.8125 0
1.000000000003067 1.84375 0
1.000000000003277 1.875 0
1.000000000003488 1.90625 0
1.000000000003698 1.9375 0
1.000000000003909 1.96875 0
1.031249999997648 1.03125 0
1.031249999997851 1.0625 0
1.031249999998054 1.09375 0
1.031249999998258 1.125 0
1.031249999998461 1.15625 0
1.031249999998664 1.1875 0
1.031249999998867 1.21875 0
1.03124999999907 1.25 0
1.031249999999273 1.28125 0
1.031249999999476 1.3125 0
1.03124999999968 1.34375 0
1.031249999999883 1.375 0
1.031250000000085 1.40625 0
1.031250000000289 1.4375 0
1.031250000000492 1.46875 0
1.031250000000695 1.5 0
1.031250000000898 1.53125 0
1.031250000001102 1.5625 0
1.031250000001305 1.59375 0
1.031250000001508 1.625 0
1.031250000001711 1.65625 0
1.031250000001914 1.6875 0
1.031250000002117 1.71875 0
1.03125000000232 1.75 0
1.031250000002524 1.78125 0
1.031250000002727 1.8125 0
1.03125000000293 1.84375 0
1.031250000003133 1.875 0
1.031250000003336 1.90625 0
1.031250000003539 1.9375 0
1.031250000003742 1.96875 0
1.062499999997721 1.03125 0
1.062499999997915 1.0625 0
1.062499999998109 1.09375 0
1.062499999998303 1.125 0
1.062499999998496 1.15625 0
1.06249999999869 1.1875 0
1.062499999998884 1.21875 0
1.062499999999078 1.25 0
1.062499999999271 1.28125 0
1.062499999999465 1.3125 0
1.062499999999659 1.34375 0
1.062499999999853 1.375 0
1.062500000000047 1.40625 0
1.06250000000024 1.4375 0
1.062500000000434 1.46875 0
1.062500000000628 1.5 0
1.062500000000822 1.53125 0
1.062500000001016 1.5625 0
1.062500000001209 1.59375 0
1.062500000001403 1.625 0
1.062500000001597 1.65625 0
1.062500000001791 1.6875 0
1.062500000001984 1.71875 0
1.062500000002178 1.75 0
1.062500000002372 1.78125 0
1.062500000002566 1.8125 0
1.06250000000276 1.84375 0
1.062500000002953 1.875 0
1.062500000003147 1.90625 0
1.062500000003341 1.9375 0
1.062500000003535 1.96875 0
1.093749999997794 1.03125 0
1.093749999997979 1.0625 0
1.093749999998163 1.09375 0
1.093749999998348 1.125 0
1.093749999998532 1.15625 0
1.093749999998717 1.1875 0
1.093749999998901 1.21875 0
1.093749999999085 1.25 0
1.093749999999269 1.28125 0
1.093749999999454 1.3125 0
1.093749999999639 1.34375 0
1.093749999999823 1.375 0
1.093750000000008 1.40625 0
1.093750000000192 1.4375 0
1.093750000000376 1.46875 0
1.093750000000561 1.5 0
1.093750000000745 1.53125 0
1.093750000000929 1.5625 0
1.093750000001114 1.59375 0
1.093750000001299 1.625 0
1.093750000001483 1.65625 0
1.093750000001668 1.6875 0
1.093750000001852 1.71875 0
1.093750000002036 1.75 0
1.093750000002221 1.78125 0
1.093750000002405 1.8125 0
1.093750000002589 1.84375 0
1.093750000002774 1.875 0
1.093750000002959 1.90625 0
1.093750000003143 1.9375 0
1.093750000003328 1.96875 0
1.124999999997867 1.03125 0
1.124999999998042 1.0625 0
1.124999999998217 1.09375 0
1.124999999998392 1.125 0
1.124999999998567 1.15625 0
1.124999999998743 1.1875 0
1.124999999998918 1.21875 0
1.124999999999093 1.25 0
1.124999999999268 1.28125 0
1.124999999999443 1.3125 0
1.124999999999618 1.34375 0
1.124999999999793 1.375 0
1.124999999999968 1.40625 0
1.125000000000143 1.4375 0
1.125000000000318 1.46875 0
1.125000000000494 1.5 0
1.125000000000669 1.53125 0
1.125000000000844 1.5625 0
1.125000000001019 1.59375 0
1.125000000001194 1.625 0
1.125000000001369 1.65625 0
1.125000000001544 1.6875 0
1.12500000000172 1.71875 0
1.125000000001894 1.75 0
1.125000000002069 1.78125 0
1.125000000002244 1.8125 0
1.125000000002419 1.84375 0
1.125000000002595 1.875 0
1.12500000000277 1.90625 0
1.125000000002945 1.9375 0
1.12500000000312 1.96875 0
1.15624999999794 1.03125 0
1.156249999998106 1.0625 0
1.156249999998272 1.09375 0
1.156249999998437 1.125 0
1.156249999998603 1.15625 0
1.156249999998769 1.1875 0
1.156249999998935 1.21875 0
1.156249999999101 1.25 0
1.156249999999266 1.28125 0
1.156249999999432 1.3125 0
1.156249999999598 1.34375 0
1.156249999999763 1.375 0
1.156249999999929 1.40625 0
1.156250000000095 1.4375 0
1.156250000000261 1.46875 0
1.156250000000427 1.5 0
1.156250000000592 1.53125 0
1.156250000000758 1.5625 0
1.156250000000924 1.59375 0
1.156250000001089 1.625 0
1.156250000001255 1.65625 0
1.156250000001421 1.6875 0
1.156250000001587 1.71875 0
1.156250000001752 1.75 0
1.156250000001918 1.78125 0
1.156250000002084 1.8125 0
1.15625000000225 1.84375 0
1.156250000002415 1.875 0
1.156250000002581 1.90625 0
1.156250000002747 1.9375 0
1.156250000002913 1.96875 0
1.187499999998014 1.03125 0
1.18749999999817 1.0625 0
1.187499999998326 1.09375 0
1.187499999998483 1.125 0
1.187499999998639 1.15625 0
1.187499999998795 1.1875 0
1.187499999998952 1.21875 0
1.187499999999108 1.25 0
1.187499999999265 1.28125 0
1.187499999999421 1.3125 0
1.187499999999577 1.34375 0
1.187499999999734 1.375 0
1.18749999999989 1.40625 0
1.187500000000047 1.4375 0
1.187500000000203 1.46875 0
1.187500000000359 1.5 0
1.187500000000516 1.53125 0
1.187500000000672 1.5625 0
1.187500000000829 1.59375 0
1.187500000000985 1.625 0
1.187500000001141 1.65625 0
1.187500000001298 1.6875 0
1.187500000001454 1.71875 0
1.18750000000161 1.75 0
1.187500000001767 1.78125 0
1.187500000001923 1.8125 0
1.18750000000208 1.84375 0
1.187500000002236 1.875 0
1.187500000002393 1.90625 0
1.187500000002549 1.9375 0
1.187500000002705 1.96875 0
1.218749999998086 1.03125 0
1.218749999998233 1.0625 0
1.21874999999838 1.09375 0
1.218749999998528 1.125 0
1.218749999998675 1.15625 0
1.218749999998822 1.1875 0
1.218749999998969 1.21875 0
1.218749999999116 1.25 0
1.218749999999263 1.28125 0
1.21874999999941 1.3125 0
1.218749999999557 1.34375 0
1.218749999999704 1.375 0
1.218749999999851 1.40625 0
1.218749999999998 1.4375 0
1.218750000000145 1.46875 0
1.218750000000292 1.5 0
1.218750000000439 1.53125 0
1.218750000000586 1.5625 0
1.218750000000733 1.59375 0
1.218750000000881 1.625 0
1.218750000001027 1.65625 0
1.218750000001175 1.6875 0
1.218750000001322 1.71875 0
1.218750000001469 1.75 0
1.218750000001616 1.78125 0
1.218750000001763 1.8125 0
1.21875000000191 1.84375 0
1.218750000002057 1.875 0
1.218750000002204 1.90625 0
1.218750000002351 1.9375 0
1.218750000002498 1.96875 0
1.249999999998159 1.03125 0
1.249999999998298 1.0625 0
1.249999999998435 1.09375 0
1.249999999998572 1.125 0
1.24999999999871 1.15625 0
1.249999999998848 1.1875 0
1.249999999998986 1.21875 0
1.249999999999123 1.25 0
1.249999999999261 1.28125 0
1.249999999999399 1.3125 0
1.249999999999537 1.34375 0
1.249999999999674 1.375 0
1.249999999999812 1.40625 0
1.24999999999995 1.4375 0
1.250000000000087 1.46875 0
1.250000000000225 1.5 0
1.250000000000363 1.53125 0
1.2500000000005 1.5625 0
1.250000000000638 1.59375 0
1.250000000000776 1.625 0
1.250000000000913 1.65625 0
1.250000000001051 1.6875 0
1.250000000001189 1.71875 0
1.250000000001326 1.75 0
1.250000000001464 1.78125 0
1.250000000001602 1.8125 0
1.250000000001739 1.84375 0
1.250000000001877 1.875 0
1.250000000002015 1.90625 0
1.250000000002153 1.9375 0
1.25000000000229 1.96875 0
1.281249999998233 1.03125 0
1.281249999998361 1.0625 0
1.281249999998489 1.09375 0
1.281249999998617 1.125 0
1.281249999998746 1.15625 0
1.281249999998875 1.1875 0
1.281249999999003 1.21875 0
1.281249999999131 1.25 0
1.281249999999259 1.28125 0
1.281249999999388 1.3125 0
1.281249999999516 1.34375 0
1.281249999999644 1.375 0
1.281249999999773 1.40625 0
1.281249999999901 1.4375 0
1.281250000000029 1.46875 0
1.281250000000158 1.5 0
1.281250000000286 1.53125 0
1.281250000000414 1.5625 0
1.281250000000543 1.59375 0
1.281250000000671 1.625 0
1.281250000000799 1.65625 0
1.281250000000928 1.6875 0
1.281250000001056 1.71875 0
1.281250000001185 1.75 0
1.281250000001313 1.78125 0
1.281250000001442 1.8125 0
1.281250000001569 1.84375 0
1.281250000001698 1.875 0
1.281250000001826 1.90625 0
1.281250000001955 1.9375 0
1.281250000002083 1.96875 0
1.312499999998306 1.03125 0
1.312499999998425 1.0625 0
1.312499999998544 1.09375 0
1.312499999998662 1.125 0
1.312499999998782 1.15625 0
1.312499999998901 1.1875 0
1.31249999999902 1.21875 0
1.312499999999139 1.25 0
1.312499999999257 1.28125 0
1.312499999999377 1.3125 0
1.312499999999496 1.34375 0
1.312499999999615 1.375 0
1.312499999999734 1.40625 0
1.312499999999853 1.4375 0
1.312499999999972 1.46875 0
1.312500000000091 1.5 0
1.31250000000021 1.53125 0
1.312500000000329 1.5625 0
1.312500000000448 1.59375 0
1.312500000000567 1.625 0
1.312500000000686 1.65625 0
1.312500000000805 1.6875 0
1.312500000000924 1.71875 0
1.312500000001042 1.75 0
1.312500000001162 1.78125 0
1.312500000001281 1.8125 0
1.312500000001399 1.84375 0
1.312500000001518 1.875 0
1.312500000001637 1.90625 0
1.312500000001757 1.9375 0
1.312500000001875 1.96875 0
1.343749999998379 1.03125 0
1.343749999998489 1.0625 0
1.343749999998598 1.09375 0
1.343749999998707 1.125 0
1.343749999998817 1.15625 0
1.343749999998927 1.1875 0
1.343749999999036 1.21875 0
1.343749999999146 1.25 0
1.343749999999256 1.28125 0
1.343749999999366 1.3125 0
1.343749999999475 1.34375 0
1.343749999999585 1.375 0
1.343749999999694 1.40625 0
1.343749999999804 1.4375 0
1.343749999999914 1.46875 0
1.343750000000023 1.5 0
1.343750000000133 1.53125 0
1.343750000000243 1.5625 0
1.343750000000352 1.59375 0
1.343750000000462 1.625 0
1.343750000000572 1.65625 0
1.343750000000681 1.6875 0
1.343750000000791 1.71875 0
1.3437500000009 1.75 0
1.34375000000101 1.78125 0
1.34375000000112 1.8125 0
1.343750000001229 1.84375 0
1.343750000001339 1.875 0
1.343750000001449 1.90625 0
1.343750000001559 1.9375 0
1.343750000001668 1.96875 0
1.374999999998452 1.03125 0
1.374999999998552 1.0625 0
1.374999999998653 1.09375 0
1.374999999998753 1.125 0
1.374999999998853 1.15625 0
1.374999999998953 1.1875 0
1.374999999999054 1.21875 0
1.374999999999154 1.25 0
1.374999999999254 1.28125 0
1.374999999999354 1.3125 0
1.374999999999455 1.34375 0
1.374999999999555 1.375 0
1.374999999999655 1.40625 0
1.374999999999756 1.4375 0
1.374999999999856 1.46875 0
1.374999999999956 1.5 0
1.375000000000056 1.53125 0
1.375000000000157 1.5625 0
1.375000000000257 1.59375 0
1.375000000000357 1.625 0
1.375000000000458 1.65625 0
1.375000000000558 1.6875 0
1.375000000000658 1.71875 0
1.375000000000759 1.75 0
1.375000000000859 1.78125 0
1.375000000000959 1.8125 0
1.37500000000106 1.84375 0
1.37500000000116 1.875 0
1.37500000000126 1.90625 0
1.375000000001361 1.9375 0
1.375000000001461 1.96875 0
1.406249999998525 1.03125 0
1.406249999998616 1.0625 0
1.406249999998707 1.09375 0
1.406249999998798 1.125 0
1.406249999998889 1.15625 0
1.40624999999898 1.1875 0
1.406249999999071 1.21875 0
1.406249999999162 1.25 0
1.406249999999252 1.28125 0
1.406249999999343 1.3125 0
1.406249999999435 1.34375 0
1.406249999999525 1.375 0
1.406249999999616 1.40625 0
1.406249999999707 1.4375 0
1.406249999999798 1.46875 0
1.406249999999889 1.5 0
1.40624999999998 1.53125 0
1.406250000000071 1.5625 0
1.406250000000162 1.59375 0
1.406250000000253 1.625 0
1.406250000000344 1.65625 0
1.406250000000435 1.6875 0
1.406250000000525 1.71875 0
1.406250000000617 1.75 0
1.406250000000707 1.78125 0
1.406250000000799 1.8125 0
1.40625000000089 1.84375 0
1.40625000000098 1.875 0
1.406250000001072 1.90625 0
1.406250000001162 1.9375 0
1.406250000001254 1.96875 0
1.437499999998598 1.03125 0
1.43749999999868 1.0625 0
1.437499999998761 1.09375 0
1.437499999998842 1.125 0
1.437499999998924 1.15625 0
1.437499999999006 1.1875 0
1.437499999999087 1.21875 0
1.437499999999169 1.25 0
1.43749999999925 1.28125 0
1.437499999999332 1.3125 0
1.437499999999414 1.34375 0
1.437499999999496 1.375 0
1.437499999999577 1.40625 0
1.437499999999659 1.4375 0
1.43749999999974 1.46875 0
1.437499999999822 1.5 0
1.437499999999904 1.53125 0
1.437499999999985 1.5625 0
1.437500000000067 1.59375 0
1.437500000000148 1.625 0
1.43750000000023 1.65625 0
1.437500000000312 1.6875 0
1.437500000000393 1.71875 0
1.437500000000475 1.75 0
1.437500000000556 1.78125 0
1.437500000000638 1.8125 0
1.437500000000719 1.84375 0
1.437500000000801 1.875 0
1.437500000000883 1.90625 0
1.437500000000965 1.9375 0
1.437500000001046 1.96875 0
1.468749999998671 1.03125 0
1.468749999998743 1.0625 0
1.468749999998816 1.09375 0
1.468749999998888 1.125 0
1.46874999999896 1.15625 0
1.468749999999032 1.1875 0
1.468749999999105 1.21875 0
1.468749999999177 1.25 0
1.468749999999249 1.28125 0
1.468749999999321 1.3125 0
1.468749999999393 1.34375 0
1.468749999999466 1.375 0
1.468749999999538 1.40625 0
1.46874999999961 1.4375 0
1.468749999999682 1.46875 0
1.468749999999755 1.5 0
1.468749999999827 1.53125 0
1.4687499999999 1.5625 0
1.468749999999972 1.59375 0
1.468750000000044 1.625 0
1.468750000000116 1.65625 0
1.468750000000188 1.6875 0
1.468750000000261 1.71875 0
1.468750000000333 1.75 0
1.468750000000405 1.78125 0
1.468750000000477 1.8125 0
1.468750000000549 1.84375 0
1.468750000000622 1.875 0
1.468750000000694 1.90625 0
1.468750000000766 1.9375 0
1.468750000000839 1.96875 0
1.499999999998745 1.03125 0
1.499999999998807 1.0625 0
1.49999999999887 1.09375 0
1.499999999998933 1.125 0
1.499999999998995 1.15625 0
1.499999999999059 1.1875 0
1.499999999999122 1.21875 0
1.499999999999185 1.25 0
1.499999999999248 1.28125 0
1.49999999999931 1.3125 0
1.499999999999373 1.34375 0
1.499999999999436 1.375 0
1.499999999999499 1.40625 0
1.499999999999562 1.4375 0
1.499999999999625 1.46875 0
1.499999999999687 1.5 0
1.49999999999975 1.53125 0
1.499999999999813 1.5625 0
1.499999999999877 1.59375 0
1.499999999999939 1.625 0
1.500000000000002 1.65625 0
1.500000000000065 1.6875 0
1.500000000000128 1.71875 0
1.500000000000191 1.75 0
1.500000000000254 1.78125 0
1.500000000000317 1.8125 0
1.50000000000038 1.84375 0
1.500000000000442 1.875 0
1.500000000000505 1.90625 0
1.500000000000568 1.9375 0
1.500000000000631 1.96875 0
1.531249999998818 1.03125 0
1.53124999999887 1.0625 0
1.531249999998925 1.09375 0
1.531249999998977 1.125 0
1.531249999999032 1.15625 0
1.531249999999085 1.1875 0
1.531249999999139 1.21875 0
1.531249999999192 1.25 0
1.531249999999246 1.28125 0
1.531249999999299 1.3125 0
1.531249999999353 1.34375 0
1.531249999999406 1.375 0
1.53124999999946 1.40625 0
1.531249999999513 1.4375 0
1.531249999999567 1.46875 0
1.53124999999962 1.5 0
1.531249999999674 1.53125 0
1.531249999999727 1.5625 0
1.531249999999781 1.59375 0
1.531249999999835 1.625 0
1.531249999999888 1.65625 0
1.531249999999941 1.6875 0
1.531249999999995 1.71875 0
1.531250000000049 1.75 0
1.531250000000103 1.78125 0
1.531250000000156 1.8125 0
1.531250000000209 1.84375 0
1.531250000000263 1.875 0
1.531250000000317 1.90625 0
1.53125000000037 1.9375 0
1.531250000000423 1.96875 0
1.56249999999889 1.03125 0
1.562499999998935 1.0625 0
1.562499999998979 1.09375 0
1.562499999999023 1.125 0
1.562499999999067 1.15625 0
1.562499999999111 1.1875 0
1.562499999999155 1.21875 0
1.562499999999199 1.25 0
1.562499999999244 1.28125 0
1.562499999999288 1.3125 0
1.562499999999333 1.34375 0
1.562499999999376 1.375 0
1.56249999999942 1.40625 0
1.562499999999465 1.4375 0
1.562499999999509 1.46875 0
1.562499999999553 1.5 0
1.562499999999597 1.53125 0
1.562499999999642 1.5625 0
1.562499999999686 1.59375 0
1.56249999999973 1.625 0
1.562499999999774 1.65625 0
1.562499999999818 1.6875 0
1.562499999999862 1.71875 0
1.562499999999907 1.75 0
1.562499999999951 1.78125 0
1.562499999999995 1.8125 0
1.56250000000004 1.84375 0
1.562500000000083 1.875 0
1.562500000000127 1.90625 0
1.562500000000172 1.9375 0
1.562500000000216 1.96875 0
1.593749999998963 1.03125 0
1.593749999998998 1.0625 0
1.593749999999033 1.09375 0
1.593749999999068 1.125 0
1.593749999999103 1.15625 0
1.593749999999137 1.1875 0
1.593749999999172 1.21875 0
1.593749999999207 1.25 0
1.593749999999241 1.28125 0
1.593749999999276 1.3125 0
1.593749999999312 1.34375 0
1.593749999999347 1.375 0
1.593749999999381 1.40625 0
1.593749999999416 1.4375 0
1.593749999999451 1.46875 0
1.593749999999486 1.5 0
1.593749999999521 1.53125 0
1.593749999999556 1.5625 0
1.59374999999959 1.59375 0
1.593749999999625 1.625 0
1.59374999999966 1.65625 0
1.593749999999695 1.6875 0
1.59374999999973 1.71875 0
1.593749999999764 1.75 0
1.593749999999799 1.78125 0
1.593749999999834 1.8125 0
1.593749999999869 1.84375 0
1.593749999999904 1.875 0
1.593749999999939 1.90625 0
1.593749999999974 1.9375 0
1.593750000000008 1.96875 0
1.624999999999036 1.03125 0
1.624999999999062 1.0625 0
1.624999999999087 1.09375 0
1.624999999999113 1.125 0
1.624999999999138 1.15625 0
1.624999999999164 1.1875 0
1.624999999999189 1.21875 0
1.624999999999215 1.25 0
1.624999999999241 1.28125 0
1.624999999999266 1.3125 0
1.624999999999291 1.34375 0
1.624999999999317 1.375 0
1.624999999999342 1.40625 0
1.624999999999368 1.4375 0
1.624999999999393 1.46875 0
1.624999999999418 1.5 0
1.624999999999444 1.53125 0
1.62499999999947 1.5625 0
1.624999999999495 1.59375 0
1.62499999999952 1.625 0
1.624999999999546 1.65625 0
1.624999999999571 1.6875 0
1.624999999999597 1.71875 0
1.624999999999623 1.75 0
1.624999999999648 1.78125 0
1.624999999999674 1.8125 0
1.624999999999699 1.84375 0
1.624999999999725 1.875 0
1.62499999999975 1.90625 0
1.624999999999775 1.9375 0
1.624999999999801 1.96875 0
1.65624999999911 1.03125 0
1.656249999999126 1.0625 0
1.656249999999142 1.09375 0
1.656249999999158 1.125 0
1.656249999999174 1.15625 0
1.65624999999919 1.1875 0
1.656249999999206 1.21875 0
1.656249999999222 1.25 0
1.656249999999239 1.28125 0
1.656249999999255 1.3125 0
1.656249999999271 1.34375 0
1.656249999999287 1.375 0
1.656249999999303 1.40625 0
1.656249999999319 1.4375 0
1.656249999999335 1.46875 0
1.656249999999351 1.5 0
1.656249999999368 1.53125 0
1.656249999999384 1.5625 0
1.6562499999994 1.59375 0
1.656249999999416 1.625 0
1.656249999999432 1.65625 0
1.656249999999448 1.6875 0
1.656249999999464 1.71875 0
1.656249999999481 1.75 0
1.656249999999497 1.78125 0
1.656249999999513 1.8125 0
1.656249999999529 1.84375 0
1.656249999999545 1.875 0
1.656249999999561 1.90625 0
1.656249999999578 1.9375 0
1.656249999999594 1.96875 0
1.687499999999183 1.03125 0
1.68749999999919 1.0625 0
1.687499999999196 1.09375 0
1.687499999999203 1.125 0
1.68749999999921 1.15625 0
1.687499999999217 1.1875 0
1.687499999999223 1.21875 0
1.68749999999923 1.25 0
1.687499999999237 1.28125 0
1.687499999999244 1.3125 0
1.687499999999251 1.34375 0
1.687499999999257 1.375 0
1.687499999999264 1.40625 0
1.687499999999271 1.4375 0
1.687499999999278 1.46875 0
1.687499999999284 1.5 0
1.687499999999291 1.53125 0
1.687499999999298 1.5625 0
1.687499999999305 1.59375 0
1.687499999999312 1.625 0
1.687499999999318 1.65625 0
1.687499999999325 1.6875 0
1.687499999999332 1.71875 0
1.687499999999339 1.75 0
1.687499999999345 1.78125 0
1.687499999999352 1.8125 0
1.687499999999359 1.84375 0
1.687499999999366 1.875 0
1.687499999999372 1.90625 0
1.687499999999379 1.9375 0
1.687499999999386 1.96875 0
1.718749999999256 1.03125 0
1.718749999999253 1.0625 0
1.71874999999925 1.09375 0
1.718749999999248 1.125 0
1.718749999999245 1.15625 0
1.718749999999242 1.1875 0
1.71874999999924 1.21875 0
1.718749999999237 1.25 0
1.718749999999235 1.28125 0
1.718749999999233 1.3125 0
1.71874999999923 1.34375 0
1.718749999999227 1.375 0
1.718749999999225 1.40625 0
1.718749999999222 1.4375 0
1.718749999999219 1.46875 0
1.718749999999217 1.5 0
1.718749999999214 1.53125 0
1.718749999999212 1.5625 0
1.718749999999209 1.59375 0
1.718749999999207 1.625 0
1.718749999999204 1.65625 0
1.718749999999202 1.6875 0
1.718749999999199 1.71875 0
1.718749999999196 1.75 0
1.718749999999194 1.78125 0
1.718749999999191 1.8125 0
1.718749999999189 1.84375 0
1.718749999999186 1.875 0
1.718749999999184 1.90625 0
1.718749999999181 1.9375 0
1.718749999999178 1.96875 0
1.74999999999933 1.03125 0
1.74999999999932 1.0625 0
1.749999999999309 1.09375 0
1.749999999999298 1.125 0
1.749999999999287 1.15625 0
1.749999999999277 1.1875 0
1.749999999999267 1.21875 0
1.749999999999256 1.25 0
1.749999999999245 1.28125 0
1.749999999999235 1.3125 0
1.749999999999224 1.34375 0
1.749999999999214 1.375 0
1.749999999999203 1.40625 0
1.749999999999192 1.4375 0
1.749999999999182 1.46875 0
1.749999999999172 1.5 0
1.749999999999161 1.53125 0
1.74999999999915 1.5625 0
1.74999999999914 1.59375 0
1.749999999999129 1.625 0
1.749999999999118 1.65625 0
1.749999999999109 1.6875 0
1.749999999999098 1.71875 0
1.749999999999087 1.75 0
1.749999999999077 1.78125 0
1.749999999999066 1.8125 0
1.749999999999055 1.84375 0
1.749999999999045 1.875 0
1.749999999999034 1.90625 0
1.749999999999023 1.9375 0
1.749999999999013 1.96875 0
1.781249999999413 1.03125 0
1.781249999999402 1.0625 0
1.781249999999392 1.09375 0
1.781249999999382 1.125 0
1.781249999999371 1.15625 0
1.781249999999361 1.1875 0
1.78124999999935 1.21875 0
1.78124999999934 1.25 0
1.781249999999329 1.28125 0
1.781249999999319 1.3125 0
1.781249999999309 1.34375 0
1.781249999999298 1.375 0
1.781249999999287 1.40625 0
1.781249999999277 1.4375 0
1.781249999999266 1.46875 0
1.781249999999256 1.5 0
1.781249999999246 1.53125 0
1.781249999999235 1.5625 0
1.781249999999225 1.59375 0
1.781249999999214 1.625 0
1.781249999999204 1.65625 0
1.781249999999194 1.6875 0
1.781249999999183 1.71875 0
1.781249999999173 1.75 0
1.781249999999162 1.78125 0
1.781249999999152 1.8125 0
1.781249999999141 1.84375 0
1.781249999999131 1.875 0
1.781249999999121 1.90625 0
1.78124999999911 1.9375 0
1.781249999999099 1.96875 0
1.812499999999496 1.03125 0
1.812499999999488 1.0625 0
1.812499999999479 1.09375 0
1.812499999999469 1.125 0
1.812499999999461 1.15625 0
1.812499999999452 1.1875 0
1.812499999999443 1.21875 0
1.812499999999434 1.25 0
1.812499999999425 1.28125 0
1.812499999999416 1.3125 0
1.812499999999407 1.34375 0
1.812499999999398 1.375 0
1.812499999999389 1.40625 0
1.81249999999938 1.4375 0
1.812499999999372 1.46875 0
1.812499999999362 1.5 0
1.812499999999353 1.53125 0
1.812499999999345 1.5625 0
1.812499999999336 1.59375 0
1.812499999999327 1.625 0
1.812499999999317 1.65625 0
1.812499999999309 1.6875 0
1.8124999999993 1.71875 0
1.812499999999291 1.75 0
1.812499999999282 1.78125 0
1.812499999999273 1.8125 0
1.812499999999264 1.84375 0
1.812499999999255 1.875 0
1.812499999999246 1.90625 0
1.812499999999237 1.9375 0
1.812499999999228 1.96875 0
1.84374999999958 1.03125 0
1.843749999999573 1.0625 0
1.843749999999566 1.09375 0
1.843749999999558 1.125 0
1.843749999999551 1.15625 0
1.843749999999543 1.1875 0
1.843749999999535 1.21875 0
1.843749999999528 1.25 0
1.843749999999521 1.28125 0
1.843749999999513 1.3125 0
1.843749999999506 1.34375 0
1.843749999999498 1.375 0
1.843749999999491 1.40625 0
1.843749999999484 1.4375 0
1.843749999999476 1.46875 0
1.843749999999469 1.5 0
1.843749999999461 1.53125 0
1.843749999999454 1.5625 0
1.843749999999446 1.59375 0
1.843749999999439 1.625 0
1.843749999999432 1.65625 0
1.843749999999424 1.6875 0
1.843749999999416 1.71875 0
1.843749999999409 1.75 0
1.843749999999401 1.78125 0
1.843749999999394 1.8125 0
1.843749999999387 1.84375 0
1.843749999999379 1.875 0
1.843749999999372 1.90625 0
1.843749999999364 1.9375 0
1.843749999999357 1.96875 0
1.874999999999664 1.03125 0
1.874999999999658 1.0625 0
1.874999999999652 1.09375 0
1.874999999999647 1.125 0
1.87499999999964 1.15625 0
1.874999999999635 1.1875 0
1.874999999999629 1.21875 0
1.874999999999623 1.25 0
1.874999999999617 1.28125 0
1.874999999999611 1.3125 0
1.874999999999605 1.34375 0
1.874999999999599 1.375 0
1.874999999999593 1.40625 0
1.874999999999587 1.4375 0
1.87499999999958 1.46875 0
1.874999999999575 1.5 0
1.874999999999569 1.53125 0
1.874999999999563 1.5625 0
1.874999999999557 1.59375 0
1.874999999999551 1.625 0
1.874999999999545 1.65625 0
1.874999999999539 1.6875 0
1.874999999999533 1.71875 0
1.874999999999527 1.75 0
1.874999999999522 1.78125 0
1.874999999999515 1.8125 0
1.874999999999509 1.84375 0
1.874999999999503 1.875 0
1.874999999999497 1.90625 0
1.874999999999492 1.9375 0
1.874999999999485 1.96875 0
1.906249999999748 1.03125 0
1.906249999999744 1.0625 0
1.906249999999739 1.09375 0
1.906249999999734 1.125 0
1.90624999999973 1.15625 0
1.906249999999726 1.1875 0
1.906249999999722 1.21875 0
1.906249999999717 1.25 0
1.906249999999713 1.28125 0
1.906249999999708 1.3125 0
1.906249999999703 1.34375 0
1.906249999999699 1.375 0
1.906249999999695 1.40625 0
1.90624999999969 1.4375 0
1.906249999999686 1.46875 0
1.906249999999681 1.5 0
1.906249999999677 1.53125 0
1.906249999999672 1.5625 0
1.906249999999668 1.59375 0
1.906249999999663 1.625 0
1.906249999999658 1.65625 0
1.906249999999654 1.6875 0
1.90624999999965 1.71875 0
1.906249999999646 1.75 0
1.906249999999641 1.78125 0
1.906249999999637 1.8125 0
1.906249999999632 1.84375 0
1.906249999999627 1.875 0
1.906249999999623 1.90625 0
1.906249999999619 1.9375 0
1.906249999999614 1.96875 0
1.937499999999832 1.03125 0
1.937499999999829 1.0625 0
1.937499999999827 1.09375 0
1.937499999999823 1.125 0
1.93749999999982 1.15625 0
1.937499999999817 1.1875 0
1.937499999999815 1.21875 0
1.937499999999812 1.25 0
1.937499999999808 1.28125 0
1.937499999999805 1.3125 0
1.937499999999802 1.34375 0
1.937499999999799 1.375 0
1.937499999999796 1.40625 0
1.937499999999793 1.4375 0
1.93749999999979 1.46875 0
1.937499999999788 1.5 0
1.937499999999784 1.53125 0
1.937499999999782 1.5625 0
1.937499999999779 1.59375 0
1.937499999999776 1.625 0
1.937499999999773 1.65625 0
1.93749999999977 1.6875 0
1.937499999999767 1.71875 0
1.937499999999764 1.75 0
1.93749999999976 1.78125 0
1.937499999999758 1.8125 0
1.937499999999755 1.84375 0
1.937499999999752 1.875 0
1.937499999999749 1.90625 0
1.937499999999745 1.9375 0
1.937499999999743 1.96875 0
1.968749999999917 1.03125 0
1.968749999999915 1.0625 0
1.968749999999913 1.09375 0
1.968749999999911 1.125 0
1.96874999999991 1.15625 0
1.968749999999909 1.1875 0
1.968749999999907 1.21875 0
1.968749999999906 1.25 0
1.968749999999905 1.28125 0
1.968749999999903 1.3125 0
1.968749999999901 1.34375 0
1.9687499999999 1.375 0
1.968749999999898 1.40625 0
1.968749999999897 1.4375 0
1.968749999999895 1.46875 0
1.968749999999894 1.5 0
1.968749999999892 1.53125 0
1.968749999999891 1.5625 0
1.968749999999889 1.59375 0
1.968749999999888 1.625 0
1.968749999999886 1.65625 0
1.968749999999885 1.6875 0
1.968749999999883 1.71875 0
1.968749999999882 1.75 0
1.96874999999988 1.78125 0
1.968749999999879 1.8125 0
1.968749999999877 1.84375 0
1.968749999999876 1.875 0
1.968749999999874 1.90625 0
1.968749999999873 1.9375 0
1.968749999999871 1.96875 0
$EndNodes
$Elements
10 8576 1 8576
1 1 1 64
1 1 9 
2 9 10 
3 10 11 
4 11 12 
5 12 13 
6 13 14 
7 14 15 
8 15 16 
9 16 17 
10 17 18 
11 18 19 
12 19 20 
13 20 21 
14 21 22 
15 22 23 
16 23 24 
17 24 25 
18 25 26 
19 26 27 
20 27 28 
21 28 29 
22 29 30 
23 30 31 
24 31 32 
25 32 33 
26 33 34 
27 34 35 
28 35 36 
29 36 37 
30 37 38 
31 38 39 
32 39 40 
33 40 41 
34 41 42 
35 42 43 
36 43 44 
37 44 45 
38 45 46 
39 46 47 
40 47 48 
41 48 49 
42 49 50 
43 50 51 
44 51 52 
45 52 53 
46 53 54 
47 54 55 
48 55 56 
49 56 57 
50 57 58 
51 58 59 
52 59 60 
53 60 61 
54 61 62 
55 62 63 
56 63 64 
57 64 65 
58 65 66 
59 66 67 
60 67 68 
61 68 69 
62 69 70 
63 70 71 
64 71 2 
1 2 1 32
65 2 72 
66 72 73 
67 73 74 
68 74 75 
69 75 76 
70 76 77 
71 77 78 
72 78 79 
73 79 80 
74 80 81 
75 81 82 
76 82 83 
77 83 84 
78 84 85 
79 85 86 
80 86 87 
81 87 88 
82 88 89 
83 89 90 
84 90 91 
85 91 92 
86 92 93 
87 93 94 
88 94 95 
89 95 96 
90 96 97 
91 97 98 
92 98 99 
93 99 100 
94 100 101 
95 101 102 
96 102 3 
1 3 1 64
97 4 103 
98 103 104 
99 104 105 
100 105 106 
101 106 107 
102 107 108 
103 108 109 
104 109 110 
105 110 111 
106 111 112 
107 112 113 
108 113 114 
109 114 115 
110 115 116 
111 116 117 
112 117 118 
113 118 119 
114 119 120 
115 120 121 
116 121 122 
117 122 123 
118 123 124 
119 124 125 
120 125 126 
121 126 127 
122 127 128 
123 128 129 
124 129 130 
125 130 131 
126 131 132 
127 132 133 
128 133 134 
129 134 135 
130 135 136 
131 136 137 
132 137 138 
133 138 139 
134 139 140 
135 140 141 
136 141 142 
137 142 143 
138 143 144 
139 144 145 
140 145 146 
141 146 147 
142 147 148 
143 148 149 
144 149 150 
145 150 151 
146 151 152 
147 152 153 
148 153 154 
149 154 155 
150 155 156 
151 156 157 
152 157 158 
153 158 159 
154 159 160 
155 160 161 
156 161 162 
157 162 163 
158 163 164 
159 164 165 
160 165 3 
1 4 1 32
161 4 166 
162 166 167 
163 167 168 
164 168 169 
165 169 170 
166 170 171 
167 171 172 
168 172 173 
169 173 174 
170 174 175 
171 175 176 
172 176 177 
173 177 178 
174 178 179 
175 179 180 
176 180 181 
177 181 182 
178 182 183 
179 183 184 
180 184 185 
181 185 186 
182 186 187 
183 187 188 
184 188 189 
185 189 190 
186 190 191 
187 191 192 
188 192 193 
189 193 194 
190 194 195 
191 195 196 
192 196 1 
1 5 1 64
193 5 197 
194 197 198 
195 198 199 
196 199 200 
197 200 201 
198 201 202 
199 202 203 
200 203 204 
201 204 205 
202 205 206 
203 206 207 
204 207 208 
205 208 209 
206 209 210 
207 210 211 
208 211 212 
209 212 213 
210 213 214 
211 214 215 
212 215 216 
213 216 217 
214 217 218 
215 218 219 
216 219 220 
217 220 221 
218 221 222 
219 222 223 
220 223 224 
221 224 225 
222 225 226 
223 226 227 
224 227 228 
225 228 229 
226 229 230 
227 230 231 
228 231 232 
229 232 233 
230 233 234 
231 234 235 
232 235 236 
233 236 237 
234 237 238 
235 238 239 
236 239 240 
237 240 241 
238 241 242 
239 242 243 
240 243 244 
241 244 245 
242 245 246 
243 246 247 
244 247 248 
245 248 249 
246 249 250 
247 250 251 
248 251 252 
249 252 253 
250 253 254 
251 254 255 
252 255 256 
253 256 257 
254 257 258 
255 258 259 
256 259 6 
1 6 1 32
257 6 260 
258 260 261 
259 261 262 
260 262 263 
261 263 264 
262 264 265 
263 265 266 
264 266 267 
265 267 268 
266 268 269 
267 269 270 
268 270 271 
269 271 272 
270 272 273 
271 273 274 
272 274 275 
273 275 276 
274 276 277 
275 277 278 
276 278 279 
277 279 280 
278 280 281 
279 281 282 
280 282 283 
281 283 284 
282 284 285 
283 285 286 
284 286 287 
285 287 288 
286 288 289 
287 289 290 
288 290 7 
1 7 1 64
289 7 291 
290 291 292 
291 292 293 
292 293 294 
293 294 295 
294 295 296 
295 296 297 
296 297 298 
297 298 299 
298 299 300 
299 300 301 
300 301 302 
301 302 303 
302 303 304 
303 304 305 
304 305 306 
305 306 307 
306 307 308 
307 308 309 
308 309 310 
309 310 311 
310 311 312 
311 312 313 
312 313 314 
313 314 315 
314 315 316 
315 316 317 
316 317 318 
317 318 319 
318 319 320 
319 320 321 
320 321 322 
321 322 323 
322 323 324 
323 324 325 
324 325 326 
325 326 327 
326 327 328 
327 328 329 
328 329 330 
329 330 331 
330 331 332 
331 332 333 
332 333 334 
333 334 335 
334 335 336 
335 336 337 
336 337 338 
337 338 339 
338 339 340 
339 340 341 
340 341 342 
341 342 343 
342 343 344 
343 344 345 
344 345 346 
345 346 347 
346 347 348 
347 348 349 
348 349 350 
349 350 351 
350 351 352 
351 352 353 
352 353 8 
1 8 1 32
353 8 354 
354 354 355 
355 355 356 
356 356 357 
357 357 358 
358 358 359 
359 359 360 
360 360 361 
361 361 362 
362 362 363 
363 363 364 
364 364 365 
365 365 366 
366 366 367 
367 367 368 
368 368 369 
369 369 370 
370 370 371 
371 371 372 
372 372 373 
373 373 374 
374 374 375 
375 375 376 
376 376 377 
377 377 378 
378 378 379 
379 379 380 
380 380 381 
381 381 382 
382 382 383 
383 383 384 
384 384 5 
2 1 2 4096
385 1 9 196 
386 196 9 385 
387 196 385 195 
388 195 385 386 
389 195 386 194 
390 194 386 387 
391 194 387 193 
392 193 387 388 
393 193 388 192 
394 192 388 389 
395 192 389 191 
396 191 389 390 
397 191 390 190 
398 190 390 391 
399 190 391 189 
400 189 391 392 
401 189 392 188 
402 188 392 393 
403 188 393 187 
404 187 393 394 
405 187 394 186 
406 186 394 395 
407 186 395 185 
408 185 395 396 
409 185 396 184 
410 184 396 397 
411 184 397 183 
412 183 397 398 
413 183 398 182 
414 182 398 399 
415 182 399 181 
416 181 399 400 
417 181 400 180 
418 180 400 401 
419 180 401 179 
420 179 401 402 
421 179 402 178 
422 178 402 403 
423 178 403 177 
424 177 403 404 
425 177 404 176 
426 176 404 405 
427 176 405 175 
428 175 405 406 
429 175 406 174 
430 174 406 407 
431 174 407 173 
432 173 407 408 
433 173 408 172 
434 172 408 409 
435 172 409 171 
436 171 409 410 
437 171 410 170 
438 170 410 411 
439 170 411 169 
440 169 411 412 
441 169 412 168 
442 168 412 413 
443 168 413 167 
444 167 413 414 
445 167 414 166 
446 166 414 415 
447 166 415 4 
448 4 415 103 
449 9 10 385 
450 385 10 416 
451 385 416 386 
452 386 416 417 
453 386 417 387 
454 387 417 418 
455 387 418 388 
456 388 418 419 
457 388 419 389 
458 389 419 420 
459 389 420 390 
460 390 420 421 
461 390 421 391 
462 391 421 422 
463 391 422 392 
464 392 422 423 
465 392 423 393 
466 393 423 424 
467 393 424 394 
468 394 424 425 
469 394 425 395 
470 395 425 426 
471 395 426 396 
472 396 426 427 
473 396 427 397 
474 397 427 428 
475 397 428 398 
476 398 428 429 
477 398 429 399 
478 399 429 430 
479 399 430 400 
480 400 430 431 
481 400 431 401 
482 401 431 432 
483 401 432 402 
484 402 432 433 
485 402 433 403 
486 403 433 434 
487 403 434 404 
488 404 434 435 
489 404 435 405 
490 405 435 436 
491 405 436 406 
492 406 436 437 
493 406 437 407 
494 407 437 438 
495 407 438 408 
496 408 438 439 
497 408 439 409 
498 409 439 440 
499 409 440 410 
500 410 440 441 
501 410 441 411 
502 411 441 442 
503 411 442 412 
504 412 442 443 
505 412 443 413 
506 413 443 444 
507 413 444 414 
508 414 444 445 
509 414 445 415 
510 415 445 446 
511 415 446 103 
512 103 446 104 
513 10 11 416 
514 416 11 447 
515 416 447 417 
516 417 447 448 
517 417 448 418 
518 418 448 449 
519 418 449 419 
520 419 449 450 
521 419 450 420 
522 420 450 451 
523 420 451 421 
524 421 451 452 
525 421 452 422 
526 422 452 453 
527 422 453 423 
528 423 453 454 
529 423 454 424 
530 424 454 455 
531 424 455 425 
532 425 455 456 
533 425 456 426 
534 426 456 457 
535 426 457 427 
536 427 457 458 
537 427 458 428 
538 428 458 459 
539 428 459 429 
540 429 459 460 
541 429 460 430 
542 430 460 461 
543 430 461 431 
544 431 461 462 
545 431 462 432 
546 432 462 463 
547 432 463 433 
548 433 463 464 
549 433 464 434 
550 434 464 465 
551 434 465 435 
552 435 465 466 
553 435 466 436 
554 436 466 467 
555 436 467 437 
556 437 467 468 
557 437 468 438 
558 438 468 469 
559 438 469 439 
560 439 469 470 
561 439 470 440 
562 440 470 471 
563 440 471 441 
564 441 471 472 
565 441 472 442 
566 442 472 473 
567 442 473 443 
568 443 473 474 
569 443 474 444 
570 444 474 475 
571 444 475 445 
572 445 475 476 
573 445 476 446 
574 446 476 477 
575 446 477 104 
576 104 477 105 
577 11 12 447 
578 447 12 478 
579 447 478 448 
580 448 478 479 
581 448 479 449 
582 449 479 480 
583 449 480 450 
584 450 480 481 
585 450 481 451 
586 451 481 482 
587 451 482 452 
588 452 482 483 
589 452 483 453 
590 453 483 484 
591 453 484 454 
592 454 484 485 
593 454 485 455 
594 455 485 486 
595 455 486 456 
596 456 486 487 
597 456 487 457 
598 457 487 488 
599 457 488 458 
600 458 488 489 
601 458 489 459 
602 459 489 490 
603 459 490 460 
604 460 490 491 
605 460 491 461 
606 461 491 492 
607 461 492 462 
608 462 492 493 
609 462 493 463 
610 463 493 494 
611 463 494 464 
612 464 494 495 
613 464 495 465 
614 465 495 496 
615 465 496 466 
616 466 496 497 
617 466 497 467 
618 467 497 498 
619 467 498 468 
620 468 498 499 
621 468 499 469 
622 469 499 500 
623 469 500 470 
624 470 500 501 
625 470 501 471 
626 471 501 502 
627 471 502 472 
628 472 502 503 
629 472 503 473 
630 473 503 504 
631 473 504 474 
632 474 504 505 
633 474 505 475 
634 475 505 506 
635 475 506 476 
636 476 506 507 
637 476 507 477 
638 477 507 508 
639 477 508 105 
640 105 508 106 
641 12 13 478 
642 478 13 509 
643 478 509 479 
644 479 509 510 
645 479 510 480 
646 480 510 511 
647 480 511 481 
648 481 511 512 
649 481 512 482 
650 482 512 513 
651 482 513 483 
652 483 513 514 
653 483 514 484 
654 484 514 515 
655 484 515 485 
656 485 515 516 
657 485 516 486 
658 486 516 517 
659 486 517 487 
660 487 517 518 
661 487 518 488 
662 488 518 519 
663 488 519 489 
664 489 519 520 
665 489 520 490 
666 490 520 521 
667 490 521 491 
668 491 521 522 
669 491 522 492 
670 492 522 523 
671 492 523 493 
672 493 523 524 
673 493 524 494 
674 494 524 525 
675 494 525 495 
676 495 525 526 
677 495 526 496 
678 496 526 527 
679 496 527 497 
680 497 527 528 
681 497 528 498 
682 498 528 529 
683 498 529 499 
684 499 529 530 
685 499 530 500 
686 500 530 531 
687 500 531 501 
688 501 531 532 
689 501 532 502 
690 502 532 533 
691 502 533 503 
692 503 533 534 
693 503 534 504 
694 504 534 535 
695 504 535 505 
696 505 535 536 
697 505 536 506 
698 506 536 537 
699 506 537 507 
700 507 537 538 
701 507 538 508 
702 508 538 539 
703 508 539 106 
704 106 539 107 
705 13 14 509 
706 509 14 540 
707 509 540 510 
708 510 540 541 
709 510 541 511 
710 511 541 542 
711 511 542 512 
712 512 542 543 
713 512 543 513 
714 513 543 544 
715 513 544 514 
716 514 544 545 
717 514 545 515 
718 515 545 546 
719 515 546 516 
720 516 546 547 
721 516 547 517 
722 517 547 548 
723 517 548 518 
724 518 548 549 
725 518 549 519 
726 519 549 550 
727 519 550 520 
728 520 550 551 
729 520 551 521 
730 521 551 552 
731 521 552 522 
732 522 552 553 
733 522 553 523 
734 523 553 554 
735 523 554 524 
736 524 554 555 
737 524 555 525 
738 525 555 556 
739 525 556 526 
740 526 556 557 
741 526 557 527 
742 527 557 558 
743 527 558 528 
744 528 558 559 
745 528 559 529 
746 529 559 560 
747 529 560 530 
748 530 560 561 
749 530 561 531 
750 531 561 562 
751 531 562 532 
752 532 562 563 
753 532 563 533 
754 533 563 564 
755 533 564 534 
756 534 564 565 
757 534 565 535 
758 535 565 566 
759 535 566 536 
760 536 566 567 
761 536 567 537 
762 537 567 568 
763 537 568 538 
764 538 568 569 
765 538 569 539 
766 539 569 570 
767 539 570 107 
768 107 570 108 
769 14 15 540 
770 540 15 571 
771 540 571 541 
772 541 571 572 
773 541 572 542 
774 542 572 573 
775 542 573 543 
776 543 573 574 
777 543 574 544 
778 544 574 575 
779 544 575 545 
780 545 575 576 
781 545 576 546 
782 546 576 577 
783 546 577 547 
784 547 577 578 
785 547 578 548 
786 548 578 579 
787 548 579 549 
788 549 579 580 
789 549 580 550 
790 550 580 581 
791 550 581 551 
792 551 581 582 
793 551 582 552 
794 552 582 583 
795 552 583 553 
796 553 583 584 
797 553 584 554 
798 554 584 585 
799 554 585 555 
800 555 585 586 
801 555 586 556 
802 556 586 587 
803 556 587 557 
804 557 587 588 
805 557 588 558 
806 558 588 589 
807 558 589 559 
808 559 589 590 
809 559 590 560 
810 560 590 591 
811 560 591 561 
812 561 591 592 
813 561 592 562 
814 562 592 593 
815 562 593 563 
816 563 593 594 
817 563 594 564 
818 564 594 595 
819 564 595 565 
820 565 595 596 
821 565 596 566 
822 566 596 597 
823 566 597 567 
824 567 597 598 
825 567 598 568 
826 568 598 599 
827 568 599 569 
828 569 599 600 
829 569 600 570 
830 570 600 601 
831 570 601 108 
832 108 601 109 
833 15 16 571 
834 571 16 602 
835 571 602 572 
836 572 602 603 
837 572 603 573 
838 573 603 604 
839 573 604 574 
840 574 604 605 
841 574 605 575 
842 575 605 606 
843 575 606 576 
844 576 606 607 
845 576 607 577 
846 577 607 608 
847 577 608 578 
848 578 608 609 
849 578 609 579 
850 579 609 610 
851 579 610 580 
852 580 610 611 
853 580 611 581 
854 581 611 612 
855 581 612 582 
856 582 612 613 
857 582 613 583 
858 583 613 614 
859 583 614 584 
860 584 614 615 
861 584 615 585 
862 585 615 616 
863 585 616 586 
864 586 616 617 
865 586 617 587 
866 587 617 618 
867 587 618 588 
868 588 618 619 
869 588 619 589 
870 589 619 620 
871 589 620 590 
872 590 620 621 
873 590 621 591 
874 591 621 622 
875 591 622 592 
876 592 622 623 
877 592 623 593 
878 593 623 624 
879 593 624 594 
880 594 624 625 
881 594 625 595 
882 595 625 626 
883 595 626 596 
884 596 626 627 
885 596 627 597 
886 597 627 628 
887 597 628 598 
888 598 628 629 
889 598 629 599 
890 599 629 630 
891 599 630 600 
892 600 630 631 
893 600 631 601 
894 601 631 632 
895 601 632 109 
896 109 632 110 
897 16 17 602 
898 602 17 633 
899 602 633 603 
900 603 633 634 
901 603 634 604 
902 604 634 635 
903 604 635 605 
904 605 635 636 
905 605 636 606 
906 606 636 637 
907 606 637 607 
908 607 637 638 
909 607 638 608 
910 608 638 639 
911 608 639 609 
912 609 639 640 
913 609 640 610 
914 610 640 641 
915 610 641 611 
916 611 641 642 
917 611 642 612 
918 612 642 643 
919 612 643 613 
920 613 643 644 
921 613 644 614 
922 614 644 645 
923 614 645 615 
924 615 645 646 
925 615 646 616 
926 616 646 647 
927 616 647 617 
928 617 647 648 
929 617 648 618 
930 618 648 649 
931 618 649 619 
932 619 649 650 
933 619 650 620 
934 620 650 651 
935 620 651 621 
936 621 651 652 
937 621 652 622 
938 622 652 653 
939 622 653 623 
940 623 653 654 
941 623 654 624 
942 624 654 655 
943 624 655 625 
944 625 655 656 
945 625 656 626 
946 626 656 657 
947 626 657 627 
948 627 657 658 
949 627 658 628 
950 628 658 659 
951 628 659 629 
952 629 659 660 
953 629 660 630 
954 630 660 661 
955 630 661 631 
956 631 661 662 
957 631 662 632 
958 632 662 663 
959 632 663 110 
960 110 663 111 
961 17 18 633 
962 633 18 664 
963 633 664 634 
964 634 664 665 
965 634 665 635 
966 635 665 666 
967 635 666 636 
968 636 666 667 
969 636 667 637 
970 637 667 668 
971 637 668 638 
972 638 668 669 
973 638 669 639 
974 639 669 670 
975 639 670 640 
976 640 670 671 
977 640 671 641 
978 641 671 672 
979 641 672 642 
980 642 672 673 
981 642 673 643 
982 643 673 674 
983 643 674 644 
984 644 674 675 
985 644 675 645 
986 645 675 676 
987 645 676 646 
988 646 676 677 
989 646 677 647 
990 647 677 678 
991 647 678 648 
992 648 678 679 
993 648 679 649 
994 649 679 680 
995 649 680 650 
996 650 680 681 
997 650 681 651 
998 651 681 682 
999 651 682 652 
1000 652 682 683 
1001 652 683 653 
1002 653 683 684 
1003 653 684 654 
1004 654 684 685 
1005 654 685 655 
1006 655 685 686 
1007 655 686 656 
1008 656 686 687 
1009 656 687 657 
1010 657 687 688 
1011 657 688 658 
1012 658 688 689 
1013 658 689 659 
1014 659 689 690 
1015 659 690 660 
1016 660 690 691 
1017 660 691 661 
1018 661 691 692 
1019 661 692 662 
1020 662 692 693 
1021 662 693 663 
1022 663 693 694 
1023 663 694 111 
1024 111 694 112 
1025 18 19 664 
1026 664 19 695 
1027 664 695 665 
1028 665 695 696 
1029 665 696 666 
1030 666 696 697 
1031 666 697 667 
1032 667 697 698 
1033 667 698 668 
1034 668 698 699 
1035 668 699 669 
1036 669 699 700 
1037 669 700 670 
1038 670 700 701 
1039 670 701 671 
1040 671 701 702 
1041 671 702 672 
1042 672 702 703 
1043 672 703 673 
1044 673 703 704 
1045 673 704 674 
1046 674 704 705 
1047 674 705 675 
1048 675 705 706 
1049 675 706 676 
1050 676 706 707 
1051 676 707 677 
1052 677 707 708 
1053 677 708 678 
1054 678 708 709 
1055 678 709 679 
1056 679 709 710 
1057 679 710 680 
1058 680 710 711 
1059 680 711 681 
1060 681 711 712 
1061 681 712 682 
1062 682 712 713 
1063 682 713 683 
1064 683 713 714 
1065 683 714 684 
1066 684 714 715 
1067 684 715 685 
1068 685 715 716 
1069 685 716 686 
1070 686 716 717 
1071 686 717 687 
1072 687 717 718 
1073 687 718 688 
1074 688 718 719 
1075 688 719 689 
1076 689 719 720 
1077 689 720 690 
1078 690 720 721 
1079 690 721 691 
1080 691 721 722 
1081 691 722 692 
1082 692 722 723 
1083 692 723 693 
1084 693 723 724 
1085 693 724 694 
1086 694 724 725 
1087 694 725 112 
1088 112 725 113 
1089 19 20 695 
1090 695 20 726 
1091 695 726 696 
1092 696 726 727 
1093 696 727 697 
1094 697 727 728 
1095 697 728 698 
1096 698 728 729 
1097 698 729 699 
1098 699 729 730 
1099 699 730 700 
1100 700 730 731 
1101 700 731 701 
1102 701 731 732 
1103 701 732 702 
1104 702 732 733 
1105 702 733 703 
1106 703 733 734 
1107 703 734 704 
1108 704 734 735 
1109 704 735 705 
1110 705 735 736 
1111 705 736 706 
1112 706 736 737 
1113 706 737 707 
1114 707 737 738 
1115 707 738 708 
1116 708 738 739 
1117 708 739 709 
1118 709 739 740 
1119 709 740 710 
1120 710 740 741 
1121 710 741 711 
1122 711 741 742 
1123 711 742 712 
1124 712 742 743 
1125 712 743 713 
1126 713 743 744 
1127 713 744 714 
1128 714 744 745 
1129 714 745 715 
1130 715 745 746 
1131 715 746 716 
1132 716 746 747 
1133 716 747 717 
1134 717 747 748 
1135 717 748 718 
1136 718 748 749 
1137 718 749 719 
1138 719 749 750 
1139 719 750 720 
1140 720 750 751 
1141 720 751 721 
1142 721 751 752 
1143 721 752 722 
1144 722 752 753 
1145 722 753 723 
1146 723 753 754 
1147 723 754 724 
1148 724 754 755 
1149 724 755 725 
1150 725 755 756 
1151 725 756 113 
1152 113 756 114 
1153 20 21 726 
1154 726 21 757 
1155 726 757 727 
1156 727 757 758 
1157 727 758 728 
1158 728 758 759 
1159 728 759 729 
1160 729 759 760 
1161 729 760 730 
1162 730 760 761 
1163 730 761 731 
1164 731 761 762 
1165 731 762 732 
1166 732 762 763 
1167 732 763 733 
1168 733 763 764 
1169 733 764 734 
1170 734 764 765 
1171 734 765 735 
1172 735 765 766 
1173 735 766 736 
1174 736 766 767 
1175 736 767 737 
1176 737 767 768 
1177 737 768 738 
1178 738 768 769 
1179 738 769 739 
1180 739 769 770 
1181 739 770 740 
1182 740 770 771 
1183 740 771 741 
1184 741 771 772 
1185 741 772 742 
1186 742 772 773 
1187 742 773 743 
1188 743 773 774 
1189 743 774 744 
1190 744 774 775 
1191 744 775 745 
1192 745 775 776 
1193 745 776 746 
1194 746 776 777 
1195 746 777 747 
1196 747 777 778 
1197 747 778 748 
1198 748 778 779 
1199 748 779 749 
1200 749 779 780 
1201 749 780 750 
1202 750 780 781 
1203 750 781 751 
1204 751 781 782 
1205 751 782 752 
1206 752 782 783 
1207 752 783 753 
1208 753 783 784 
1209 753 784 754 
1210 754 784 785 
1211 754 785 755 
1212 755 785 786 
1213 755 786 756 
1214 756 786 787 
1215 756 787 114 
1216 114 787 115 
1217 21 22 757 
1218 757 22 788 
1219 757 788 758 
1220 758 788 789 
1221 758 789 759 
1222 759 789 790 
1223 759 790 760 
1224 760 790 791 
1225 760 791 761 
1226 761 791 792 
1227 761 792 762 
1228 762 792 793 
1229 762 793 763 
1230 763 793 794 
1231 763 794 764 
1232 764 794 795 
1233 764 795 765 
1234 765 795 796 
1235 765 796 766 
1236 766 796 797 
1237 766 797 767 
1238 767 797 798 
1239 767 798 768 
1240 768 798 799 
1241 768 799 769 
1242 769 799 800 
1243 769 800 770 
1244 770 800 801 
1245 770 801 771 
1246 771 801 802 
1247 771 802 772 
1248 772 802 803 
1249 772 803 773 
1250 773 803 804 
1251 773 804 774 
1252 774 804 805 
1253 774 805 775 
1254 775 805 806 
1255 775 806 776 
1256 776 806 807 
1257 776 807 777 
1258 777 807 808 
1259 777 808 778 
1260 778 808 809 
1261 778 809 779 
1262 779 809 810 
1263 779 810 780 
1264 780 810 811 
1265 780 811 781 
1266 781 811 812 
1267 781 812 782 
1268 782 812 813 
1269 782 813 783 
1270 783 813 814 
1271 783 814 784 
1272 784 814 815 
1273 784 815 785 
1274 785 815 816 
1275 785 816 786 
1276 786 816 817 
1277 786 817 787 
1278 787 817 818 
1279 787 818 115 
1280 115 818 116 
1281 22 23 788 
1282 788 23 819 
1283 788 819 789 
1284 789 819 820 
1285 789 820 790 
1286 790 820 821 
1287 790 821 791 
1288 791 821 822 
1289 791 822 792 
1290 792 822 823 
1291 792 823 793 
1292 793 823 824 
1293 793 824 794 
1294 794 824 825 
1295 794 825 795 
1296 795 825 826 
1297 795 826 796 
1298 796 826 827 
1299 796 827 797 
1300 797 827 828 
1301 797 828 798 
1302 798 828 829 
1303 798 829 799 
1304 799 829 830 
1305 799 830 800 
1306 800 830 831 
1307 800 831 801 
1308 801 831 832 
1309 801 832 802 
1310 802 832 833 
1311 802 833 803 
1312 803 833 834 
1313 803 834 804 
1314 804 834 835 
1315 804 835 805 
1316 805 835 836 
1317 805 836 806 
1318 806 836 837 
1319 806 837 807 
1320 807 837 838 
1321 807 838 808 
1322 808 838 839 
1323 808 839 809 
1324 809 839 840 
1325 809 840 810 
1326 810 840 841 
1327 810 841 811 
1328 811 841 842 
1329 811 842 812 
1330 812 842 843 
1331 812 843 813 
1332 813 843 844 
1333 813 844 814 
1334 814 844 845 
1335 814 845 815 
1336 815 845 846 
1337 815 846 816 
1338 816 846 847 
1339 816 847 817 
1340 817 847 848 
1341 817 848 818 
1342 818 848 849 
1343 818 849 116 
1344 116 849 117 
1345 23 24 819 
1346 819 24 850 
1347 819 850 820 
1348 820 850 851 
1349 820 851 821 
1350 821 851 852 
1351 821 852 822 
1352 822 852 853 
1353 822 853 823 
1354 823 853 854 
1355 823 854 824 
1356 824 854 855 
1357 824 855 825 
1358 825 855 856 
1359 825 856 826 
1360 826 856 857 
1361 826 857 827 
1362 827 857 858 
1363 827 858 828 
1364 828 858 859 
1365 828 859 829 
1366 829 859 860 
1367 829 860 830 
1368 830 860 861 
1369 830 861 831 
1370 831 861 862 
1371 831 862 832 
1372 832 862 863 
1373 832 863 833 
1374 833 863 864 
1375 833 864 834 
1376 834 864 865 
1377 834 865 835 
1378 835 865 866 
1379 835 866 836 
1380 836 866 867 
1381 836 867 837 
1382 837 867 868 
1383 837 868 838 
1384 838 868 869 
1385 838 869 839 
1386 839 869 870 
1387 839 870 840 
1388 840 870 871 
1389 840 871 841 
1390 841 871 872 
1391 841 872 842 
1392 842 872 873 
1393 842 873 843 
1394 843 873 874 
1395 843 874 844 
1396 844 874 875 
1397 844 875 845 
1398 845 875 876 
1399 845 876 846 
1400 846 876 877 
1401 846 877 847 
1402 847 877 878 
1403 847 878 848 
1404 848 878 879 
1405 848 879 849 
1406 849 879 880 
1407 849 880 117 
1408 117 880 118 
1409 24 25 850 
1410 850 25 881 
1411 850 881 851 
1412 851 881 882 
1413 851 882 852 
1414 852 882 883 
1415 852 883 853 
1416 853 883 884 
1417 853 884 854 
1418 854 884 885 
1419 854 885 855 
1420 855 885 886 
1421 855 886 856 
1422 856 886 887 
1423 856 887 857 
1424 857 887 888 
1425 857 888 858 
1426 858 888 889 
1427 858 889 859 
1428 859 889 890 
1429 859 890 860 
1430 860 890 891 
1431 860 891 861 
1432 861 891 892 
1433 861 892 862 
1434 862 892 893 
1435 862 893 863 
1436 863 893 894 
1437 863 894 864 
1438 864 894 895 
1439 864 895 865 
1440 865 895 896 
1441 865 896 866 
1442 866 896 897 
1443 866 897 867 
1444 867 897 898 
1445 867 898 868 
1446 868 898 899 
1447 868 899 869 
1448 869 899 900 
1449 869 900 870 
1450 870 900 901 
1451 870 901 871 
1452 871 901 902 
1453 871 902 872 
1454 872 902 903 
1455 872 903 873 
1456 873 903 904 
1457 873 904 874 
1458 874 904 905 
1459 874 905 875 
1460 875 905 906 
1461 875 906 876 
1462 876 906 907 
1463 876 907 877 
1464 877 907 908 
1465 877 908 878 
1466 878 908 909 
1467 878 909 879 
1468 879 909 910 
1469 879 910 880 
1470 880 910 911 
1471 880 911 118 
1472 118 911 119 
1473 25 26 881 
1474 881 26 912 
1475 881 912 882 
1476 882 912 913 
1477 882 913 883 
1478 883 913 914 
1479 883 914 884 
1480 884 914 915 
1481 884 915 885 
1482 885 915 916 
1483 885 916 886 
1484 886 916 917 
1485 886 917 887 
1486 887 917 918 
1487 887 918 888 
1488 888 918 919 
1489 888 919 889 
1490 889 919 920 
1491 889 920 890 
1492 890 920 921 
1493 890 921 891 
1494 891 921 922 
1495 891 922 892 
1496 892 922 923 
1497 892 923 893 
1498 893 923 924 
1499 893 924 894 
1500 894 924 925 
1501 894 925 895 
1502 895 925 926 
1503 895 926 896 
1504 896 926 927 
1505 896 927 897 
1506 897 927 928 
1507 897 928 898 
1508 898 928 929 
1509 898 929 899 
1510 899 929 930 
1511 899 930 900 
1512 900 930 931 
1513 900 931 901 
1514 901 931 932 
1515 901 932 902 
1516 902 932 933 
1517 902 933 903 
1518 903 933 934 
1519 903 934 904 
1520 904 934 935 
1521 904 935 905 
1522 905 935 936 
1523 905 936 906 
1524 906 936 937 
1525 906 937 907 
1526 907 937 938 
1527 907 938 908 
1528 908 938 939 
1529 908 939 909 
1530 909 939 940 
1531 909 940 910 
1532 910 940 941 
1533 910 941 911 
1534 911 941 942 
1535 911 942 119 
1536 119 942 120 
1537 26 27 912 
1538 912 27 943 
1539 912 943 913 
1540 913 943 944 
1541 913 944 914 
1542 914 944 945 
1543 914 945 915 
1544 915 945 946 
1545 915 946 916 
1546 916 946 947 
1547 916 947 917 
1548 917 947 948 
1549 917 948 918 
1550 918 948 949 
1551 918 949 919 
1552 919 949 950 
1553 919 950 920 
1554 920 950 951 
1555 920 951 921 
1556 921 951 952 
1557 921 952 922 
1558 922 952 953 
1559 922 953 923 
1560 923 953 954 
1561 923 954 924 
1562 924 954 955 
1563 924 955 925 
1564 925 955 956 
1565 925 956 926 
1566 926 956 957 
1567 926 957 927 
1568 927 957 958 
1569 927 958 928 
1570 928 958 959 
1571 928 959 929 
1572 929 959 960 
1573 929 960 930 
1574 930 960 961 
1575 930 961 931 
1576 931 961 962 
1577 931 962 932 
1578 932 962 963 
1579 932 963 933 
1580 933 963 964 
1581 933 964 934 
1582 934 964 965 
1583 934 965 935 
1584 935 965 966 
1585 935 966 936 
1586 936 966 967 
1587 936 967 937 
1588 937 967 968 
1589 937 968 938 
1590 938 968 969 
1591 938 969 939 
1592 939 969 970 
1593 939 970 940 
1594 940 970 971 
1595 940 971 941 
1596 941 971 972 
1597 941 972 942 
1598 942 972 973 
1599 942 973 120 
1600 120 973 121 
1601 27 28 943 
1602 943 28 974 
1603 943 974 944 
1604 944 974 975 
1605 944 975 945 
1606 945 975 976 
1607 945 976 946 
1608 946 976 977 
1609 946 977 947 
1610 947 977 978 
1611 947 978 948 
1612 948 978 979 
1613 948 979 949 
1614 949 979 980 
1615 949 980 950 
1616 950 980 981 
1617 950 981 951 
1618 951 981 982 
1619 951 982 952 
1620 952 982 983 
1621 952 983 953 
1622 953 983 984 
1623 953 984 954 
1624 954 984 985 
1625 954 985 955 
1626 955 985 986 
1627 955 986 956 
1628 956 986 987 
1629 956 987 957 
1630 957 987 988 
1631 957 988 958 
1632 958 988 989 
1633 958 989 959 
1634 959 989 990 
1635 959 990 960 
1636 960 990 991 
1637 960 991 961 
1638 961 991 992 
1639 961 992 962 
1640 962 992 993 
1641 962 993 963 
1642 963 993 994 
1643 963 994 964 
1644 964 994 995 
1645 964 995 965 
1646 965 995 996 
1647 965 996 966 
1648 966 996 997 
1649 966 997 967 
1650 967 997 998 
1651 967 998 968 
1652 968 998 999 
1653 968 999 969 
1654 969 999 1000 
1655 969 1000 970 
1656 970 1000 1001 
1657 970 1001 971 
1658 971 1001 1002 
1659 971 1002 972 
1660 972 1002 1003 
1661 972 1003 973 
1662 973 1003 1004 
1663 973 1004 121 
1664 121 1004 122 
1665 28 29 974 
1666 974 29 1005 
1667 974 1005 975 
1668 975 1005 1006 
1669 975 1006 976 
1670 976 1006 1007 
1671 976 1007 977 
1672 977 1007 1008 
1673 977 1008 978 
1674 978 1008 1009 
1675 978 1009 979 
1676 979 1009 1010 
1677 979 1010 980 
1678 980 1010 1011 
1679 980 1011 981 
1680 981 1011 1012 
1681 981 1012 982 
1682 982 1012 1013 
1683 982 1013 983 
1684 983 1013 1014 
1685 983 1014 984 
1686 984 1014 1015 
1687 984 1015 985 
1688 985 1015 1016 
1689 985 1016 986 
1690 986 1016 1017 
1691 986 1017 987 
1692 987 1017 1018 
1693 987 1018 988 
1694 988 1018 1019 
1695 988 1019 989 
1696 989 1019 1020 
1697 989 1020 990 
1698 990 1020 1021 
1699 990 1021 991 
1700 991 1021 1022 
1701 991 1022 992 
1702 992 1022 1023 
1703 992 1023 993 
1704 993 1023 1024 
1705 993 1024 994 
1706 994 1024 1025 
1707 994 1025 995 
1708 995 1025 1026 
1709 995 1026 996 
1710 996 1026 1027 
1711 996 1027 997 
1712 997 1027 1028 
1713 997 1028 998 
1714 998 1028 1029 
1715 998 1029 999 
1716 999 1029 1030 
1717 999 1030 1000 
1718 1000 1030 1031 
1719 1000 1031 1001 
1720 1001 1031 1032 
1721 1001 1032 1002 
1722 1002 1032 1033 
1723 1002 1033 1003 
1724 1003 1033 1034 
1725 1003 1034 1004 
1726 1004 1034 1035 
1727 1004 1035 122 
1728 122 1035 123 
1729 29 30 1005 
1730 1005 30 1036 
1731 1005 1036 1006 
1732 1006 1036 1037 
1733 1006 1037 1007 
1734 1007 1037 1038 
1735 1007 1038 1008 
1736 1008 1038 1039 
1737 1008 1039 1009 
1738 1009 1039 1040 
1739 1009 1040 1010 
1740 1010 1040 1041 
1741 1010 1041 1011 
1742 1011 1041 1042 
1743 1011 1042 1012 
1744 1012 1042 1043 
1745 1012 1043 1013 
1746 1013 1043 1044 
1747 1013 1044 1014 
1748 1014 1044 1045 
1749 1014 1045 1015 
1750 1015 1045 1046 
1751 1015 1046 1016 
1752 1016 1046 1047 
1753 1016 1047 1017 
1754 1017 1047 1048 
1755 1017 1048 1018 
1756 1018 1048 1049 
1757 1018 1049 1019 
1758 1019 1049 1050 
1759 1019 1050 1020 
1760 1020 1050 1051 
1761 1020 1051 1021 
1762 1021 1051 1052 
1763 1021 1052 1022 
1764 1022 1052 1053 
1765 1022 1053 1023 
1766 1023 1053 1054 
1767 1023 1054 1024 
1768 1024 1054 1055 
1769 1024 1055 1025 
1770 1025 1055 1056 
1771 1025 1056 1026 
1772 1026 1056 1057 
1773 1026 1057 1027 
1774 1027 1057 1058 
1775 1027 1058 1028 
1776 1028 1058 1059 
1777 1028 1059 1029 
1778 1029 1059 1060 
1779 1029 1060 1030 
1780 1030 1060 1061 
1781 1030 1061 1031 
1782 1031 1061 1062 
1783 1031 1062 1032 
1784 1032 1062 1063 
1785 1032 1063 1033 
1786 1033 1063 1064 
1787 1033 1064 1034 
1788 1034 1064 1065 
1789 1034 1065 1035 
1790 1035 1065 1066 
1791 1035 1066 123 
1792 123 1066 124 
1793 30 31 1036 
1794 1036 31 1067 
1795 1036 1067 1037 
1796 1037 1067 1068 
1797 1037 1068 1038 
1798 1038 1068 1069 
1799 1038 1069 1039 
1800 1039 1069 1070 
1801 1039 1070 1040 
1802 1040 1070 1071 
1803 1040 1071 1041 
1804 1041 1071 1072 
1805 1041 1072 1042 
1806 1042 1072 1073 
1807 1042 1073 1043 
1808 1043 1073 1074 
1809 1043 1074 1044 
1810 1044 1074 1075 
1811 1044 1075 1045 
1812 1045 1075 1076 
1813 1045 1076 1046 
1814 1046 1076 1077 
1815 1046 1077 1047 
1816 1047 1077 1078 
1817 1047 1078 1048 
1818 1048 1078 1079 
1819 1048 1079 1049 
1820 1049 1079 1080 
1821 1049 1080 1050 
1822 1050 1080 1081 
1823 1050 1081 1051 
1824 1051 1081 1082 
1825 1051 1082 1052 
1826 1052 1082 1083 
1827 1052 1083 1053 
1828 1053 1083 1084 
1829 1053 1084 1054 
1830 1054 1084 1085 
1831 1054 1085 1055 
1832 1055 1085 1086 
1833 1055 1086 1056 
1834 1056 1086 1087 
1835 1056 1087 1057 
1836 1057 1087 1088 
1837 1057 1088 1058 
1838 1058 1088 1089 
1839 1058 1089 1059 
1840 1059 1089 1090 
1841 1059 1090 1060 
1842 1060 1090 1091 
1843 1060 1091 1061 
1844 1061 1091 1092 
1845 1061 1092 1062 
1846 1062 1092 1093 
1847 1062 1093 1063 
1848 1063 1093 1094 
1849 1063 1094 1064 
1850 1064 1094 1095 
1851 1064 1095 1065 
1852 1065 1095 1096 
1853 1065 1096 1066 
1854 1066 1096 1097 
1855 1066 1097 124 
1856 124 1097 125 
1857 31 32 1067 
1858 1067 32 1098 
1859 1067 1098 1068 
1860 1068 1098 1099 
1861 1068 1099 1069 
1862 1069 1099 1100 
1863 1069 1100 1070 
1864 1070 1100 1101 
1865 1070 1101 1071 
1866 1071 1101 1102 
1867 1071 1102 1072 
1868 1072 1102 1103 
1869 1072 1103 1073 
1870 1073 1103 1104 
1871 1073 1104 1074 
1872 1074 1104 1105 
1873 1074 1105 1075 
1874 1075 1105 1106 
1875 1075 1106 1076 
1876 1076 1106 1107 
1877 1076 1107 1077 
1878 1077 1107 1108 
1879 1077 1108 1078 
1880 1078 1108 1109 
1881 1078 1109 1079 
1882 1079 1109 1110 
1883 1079 1110 1080 
1884 1080 1110 1111 
1885 1080 1111 1081 
1886 1081 1111 1112 
1887 1081 1112 1082 
1888 1082 1112 1113 
1889 1082 1113 1083 
1890 1083 1113 1114 
1891 1083 1114 1084 
1892 1084 1114 1115 
1893 1084 1115 1085 
1894 1085 1115 1116 
1895 1085 1116 1086 
1896 1086 1116 1117 
1897 1086 1117 1087 
1898 1087 1117 1118 
1899 1087 1118 1088 
1900 1088 1118 1119 
1901 1088 1119 1089 
1902 1089 1119 1120 
1903 1089 1120 1090 
1904 1090 1120 1121 
1905 1090 1121 1091 
1906 1091 1121 1122 
1907 1091 1122 1092 
1908 1092 1122 1123 
1909 1092 1123 1093 
1910 1093 1123 1124 
1911 1093 1124 1094 
1912 1094 1124 1125 
1913 1094 1125 1095 
1914 1095 1125 1126 
1915 1095 1126 1096 
1916 1096 1126 1127 
1917 1096 1127 1097 
1918 1097 1127 1128 
1919 1097 1128 125 
1920 125 1128 126 
1921 32 33 1098 
1922 1098 33 1129 
1923 1098 1129 1099 
1924 1099 1129 1130 
1925 1099 1130 1100 
1926 1100 1130 1131 
1927 1100 1131 1101 
1928 1101 1131 1132 
1929 1101 1132 1102 
1930 1102 1132 1133 
1931 1102 1133 1103 
1932 1103 1133 1134 
1933 1103 1134 1104 
1934 1104 1134 1135 
1935 1104 1135 1105 
1936 1105 1135 1136 
1937 1105 1136 1106 
1938 1106 1136 1137 
1939 1106 1137 1107 
1940 1107 1137 1138 
1941 1107 1138 1108 
1942 1108 1138 1139 
1943 1108 1139 1109 
1944 1109 1139 1140 
1945 1109 1140 1110 
1946 1110 1140 1141 
1947 1110 1141 1111 
1948 1111 1141 1142 
1949 1111 1142 1112 
1950 1112 1142 1143 
1951 1112 1143 1113 
1952 1113 1143 1144 
1953 1113 1144 1114 
1954 1114 1144 1145 
1955 1114 1145 1115 
1956 1115 1145 1146 
1957 1115 1146 1116 
1958 1116 1146 1147 
1959 1116 1147 1117 
1960 1117 1147 1148 
1961 1117 1148 1118 
1962 1118 1148 1149 
1963 1118 1149 1119 
1964 1119 1149 1150 
1965 1119 1150 1120 
1966 1120 1150 1151 
1967 1120 1151 1121 
1968 1121 1151 1152 
1969 1121 1152 1122 
1970 1122 1152 1153 
1971 1122 1153 1123 
1972 1123 1153 1154 
1973 1123 1154 1124 
1974 1124 1154 1155 
1975 1124 1155 1125 
1976 1125 1155 1156 
1977 1125 1156 1126 
1978 1126 1156 1157 
1979 1126 1157 1127 
1980 1127 1157 1158 
1981 1127 1158 1128 
1982 1128 1158 1159 
1983 1128 1159 126 
1984 126 1159 127 
1985 33 34 1129 
1986 1129 34 1160 
1987 1129 1160 1130 
1988 1130 1160 1161 
1989 1130 1161 1131 
1990 1131 1161 1162 
1991 1131 1162 1132 
1992 1132 1162 1163 
1993 1132 1163 1133 
1994 1133 1163 1164 
1995 1133 1164 1134 
1996 1134 1164 1165 
1997 1134 1165 1135 
1998 1135 1165 1166 
1999 1135 1166 1136 
2000 1136 1166 1167 
2001 1136 1167 1137 
2002 1137 1167 1168 
2003 1137 1168 1138 
2004 1138 1168 1169 
2005 1138 1169 1139 
2006 1139 1169 1170 
2007 1139 1170 1140 
2008 1140 1170 1171 
2009 1140 1171 1141 
2010 1141 1171 1172 
2011 1141 1172 1142 
2012 1142 1172 1173 
2013 1142 1173 1143 
2014 1143 1173 1174 
2015 1143 1174 1144 
2016 1144 1174 1175 
2017 1144 1175 1145 
2018 1145 1175 1176 
2019 1145 1176 1146 
2020 1146 1176 1177 
2021 1146 1177 1147 
2022 1147 1177 1178 
2023 1147 1178 1148 
2024 1148 1178 1179 
2025 1148 1179 1149 
2026 1149 1179 1180 
2027 1149 1180 1150 
2028 1150 1180 1181 
2029 1150 1181 1151 
2030 1151 1181 1182 
2031 1151 1182 1152 
2032 1152 1182 1183 
2033 1152 1183 1153 
2034 1153 1183 1184 
2035 1153 1184 1154 
2036 1154 1184 1185 
2037 1154 1185 1155 
2038 1155 1185 1186 
2039 1155 1186 1156 
2040 1156 1186 1187 
2041 1156 1187 1157 
2042 1157 1187 1188 
2043 1157 1188 1158 
2044 1158 1188 1189 
2045 1158 1189 1159 
2046 1159 1189 1190 
2047 1159 1190 127 
2048 127 1190 128 
2049 34 35 1160 
2050 1160 35 1191 
2051 1160 1191 1161 
2052 1161 1191 1192 
2053 1161 1192 1162 
2054 1162 1192 1193 
2055 1162 1193 1163 
2056 1163 1193 1194 
2057 1163 1194 1164 
2058 1164 1194 1195 
2059 1164 1195 1165 
2060 1165 1195 1196 
2061 1165 1196 1166 
2062 1166 1196 1197 
2063 1166 1197 1167 
2064 1167 1197 1198 
2065 1167 1198 1168 
2066 1168 1198 1199 
2067 1168 1199 1169 
2068 1169 1199 1200 
2069 1169 1200 1170 
2070 1170 1200 1201 
2071 1170 1201 1171 
2072 1171 1201 1202 
2073 1171 1202 1172 
2074 1172 1202 1203 
2075 1172 1203 1173 
2076 1173 1203 1204 
2077 1173 1204 1174 
2078 1174 1204 1205 
2079 1174 1205 1175 
2080 1175 1205 1206 
2081 1175 1206 1176 
2082 1176 1206 1207 
2083 1176 1207 1177 
2084 1177 1207 1208 
2085 1177 1208 1178 
2086 1178 1208 1209 
2087 1178 1209 1179 
2088 1179 1209 1210 
2089 1179 1210 1180 
2090 1180 1210 1211 
2091 1180 1211 1181 
2092 1181 1211 1212 
2093 1181 1212 1182 
2094 1182 1212 1213 
2095 1182 1213 1183 
2096 1183 1213 1214 
2097 1183 1214 1184 
2098 1184 1214 1215 
2099 1184 1215 1185 
2100 1185 1215 1216 
2101 1185 1216 1186 
2102 1186 1216 1217 
2103 1186 1217 1187 
2104 1187 1217 1218 
2105 1187 1218 1188 
2106 1188 1218 1219 
2107 1188 1219 1189 
2108 1189 1219 1220 
2109 1189 1220 1190 
2110 1190 1220 1221 
2111 1190 1221 128 
2112 128 1221 129 
2113 35 36 1191 
2114 1191 36 1222 
2115 1191 1222 1192 
2116 1192 1222 1223 
2117 1192 1223 1193 
2118 1193 1223 1224 
2119 1193 1224 1194 
2120 1194 1224 1225 
2121 1194 1225 1195 
2122 1195 1225 1226 
2123 1195 1226 1196 
2124 1196 1226 1227 
2125 1196 1227 1197 
2126 1197 1227 1228 
2127 1197 1228 1198 
2128 1198 1228 1229 
2129 1198 1229 1199 
2130 1199 1229 1230 
2131 1199 1230 1200 
2132 1200 1230 1231 
2133 1200 1231 1201 
2134 1201 1231 1232 
2135 1201 1232 1202 
2136 1202 1232 1233 
2137 1202 1233 1203 
2138 1203 1233 1234 
2139 1203 1234 1204 
2140 1204 1234 1235 
2141 1204 1235 1205 
2142 1205 1235 1236 
2143 1205 1236 1206 
2144 1206 1236 1237 
2145 1206 1237 1207 
2146 1207 1237 1238 
2147 1207 1238 1208 
2148 1208 1238 1239 
2149 1208 1239 1209 
2150 1209 1239 1240 
2151 1209 1240 1210 
2152 1210 1240 1241 
2153 1210 1241 1211 
2154 1211 1241 1242 
2155 1211 1242 1212 
2156 1212 1242 1243 
2157 1212 1243 1213 
2158 1213 1243 1244 
2159 1213 1244 1214 
2160 1214 1244 1245 
2161 1214 1245 1215 
2162 1215 1245 1246 
2163 1215 1246 1216 
2164 1216 1246 1247 
2165 1216 1247 1217 
2166 1217 1247 1248 
2167 1217 1248 1218 
2168 1218 1248 1249 
2169 1218 1249 1219 
2170 1219 1249 1250 
2171 1219 1250 1220 
2172 1220 1250 1251 
2173 1220 1251 1221 
2174 1221 1251 1252 
2175 1221 1252 129 
2176 129 1252 130 
2177 36 37 1222 
2178 1222 37 1253 
2179 1222 1253 1223 
2180 1223 1253 1254 
2181 1223 1254 1224 
2182 1224 1254 1255 
2183 1224 1255 1225 
2184 1225 1255 1256 
2185 1225 1256 1226 
2186 1226 1256 1257 
2187 1226 1257 1227 
2188 1227 1257 1258 
2189 1227 1258 1228 
2190 1228 1258 1259 
2191 1228 1259 1229 
2192 1229 1259 1260 
2193 1229 1260 1230 
2194 1230 1260 1261 
2195 1230 1261 1231 
2196 1231 1261 1262 
2197 1231 1262 1232 
2198 1232 1262 1263 
2199 1232 1263 1233 
2200 1233 1263 1264 
2201 1233 1264 1234 
2202 1234 1264 1265 
2203 1234 1265 1235 
2204 1235 1265 1266 
2205 1235 1266 1236 
2206 1236 1266 1267 
2207 1236 1267 1237 
2208 1237 1267 1268 
2209 1237 1268 1238 
2210 1238 1268 1269 
2211 1238 1269 1239 
2212 1239 1269 1270 
2213 1239 1270 1240 
2214 1240 1270 1271 
2215 1240 1271 1241 
2216 1241 1271 1272 
2217 1241 1272 1242 
2218 1242 1272 1273 
2219 1242 1273 1243 
2220 1243 1273 1274 
2221 1243 1274 1244 
2222 1244 1274 1275 
2223 1244 1275 1245 
2224 1245 1275 1276 
2225 1245 1276 1246 
2226 1246 1276 1277 
2227 1246 1277 1247 
2228 1247 1277 1278 
2229 1247 1278 1248 
2230 1248 1278 1279 
2231 1248 1279 1249 
2232 1249 1279 1280 
2233 1249 1280 1250 
2234 1250 1280 1281 
2235 1250 1281 1251 
2236 1251 1281 1282 
2237 1251 1282 1252 
2238 1252 1282 1283 
2239 1252 1283 130 
2240 130 1283 131 
2241 37 38 1253 
2242 1253 38 1284 
2243 1253 1284 1254 
2244 1254 1284 1285 
2245 1254 1285 1255 
2246 1255 1285 1286 
2247 1255 1286 1256 
2248 1256 1286 1287 
2249 1256 1287 1257 
2250 1257 1287 1288 
2251 1257 1288 1258 
2252 1258 1288 1289 
2253 1258 1289 1259 
2254 1259 1289 1290 
2255 1259 1290 1260 
2256 1260 1290 1291 
2257 1260 1291 1261 
2258 1261 1291 1292 
2259 1261 1292 1262 
2260 1262 1292 1293 
2261 1262 1293 1263 
2262 1263 1293 1294 
2263 1263 1294 1264 
2264 1264 1294 1295 
2265 1264 1295 1265 
2266 1265 1295 1296 
2267 1265 1296 1266 
2268 1266 1296 1297 
2269 1266 1297 1267 
2270 1267 1297 1298 
2271 1267 1298 1268 
2272 1268 1298 1299 
2273 1268 1299 1269 
2274 1269 1299 1300 
2275 1269 1300 1270 
2276 1270 1300 1301 
2277 1270 1301 1271 
2278 1271 1301 1302 
2279 1271 1302 1272 
2280 1272 1302 1303 
2281 1272 1303 1273 
2282 1273 1303 1304 
2283 1273 1304 1274 
2284 1274 1304 1305 
2285 1274 1305 1275 
2286 1275 1305 1306 
2287 1275 1306 1276 
2288 1276 1306 1307 
2289 1276 1307 1277 
2290 1277 1307 1308 
2291 1277 1308 1278 
2292 1278 1308 1309 
2293 1278 1309 1279 
2294 1279 1309 1310 
2295 1279 1310 1280 
2296 1280 1310 1311 
2297 1280 1311 1281 
2298 1281 1311 1312 
2299 1281 1312 1282 
2300 1282 1312 1313 
2301 1282 1313 1283 
2302 1283 1313 1314 
2303 1283 1314 131 
2304 131 1314 132 
2305 38 39 1284 
2306 1284 39 1315 
2307 1284 1315 1285 
2308 1285 1315 1316 
2309 1285 1316 1286 
2310 1286 1316 1317 
2311 1286 1317 1287 
2312 1287 1317 1318 
2313 1287 1318 1288 
2314 1288 1318 1319 
2315 1288 1319 1289 
2316 1289 1319 1320 
2317 1289 1320 1290 
2318 1290 1320 1321 
2319 1290 1321 1291 
2320 1291 1321 1322 
2321 1291 1322 1292 
2322 1292 1322 1323 
2323 1292 1323 1293 
2324 1293 1323 1324 
2325 1293 1324 1294 
2326 1294 1324 1325 
2327 1294 1325 1295 
2328 1295 1325 1326 
2329 1295 1326 1296 
2330 1296 1326 1327 
2331 1296 1327 1297 
2332 1297 1327 1328 
2333 1297 1328 1298 
2334 1298 1328 1329 
2335 1298 1329 1299 
2336 1299 1329 1330 
2337 1299 1330 1300 
2338 1300 1330 1331 
2339 1300 1331 1301 
2340 1301 1331 1332 
2341 1301 1332 1302 
2342 1302 1332 1333 
2343 1302 1333 1303 
2344 1303 1333 1334 
2345 1303 1334 1304 
2346 1304 1334 1335 
2347 1304 1335 1305 
2348 1305 1335 1336 
2349 1305 1336 1306 
2350 1306 1336 1337 
2351 1306 1337 1307 
2352 1307 1337 1338 
2353 1307 1338 1308 
2354 1308 1338 1339 
2355 1308 1339 1309 
2356 1309 1339 1340 
2357 1309 1340 1310 
2358 1310 1340 1341 
2359 1310 1341 1311 
2360 1311 1341 1342 
2361 1311 1342 1312 
2362 1312 1342 1343 
2363 1312 1343 1313 
2364 1313 1343 1344 
2365 1313 1344 1314 
2366 1314 1344 1345 
2367 1314 1345 132 
2368 132 1345 133 
2369 39 40 1315 
2370 1315 40 1346 
2371 1315 1346 1316 
2372 1316 1346 1347 
2373 1316 1347 1317 
2374 1317 1347 1348 
2375 1317 1348 1318 
2376 1318 1348 1349 
2377 1318 1349 1319 
2378 1319 1349 1350 
2379 1319 1350 1320 
2380 1320 1350 1351 
2381 1320 1351 1321 
2382 1321 1351 1352 
2383 1321 1352 1322 
2384 1322 1352 1353 
2385 1322 1353 1323 
2386 1323 1353 1354 
2387 1323 1354 1324 
2388 1324 1354 1355 
2389 1324 1355 1325 
2390 1325 1355 1356 
2391 1325 1356 1326 
2392 1326 1356 1357 
2393 1326 1357 1327 
2394 1327 1357 1358 
2395 1327 1358 1328 
2396 1328 1358 1359 
2397 1328 1359 1329 
2398 1329 1359 1360 
2399 1329 1360 1330 
2400 1330 1360 1361 
2401 1330 1361 1331 
2402 1331 1361 1362 
2403 1331 1362 1332 
2404 1332 1362 1363 
2405 1332 1363 1333 
2406 1333 1363 1364 
2407 1333 1364 1334 
2408 1334 1364 1365 
2409 1334 1365 1335 
2410 1335 1365 1366 
2411 1335 1366 1336 
2412 1336 1366 1367 
2413 1336 1367 1337 
2414 1337 1367 1368 
2415 1337 1368 1338 
2416 1338 1368 1369 
2417 1338 1369 1339 
2418 1339 1369 1370 
2419 1339 1370 1340 
2420 1340 1370 1371 
2421 1340 1371 1341 
2422 1341 1371 1372 
2423 1341 1372 1342 
2424 1342 1372 1373 
2425 1342 1373 1343 
2426 1343 1373 1374 
2427 1343 1374 1344 
2428 1344 1374 1375 
2429 1344 1375 1345 
2430 1345 1375 1376 
2431 1345 1376 133 
2432 133 1376 134 
2433 40 41 1346 
2434 1346 41 1377 
2435 1346 1377 1347 
2436 1347 1377 1378 
2437 1347 1378 1348 
2438 1348 1378 1379 
2439 1348 1379 1349 
2440 1349 1379 1380 
2441 1349 1380 1350 
2442 1350 1380 1381 
2443 1350 1381 1351 
2444 1351 1381 1382 
2445 1351 1382 1352 
2446 1352 1382 1383 
2447 1352 1383 1353 
2448 1353 1383 1384 
2449 1353 1384 1354 
2450 1354 1384 1385 
2451 1354 1385 1355 
2452 1355 1385 1386 
2453 1355 1386 1356 
2454 1356 1386 1387 
2455 1356 1387 1357 
2456 1357 1387 1388 
2457 1357 1388 1358 
2458 1358 1388 1389 
2459 1358 1389 1359 
2460 1359 1389 1390 
2461 1359 1390 1360 
2462 1360 1390 1391 
2463 1360 1391 1361 
2464 1361 1391 1392 
2465 1361 1392 1362 
2466 1362 1392 1393 
2467 1362 1393 1363 
2468 1363 1393 1394 
2469 1363 1394 1364 
2470 1364 1394 1395 
2471 1364 1395 1365 
2472 1365 1395 1396 
2473 1365 1396 1366 
2474 1366 1396 1397 
2475 1366 1397 1367 
2476 1367 1397 1398 
2477 1367 1398 1368 
2478 1368 1398 1399 
2479 1368 1399 1369 
2480 1369 1399 1400 
2481 1369 1400 1370 
2482 1370 1400 1401 
2483 1370 1401 1371 
2484 1371 1401 1402 
2485 1371 1402 1372 
2486 1372 1402 1403 
2487 1372 1403 1373 
2488 1373 1403 1404 
2489 1373 1404 1374 
2490 1374 1404 1405 
2491 1374 1405 1375 
2492 1375 1405 1406 
2493 1375 1406 1376 
2494 1376 1406 1407 
2495 1376 1407 134 
2496 134 1407 135 
2497 41 42 1377 
2498 1377 42 1408 
2499 1377 1408 1378 
2500 1378 1408 1409 
2501 1378 1409 1379 
2502 1379 1409 1410 
2503 1379 1410 1380 
2504 1380 1410 1411 
2505 1380 1411 1381 
2506 1381 1411 1412 
2507 1381 1412 1382 
2508 1382 1412 1413 
2509 1382 1413 1383 
2510 1383 1413 1414 
2511 1383 1414 1384 
2512 1384 1414 1415 
2513 1384 1415 1385 
2514 1385 1415 1416 
2515 1385 1416 1386 
2516 1386 1416 1417 
2517 1386 1417 1387 
2518 1387 1417 1418 
2519 1387 1418 1388 
2520 1388 1418 1419 
2521 1388 1419 1389 
2522 1389 1419 1420 
2523 1389 1420 1390 
2524 1390 1420 1421 
2525 1390 1421 1391 
2526 1391 1421 1422 
2527 1391 1422 1392 
2528 1392 1422 1423 
2529 1392 1423 1393 
2530 1393 1423 1424 
2531 1393 1424 1394 
2532 1394 1424 1425 
2533 1394 1425 1395 
2534 1395 1425 1426 
2535 1395 1426 1396 
2536 1396 1426 1427 
2537 1396 1427 1397 
2538 1397 1427 1428 
2539 1397 1428 1398 
2540 1398 1428 1429 
2541 1398 1429 1399 
2542 1399 1429 1430 
2543 1399 1430 1400 
2544 1400 1430 1431 
2545 1400 1431 1401 
2546 1401 1431 1432 
2547 1401 1432 1402 
2548 1402 1432 1433 
2549 1402 1433 1403 
2550 1403 1433 1434 
2551 1403 1434 1404 
2552 1404 1434 1435 
2553 1404 1435 1405 
2554 1405 1435 1436 
2555 1405 1436 1406 
2556 1406 1436 1437 
2557 1406 1437 1407 
2558 1407 1437 1438 
2559 1407 1438 135 
2560 135 1438 136 
2561 42 43 1408 
2562 1408 43 1439 
2563 1408 1439 1409 
2564 1409 1439 1440 
2565 1409 1440 1410 
2566 1410 1440 1441 
2567 1410 1441 1411 
2568 1411 1441 1442 
2569 1411 1442 1412 
2570 1412 1442 1443 
2571 1412 1443 1413 
2572 1413 1443 1444 
2573 1413 1444 1414 
2574 1414 1444 1445 
2575 1414 1445 1415 
2576 1415 1445 1446 
2577 1415 1446 1416 
2578 1416 1446 1447 
2579 1416 1447 1417 
2580 1417 1447 1448 
2581 1417 1448 1418 
2582 1418 1448 1449 
2583 1418 1449 1419 
2584 1419 1449 1450 
2585 1419 1450 1420 
2586 1420 1450 1451 
2587 1420 1451 1421 
2588 1421 1451 1452 
2589 1421 1452 1422 
2590 1422 1452 1453 
2591 1422 1453 1423 
2592 1423 1453 1454 
2593 1423 1454 1424 
2594 1424 1454 1455 
2595 1424 1455 1425 
2596 1425 1455 1456 
2597 1425 1456 1426 
2598 1426 1456 1457 
2599 1426 1457 1427 
2600 1427 1457 1458 
2601 1427 1458 1428 
2602 1428 1458 1459 
2603 1428 1459 1429 
2604 1429 1459 1460 
2605 1429 1460 1430 
2606 1430 1460 1461 
2607 1430 1461 1431 
2608 1431 1461 1462 
2609 1431 1462 1432 
2610 1432 1462 1463 
2611 1432 1463 1433 
2612 1433 1463 1464 
2613 1433 1464 1434 
2614 1434 1464 1465 
2615 1434 1465 1435 
2616 1435 1465 1466 
2617 1435 1466 1436 
2618 1436 1466 1467 
2619 1436 1467 1437 
2620 1437 1467 1468 
2621 1437 1468 1438 
2622 1438 1468 1469 
2623 1438 1469 136 
2624 136 1469 137 
2625 43 44 1439 
2626 1439 44 1470 
2627 1439 1470 1440 
2628 1440 1470 1471 
2629 1440 1471 1441 
2630 1441 1471 1472 
2631 1441 1472 1442 
2632 1442 1472 1473 
2633 1442 1473 1443 
2634 1443 1473 1474 
2635 1443 1474 1444 
2636 1444 1474 1475 
2637 1444 1475 1445 
2638 1445 1475 1476 
2639 1445 1476 1446 
2640 1446 1476 1477 
2641 1446 1477 1447 
2642 1447 1477 1478 
2643 1447 1478 1448 
2644 1448 1478 1479 
2645 1448 1479 1449 
2646 1449 1479 1480 
2647 1449 1480 1450 
2648 1450 1480 1481 
2649 1450 1481 1451 
2650 1451 1481 1482 
2651 1451 1482 1452 
2652 1452 1482 1483 
2653 1452 1483 1453 
2654 1453 1483 1484 
2655 1453 1484 1454 
2656 1454 1484 1485 
2657 1454 1485 1455 
2658 1455 1485 1486 
2659 1455 1486 1456 
2660 1456 1486 1487 
2661 1456 1487 1457 
2662 1457 1487 1488 
2663 1457 1488 1458 
2664 1458 1488 1489 
2665 1458 1489 1459 
2666 1459 1489 1490 
2667 1459 1490 1460 
2668 1460 1490 1491 
2669 1460 1491 1461 
2670 1461 1491 1492 
2671 1461 1492 1462 
2672 1462 1492 1493 
2673 1462 1493 1463 
2674 1463 1493 1494 
2675 1463 1494 1464 
2676 1464 1494 1495 
2677 1464 1495 1465 
2678 1465 1495 1496 
2679 1465 1496 1466 
2680 1466 1496 1497 
2681 1466 1497 1467 
2682 1467 1497 1498 
2683 1467 1498 1468 
2684 1468 1498 1499 
2685 1468 1499 1469 
2686 1469 1499 1500 
2687 1469 1500 137 
2688 137 1500 138 
2689 44 45 1470 
2690 1470 45 1501 
2691 1470 1501 1471 
2692 1471 1501 1502 
2693 1471 1502 1472 
2694 1472 1502 1503 
2695 1472 1503 1473 
2696 1473 1503 1504 
2697 1473 1504 1474 
2698 1474 1504 1505 
2699 1474 1505 1475 
2700 1475 1505 1506 
2701 1475 1506 1476 
2702 1476 1506 1507 
2703 1476 1507 1477 
2704 1477 1507 1508 
2705 1477 1508 1478 
2706 1478 1508 1509 
2707 1478 1509 1479 
2708 1479 1509 1510 
2709 1479 1510 1480 
2710 1480 1510 1511 
2711 1480 1511 1481 
2712 1481 1511 1512 
2713 1481 1512 1482 
2714 1482 1512 1513 
2715 1482 1513 1483 
2716 1483 1513 1514 
2717 1483 1514 1484 
2718 1484 1514 1515 
2719 1484 1515 1485 
2720 1485 1515 1516 
2721 1485 1516 1486 
2722 1486 1516 1517 
2723 1486 1517 1487 
2724 1487 1517 1518 
2725 1487 1518 1488 
2726 1488 1518 1519 
2727 1488 1519 1489 
2728 1489 1519 1520 
2729 1489 1520 1490 
2730 1490 1520 1521 
2731 1490 1521 1491 
2732 1491 1521 1522 
2733 1491 1522 1492 
2734 1492 1522 1523 
2735 1492 1523 1493 
2736 1493 1523 1524 
2737 1493 1524 1494 
2738 1494 1524 1525 
2739 1494 1525 1495 
2740 1495 1525 1526 
2741 1495 1526 1496 
2742 1496 1526 1527 
2743 1496 1527 1497 
2744 1497 1527 1528 
2745 1497 1528 1498 
2746 1498 1528 1529 
2747 1498 1529 1499 
2748 1499 1529 1530 
2749 1499 1530 1500 
2750 1500 1530 1531 
2751 1500 1531 138 
2752 138 1531 139 
2753 45 46 1501 
2754 1501 46 1532 
2755 1501 1532 1502 
2756 1502 1532 1533 
2757 1502 1533 1503 
2758 1503 1533 1534 
2759 1503 1534 1504 
2760 1504 1534 1535 
2761 1504 1535 1505 
2762 1505 1535 1536 
2763 1505 1536 1506 
2764 1506 1536 1537 
2765 1506 1537 1507 
2766 1507 1537 1538 
2767 1507 1538 1508 
2768 1508 1538 1539 
2769 1508 1539 1509 
2770 1509 1539 1540 
2771 1509 1540 1510 
2772 1510 1540 1541 
2773 1510 1541 1511 
2774 1511 1541 1542 
2775 1511 1542 1512 
2776 1512 1542 1543 
2777 1512 1543 1513 
2778 1513 1543 1544 
2779 1513 1544 1514 
2780 1514 1544 1545 
2781 1514 1545 1515 
2782 1515 1545 1546 
2783 1515 1546 1516 
2784 1516 1546 1547 
2785 1516 1547 1517 
2786 1517 1547 1548 
2787 1517 1548 1518 
2788 1518 1548 1549 
2789 1518 1549 1519 
2790 1519 1549 1550 
2791 1519 1550 1520 
2792 1520 1550 1551 
2793 1520 1551 1521 
2794 1521 1551 1552 
2795 1521 1552 1522 
2796 1522 1552 1553 
2797 1522 1553 1523 
2798 1523 1553 1554 
2799 1523 1554 1524 
2800 1524 1554 1555 
2801 1524 1555 1525 
2802 1525 1555 1556 
2803 1525 1556 1526 
2804 1526 1556 1557 
2805 1526 1557 1527 
2806 1527 1557 1558 
2807 1527 1558 1528 
2808 1528 1558 1559 
2809 1528 1559 1529 
2810 1529 1559 1560 
2811 1529 1560 1530 
2812 1530 1560 1561 
2813 1530 1561 1531 
2814 1531 1561 1562 
2815 1531 1562 139 
2816 139 1562 140 
2817 46 47 1532 
2818 1532 47 1563 
2819 1532 1563 1533 
2820 1533 1563 1564 
2821 1533 1564 1534 
2822 1534 1564 1565 
2823 1534 1565 1535 
2824 1535 1565 1566 
2825 1535 1566 1536 
2826 1536 1566 1567 
2827 1536 1567 1537 
2828 1537 1567 1568 
2829 1537 1568 1538 
2830 1538 1568 1569 
2831 1538 1569 1539 
2832 1539 1569 1570 
2833 1539 1570 1540 
2834 1540 1570 1571 
2835 1540 1571 1541 
2836 1541 1571 1572 
2837 1541 1572 1542 
2838 1542 1572 1573 
2839 1542 1573 1543 
2840 1543 1573 1574 
2841 1543 1574 1544 
2842 1544 1574 1575 
2843 1544 1575 1545 
2844 1545 1575 1576 
2845 1545 1576 1546 
2846 1546 1576 1577 
2847 1546 1577 1547 
2848 1547 1577 1578 
2849 1547 1578 1548 
2850 1548 1578 1579 
2851 1548 1579 1549 
2852 1549 1579 1580 
2853 1549 1580 1550 
2854 1550 1580 1581 
2855 1550 1581 1551 
2856 1551 1581 1582 
2857 1551 1582 1552 
2858 1552 1582 1583 
2859 1552 1583 1553 
2860 1553 1583 1584 
2861 1553 1584 1554 
2862 1554 1584 1585 
2863 1554 1585 1555 
2864 1555 1585 1586 
2865 1555 1586 1556 
2866 1556 1586 1587 
2867 1556 1587 1557 
2868 1557 1587 1588 
2869 1557 1588 1558 
2870 1558 1588 1589 
2871 1558 1589 1559 
2872 1559 1589 1590 
2873 1559 1590 1560 
2874 1560 1590 1591 
2875 1560 1591 1561 
2876 1561 1591 1592 
2877 1561 1592 1562 
2878 1562 1592 1593 
2879 1562 1593 140 
2880 140 1593 141 
2881 47 48 1563 
2882 1563 48 1594 
2883 1563 1594 1564 
2884 1564 1594 1595 
2885 1564 1595 1565 
2886 1565 1595 1596 
2887 1565 1596 1566 
2888 1566 1596 1597 
2889 1566 1597 1567 
2890 1567 1597 1598 
2891 1567 1598 1568 
2892 1568 1598 1599 
2893 1568 1599 1569 
2894 1569 1599 1600 
2895 1569 1600 1570 
2896 1570 1600 1601 
2897 1570 1601 1571 
2898 1571 1601 1602 
2899 1571 1602 1572 
2900 1572 1602 1603 
2901 1572 1603 1573 
2902 1573 1603 1604 
2903 1573 1604 1574 
2904 1574 1604 1605 
2905 1574 1605 1575 
2906 1575 1605 1606 
2907 1575 1606 1576 
2908 1576 1606 1607 
2909 1576 1607 1577 
2910 1577 1607 1608 
2911 1577 1608 1578 
2912 1578 1608 1609 
2913 1578 1609 1579 
2914 1579 1609 1610 
2915 1579 1610 1580 
2916 1580 1610 1611 
2917 1580 1611 1581 
2918 1581 1611 1612 
2919 1581 1612 1582 
2920 1582 1612 1613 
2921 1582 1613 1583 
2922 1583 1613 1614 
2923 1583 1614 1584 
2924 1584 1614 1615 
2925 1584 1615 1585 
2926 1585 1615 1616 
2927 1585 1616 1586 
2928 1586 1616 1617 
2929 1586 1617 1587 
2930 1587 1617 1618 
2931 1587 1618 1588 
2932 1588 1618 1619 
2933 1588 1619 1589 
2934 1589 1619 1620 
2935 1589 1620 1590 
2936 1590 1620 1621 
2937 1590 1621 1591 
2938 1591 1621 1622 
2939 1591 1622 1592 
2940 1592 1622 1623 
2941 1592 1623 1593 
2942 1593 1623 1624 
2943 1593 1624 141 
2944 141 1624 142 
2945 48 49 1594 
2946 1594 49 1625 
2947 1594 1625 1595 
2948 1595 1625 1626 
2949 1595 1626 1596 
2950 1596 1626 1627 
2951 1596 1627 1597 
2952 1597 1627 1628 
2953 1597 1628 1598 
2954 1598 1628 1629 
2955 1598 1629 1599 
2956 1599 1629 1630 
2957 1599 1630 1600 
2958 1600 1630 1631 
2959 1600 1631 1601 
2960 1601 1631 1632 
2961 1601 1632 1602 
2962 1602 1632 1633 
2963 1602 1633 1603 
2964 1603 1633 1634 
2965 1603 1634 1604 
2966 1604 1634 1635 
2967 1604 1635 1605 
2968 1605 1635 1636 
2969 1605 1636 1606 
2970 1606 1636 1637 
2971 1606 1637 1607 
2972 1607 1637 1638 
2973 1607 1638 1608 
2974 1608 1638 1639 
2975 1608 1639 1609 
2976 1609 1639 1640 
2977 1609 1640 1610 
2978 1610 1640 1641 
2979 1610 1641 1611 
2980 1611 1641 1642 
2981 1611 1642 1612 
2982 1612 1642 1643 
2983 1612 1643 1613 
2984 1613 1643 1644 
2985 1613 1644 1614 
2986 1614 1644 1645 
2987 1614 1645 1615 
2988 1615 1645 1646 
2989 1615 1646 1616 
2990 1616 1646 1647 
2991 1616 1647 1617 
2992 1617 1647 1648 
2993 1617 1648 1618 
2994 1618 1648 1649 
2995 1618 1649 1619 
2996 1619 1649 1650 
2997 1619 1650 1620 
2998 1620 1650 1651 
2999 1620 1651 1621 
3000 1621 1651 1652 
3001 1621 1652 1622 
3002 1622 1652 1653 
3003 1622 1653 1623 
3004 1623 1653 1654 
3005 1623 1654 1624 
3006 1624 1654 1655 
3007 1624 1655 142 
3008 142 1655 143 
3009 49 50 1625 
3010 1625 50 1656 
3011 1625 1656 1626 
3012 1626 1656 1657 
3013 1626 1657 1627 
3014 1627 1657 1658 
3015 1627 1658 1628 
3016 1628 1658 1659 
3017 1628 1659 1629 
3018 1629 1659 1660 
3019 1629 1660 1630 
3020 1630 1660 1661 
3021 1630 1661 1631 
3022 1631 1661 1662 
3023 1631 1662 1632 
3024 1632 1662 1663 
3025 1632 1663 1633 
3026 1633 1663 1664 
3027 1633 1664 1634 
3028 1634 1664 1665 
3029 1634 1665 1635 
3030 1635 1665 1666 
3031 1635 1666 1636 
3032 1636 1666 1667 
3033 1636 1667 1637 
3034 1637 1667 1668 
3035 1637 1668 1638 
3036 1638 1668 1669 
3037 1638 1669 1639 
3038 1639 1669 1670 
3039 1639 1670 1640 
3040 1640 1670 1671 
3041 1640 1671 1641 
3042 1641 1671 1672 
3043 1641 1672 1642 
3044 1642 1672 1673 
3045 1642 1673 1643 
3046 1643 1673 1674 
3047 1643 1674 1644 
3048 1644 1674 1675 
3049 1644 1675 1645 
3050 1645 1675 1676 
3051 1645 1676 1646 
3052 1646 1676 1677 
3053 1646 1677 1647 
3054 1647 1677 1678 
3055 1647 1678 1648 
3056 1648 1678 1679 
3057 1648 1679 1649 
3058 1649 1679 1680 
3059 1649 1680 1650 
3060 1650 1680 1681 
3061 1650 1681 1651 
3062 1651 1681 1682 
3063 1651 1682 1652 
3064 1652 1682 1683 
3065 1652 1683 1653 
3066 1653 1683 1684 
3067 1653 1684 1654 
3068 1654 1684 1685 
3069 1654 1685 1655 
3070 1655 1685 1686 
3071 1655 1686 143 
3072 143 1686 144 
3073 50 51 1656 
3074 1656 51 1687 
3075 1656 1687 1657 
3076 1657 1687 1688 
3077 1657 1688 1658 
3078 1658 1688 1689 
3079 1658 1689 1659 
3080 1659 1689 1690 
3081 1659 1690 1660 
3082 1660 1690 1691 
3083 1660 1691 1661 
3084 1661 1691 1692 
3085 1661 1692 1662 
3086 1662 1692 1693 
3087 1662 1693 1663 
3088 1663 1693 1694 
3089 1663 1694 1664 
3090 1664 1694 1695 
3091 1664 1695 1665 
3092 1665 1695 1696 
3093 1665 1696 1666 
3094 1666 1696 1697 
3095 1666 1697 1667 
3096 1667 1697 1698 
3097 1667 1698 1668 
3098 1668 1698 1699 
3099 1668 1699 1669 
3100 1669 1699 1700 
3101 1669 1700 1670 
3102 1670 1700 1701 
3103 1670 1701 1671 
3104 1671 1701 1702 
3105 1671 1702 1672 
3106 1672 1702 1703 
3107 1672 1703 1673 
3108 1673 1703 1704 
3109 1673 1704 1674 
3110 1674 1704 1705 
3111 1674 1705 1675 
3112 1675 1705 1706 
3113 1675 1706 1676 
3114 1676 1706 1707 
3115 1676 1707 1677 
3116 1677 1707 1708 
3117 1677 1708 1678 
3118 1678 1708 1709 
3119 1678 1709 1679 
3120 1679 1709 1710 
3121 1679 1710 1680 
3122 1680 1710 1711 
3123 1680 1711 1681 
3124 1681 1711 1712 
3125 1681 1712 1682 
3126 1682 1712 1713 
3127 1682 1713 1683 
3128 1683 1713 1714 
3129 1683 1714 1684 
3130 1684 1714 1715 
3131 1684 1715 1685 
3132 1685 1715 1716 
3133 1685 1716 1686 
3134 1686 1716 1717 
3135 1686 1717 144 
3136 144 1717 145 
3137 51 52 1687 
3138 1687 52 1718 
3139 1687 1718 1688 
3140 1688 1718 1719 
3141 1688 1719 1689 
3142 1689 1719 1720 
3143 1689 1720 1690 
3144 1690 1720 1721 
3145 1690 1721 1691 
3146 1691 1721 1722 
3147 1691 1722 1692 
3148 1692 1722 1723 
3149 1692 1723 1693 
3150 1693 1723 1724 
3151 1693 1724 1694 
3152 1694 1724 1725 
3153 1694 1725 1695 
3154 1695 1725 1726 
3155 1695 1726 1696 
3156 1696 1726 1727 
3157 1696 1727 1697 
3158 1697 1727 1728 
3159 1697 1728 1698 
3160 1698 1728 1729 
3161 1698 1729 1699 
3162 1699 1729 1730 
3163 1699 1730 1700 
3164 1700 1730 1731 
3165 1700 1731 1701 
3166 1701 1731 1732 
3167 1701 1732 1702 
3168 1702 1732 1733 
3169 1702 1733 1703 
3170 1703 1733 1734 
3171 1703 1734 1704 
3172 1704 1734 1735 
3173 1704 1735 1705 
3174 1705 1735 1736 
3175 1705 1736 1706 
3176 1706 1736 1737 
3177 1706 1737 1707 
3178 1707 1737 1738 
3179 1707 1738 1708 
3180 1708 1738 1739 
3181 1708 1739 1709 
3182 1709 1739 1740 
3183 1709 1740 1710 
3184 1710 1740 1741 
3185 1710 1741 1711 
3186 1711 1741 1742 
3187 1711 1742 1712 
3188 1712 1742 1743 
3189 1712 1743 1713 
3190 1713 1743 1744 
3191 1713 1744 1714 
3192 1714 1744 1745 
3193 1714 1745 1715 
3194 1715 1745 1746 
3195 1715 1746 1716 
3196 1716 1746 1747 
3197 1716 1747 1717 
3198 1717 1747 1748 
3199 1717 1748 145 
3200 145 1748 146 
3201 52 53 1718 
3202 1718 53 1749 
3203 1718 1749 1719 
3204 1719 1749 1750 
3205 1719 1750 1720 
3206 1720 1750 1751 
3207 1720 1751 1721 
3208 1721 1751 1752 
3209 1721 1752 1722 
3210 1722 1752 1753 
3211 1722 1753 1723 
3212 1723 1753 1754 
3213 1723 1754 1724 
3214 1724 1754 1755 
3215 1724 1755 1725 
3216 1725 1755 1756 
3217 1725 1756 1726 
3218 1726 1756 1757 
3219 1726 1757 1727 
3220 1727 1757 1758 
3221 1727 1758 1728 
3222 1728 1758 1759 
3223 1728 1759 1729 
3224 1729 1759 1760 
3225 1729 1760 1730 
3226 1730 1760 1761 
3227 1730 1761 1731 
3228 1731 1761 1762 
3229 1731 1762 1732 
3230 1732 1762 1763 
3231 1732 1763 1733 
3232 1733 1763 1764 
3233 1733 1764 1734 
3234 1734 1764 1765 
3235 1734 1765 1735 
3236 1735 1765 1766 
3237 1735 1766 1736 
3238 1736 1766 1767 
3239 1736 1767 1737 
3240 1737 1767 1768 
3241 1737 1768 1738 
3242 1738 1768 1769 
3243 1738 1769 1739 
3244 1739 1769 1770 
3245 1739 1770 1740 
3246 1740 1770 1771 
3247 1740 1771 1741 
3248 1741 1771 1772 
3249 1741 1772 1742 
3250 1742 1772 1773 
3251 1742 1773 1743 
3252 1743 1773 1774 
3253 1743 1774 1744 
3254 1744 1774 1775 
3255 1744 1775 1745 
3256 1745 1775 1776 
3257 1745 1776 1746 
3258 1746 1776 1777 
3259 1746 1777 1747 
3260 1747 1777 1778 
3261 1747 1778 1748 
3262 1748 1778 1779 
3263 1748 1779 146 
3264 146 1779 147 
3265 53 54 1749 
3266 1749 54 1780 
3267 1749 1780 1750 
3268 1750 1780 1781 
3269 1750 1781 1751 
3270 1751 1781 1782 
3271 1751 1782 1752 
3272 1752 1782 1783 
3273 1752 1783 1753 
3274 1753 1783 1784 
3275 1753 1784 1754 
3276 1754 1784 1785 
3277 1754 1785 1755 
3278 1755 1785 1786 
3279 1755 1786 1756 
3280 1756 1786 1787 
3281 1756 1787 1757 
3282 1757 1787 1788 
3283 1757 1788 1758 
3284 1758 1788 1789 
3285 1758 1789 1759 
3286 1759 1789 1790 
3287 1759 1790 1760 
3288 1760 1790 1791 
3289 1760 1791 1761 
3290 1761 1791 1792 
3291 1761 1792 1762 
3292 1762 1792 1793 
3293 1762 1793 1763 
3294 1763 1793 1794 
3295 1763 1794 1764 
3296 1764 1794 1795 
3297 1764 1795 1765 
3298 1765 1795 1796 
3299 1765 1796 1766 
3300 1766 1796 1797 
3301 1766 1797 1767 
3302 1767 1797 1798 
3303 1767 1798 1768 
3304 1768 1798 1799 
3305 1768 1799 1769 
3306 1769 1799 1800 
3307 1769 1800 1770 
3308 1770 1800 1801 
3309 1770 1801 1771 
3310 1771 1801 1802 
3311 1771 1802 1772 
3312 1772 1802 1803 
3313 1772 1803 1773 
3314 1773 1803 1804 
3315 1773 1804 1774 
3316 1774 1804 1805 
3317 1774 1805 1775 
3318 1775 1805 1806 
3319 1775 1806 1776 
3320 1776 1806 1807 
3321 1776 1807 1777 
3322 1777 1807 1808 
3323 1777 1808 1778 
3324 1778 1808 1809 
3325 1778 1809 1779 
3326 1779 1809 1810 
3327 1779 1810 147 
3328 147 1810 148 
3329 54 55 1780 
3330 1780 55 1811 
3331 1780 1811 1781 
3332 1781 1811 1812 
3333 1781 1812 1782 
3334 1782 1812 1813 
3335 1782 1813 1783 
3336 1783 1813 1814 
3337 1783 1814 1784 
3338 1784 1814 1815 
3339 1784 1815 1785 
3340 1785 1815 1816 
3341 1785 1816 1786 
3342 1786 1816 1817 
3343 1786 1817 1787 
3344 1787 1817 1818 
3345 1787 1818 1788 
3346 1788 1818 1819 
3347 1788 1819 1789 
3348 1789 1819 1820 
3349 1789 1820 1790 
3350 1790 1820 1821 
3351 1790 1821 1791 
3352 1791 1821 1822 
3353 1791 1822 1792 
3354 1792 1822 1823 
3355 1792 1823 1793 
3356 1793 1823 1824 
3357 1793 1824 1794 
3358 1794 1824 1825 
3359 1794 1825 1795 
3360 1795 1825 1826 
3361 1795 1826 1796 
3362 1796 1826 1827 
3363 1796 1827 1797 
3364 1797 1827 1828 
3365 1797 1828 1798 
3366 1798 1828 1829 
3367 1798 1829 1799 
3368 1799 1829 1830 
3369 1799 1830 1800 
3370 1800 1830 1831 
3371 1800 1831 1801 
3372 1801 1831 1832 
3373 1801 1832 1802 
3374 1802 1832 1833 
3375 1802 1833 1803 
3376 1803 1833 1834 
3377 1803 1834 1804 
3378 1804 1834 1835 
3379 1804 1835 1805 
3380 1805 1835 1836 
3381 1805 1836 1806 
3382 1806 1836 1837 
3383 1806 1837 1807 
3384 1807 1837 1838 
3385 1807 1838 1808 
3386 1808 1838 1839 
3387 1808 1839 1809 
3388 1809 1839 1840 
3389 1809 1840 1810 
3390 1810 1840 1841 
3391 1810 1841 148 
3392 148 1841 149 
3393 55 56 1811 
3394 1811 56 1842 
3395 1811 1842 1812 
3396 1812 1842 1843 
3397 1812 1843 1813 
3398 1813 1843 1844 
3399 1813 1844 1814 
3400 1814 1844 1845 
3401 1814 1845 1815 
3402 1815 1845 1846 
3403 1815 1846 1816 
3404 1816 1846 1847 
3405 1816 1847 1817 
3406 1817 1847 1848 
3407 1817 1848 1818 
3408 1818 1848 1849 
3409 1818 1849 1819 
3410 1819 1849 1850 
3411 1819 1850 1820 
3412 1820 1850 1851 
3413 1820 1851 1821 
3414 1821 1851 1852 
3415 1821 1852 1822 
3416 1822 1852 1853 
3417 1822 1853 1823 
3418 1823 1853 1854 
3419 1823 1854 1824 
3420 1824 1854 1855 
3421 1824 1855 1825 
3422 1825 1855 1856 
3423 1825 1856 1826 
3424 1826 1856 1857 
3425 1826 1857 1827 
3426 1827 1857 1858 
3427 1827 1858 1828 
3428 1828 1858 1859 
3429 1828 1859 1829 
3430 1829 1859 1860 
3431 1829 1860 1830 
3432 1830 1860 1861 
3433 1830 1861 1831 
3434 1831 1861 1862 
3435 1831 1862 1832 
3436 1832 1862 1863 
3437 1832 1863 1833 
3438 1833 1863 1864 
3439 1833 1864 1834 
3440 1834 1864 1865 
3441 1834 1865 1835 
3442 1835 1865 1866 
3443 1835 1866 1836 
3444 1836 1866 1867 
3445 1836 1867 1837 
3446 1837 1867 1868 
3447 1837 1868 1838 
3448 1838 1868 1869 
3449 1838 1869 1839 
3450 1839 1869 1870 
3451 1839 1870 1840 
3452 1840 1870 1871 
3453 1840 1871 1841 
3454 1841 1871 1872 
3455 1841 1872 149 
3456 149 1872 150 
3457 56 57 1842 
3458 1842 57 1873 
3459 1842 1873 1843 
3460 1843 1873 1874 
3461 1843 1874 1844 
3462 1844 1874 1875 
3463 1844 1875 1845 
3464 1845 1875 1876 
3465 1845 1876 1846 
3466 1846 1876 1877 
3467 1846 1877 1847 
3468 1847 1877 1878 
3469 1847 1878 1848 
3470 1848 1878 1879 
3471 1848 1879 1849 
3472 1849 1879 1880 
3473 1849 1880 1850 
3474 1850 1880 1881 
3475 1850 1881 1851 
3476 1851 1881 1882 
3477 1851 1882 1852 
3478 1852 1882 1883 
3479 1852 1883 1853 
3480 1853 1883 1884 
3481 1853 1884 1854 
3482 1854 1884 1885 
3483 1854 1885 1855 
3484 1855 1885 1886 
3485 1855 1886 1856 
3486 1856 1886 1887 
3487 1856 1887 1857 
3488 1857 1887 1888 
3489 1857 1888 1858 
3490 1858 1888 1889 
3491 1858 1889 1859 
3492 1859 1889 1890 
3493 1859 1890 1860 
3494 1860 1890 1891 
3495 1860 1891 1861 
3496 1861 1891 1892 
3497 1861 1892 1862 
3498 1862 1892 1893 
3499 1862 1893 1863 
3500 1863 1893 1894 
3501 1863 1894 1864 
3502 1864 1894 1895 
3503 1864 1895 1865 
3504 1865 1895 1896 
3505 1865 1896 1866 
3506 1866 1896 1897 
3507 1866 1897 1867 
3508 1867 1897 1898 
3509 1867 1898 1868 
3510 1868 1898 1899 
3511 1868 1899 1869 
3512 1869 1899 1900 
3513 1869 1900 1870 
3514 1870 1900 1901 
3515 1870 1901 1871 
3516 1871 1901 1902 
3517 1871 1902 1872 
3518 1872 1902 1903 
3519 1872 1903 150 
3520 150 1903 151 
3521 57 58 1873 
3522 1873 58 1904 
3523 1873 1904 1874 
3524 1874 1904 1905 
3525 1874 1905 1875 
3526 1875 1905 1906 
3527 1875 1906 1876 
3528 1876 1906 1907 
3529 1876 1907 1877 
3530 1877 1907 1908 
3531 1877 1908 1878 
3532 1878 1908 1909 
3533 1878 1909 1879 
3534 1879 1909 1910 
3535 1879 1910 1880 
3536 1880 1910 1911 
3537 1880 1911 1881 
3538 1881 1911 1912 
3539 1881 1912 1882 
3540 1882 1912 1913 
3541 1882 1913 1883 
3542 1883 1913 1914 
3543 1883 1914 1884 
3544 1884 1914 1915 
3545 1884 1915 1885 
3546 1885 1915 1916 
3547 1885 1916 1886 
3548 1886 1916 1917 
3549 1886 1917 1887 
3550 1887 1917 1918 
3551 1887 1918 1888 
3552 1888 1918 1919 
3553 1888 1919 1889 
3554 1889 1919 1920 
3555 1889 1920 1890 
3556 1890 1920 1921 
3557 1890 1921 1891 
3558 1891 1921 1922 
3559 1891 1922 1892 
3560 1892 1922 1923 
3561 1892 1923 1893 
3562 1893 1923 1924 
3563 1893 1924 1894 
3564 1894 1924 1925 
3565 1894 1925 1895 
3566 1895 1925 1926 
3567 1895 1926 1896 
3568 1896 1926 1927 
3569 1896 1927 1897 
3570 1897 1927 1928 
3571 1897 1928 1898 
3572 1898 1928 1929 
3573 1898 1929 1899 
3574 1899 1929 1930 
3575 1899 1930 1900 
3576 1900 1930 1931 
3577 1900 1931 1901 
3578 1901 1931 1932 
3579 1901 1932 1902 
3580 1902 1932 1933 
3581 1902 1933 1903 
3582 1903 1933 1934 
3583 1903 1934 151 
3584 151 1934 152 
3585 58 59 1904 
3586 1904 59 1935 
3587 1904 1935 1905 
3588 1905 1935 1936 
3589 1905 1936 1906 
3590 1906 1936 1937 
3591 1906 1937 1907 
3592 1907 1937 1938 
3593 1907 1938 1908 
3594 1908 1938 1939 
3595 1908 1939 1909 
3596 1909 1939 1940 
3597 1909 1940 1910 
3598 1910 1940 1941 
3599 1910 1941 1911 
3600 1911 1941 1942 
3601 1911 1942 1912 
3602 1912 1942 1943 
3603 1912 1943 1913 
3604 1913 1943 1944 
3605 1913 1944 1914 
3606 1914 1944 1945 
3607 1914 1945 1915 
3608 1915 1945 1946 
3609 1915 1946 1916 
3610 1916 1946 1947 
3611 1916 1947 1917 
3612 1917 1947 1948 
3613 1917 1948 1918 
3614 1918 1948 1949 
3615 1918 1949 1919 
3616 1919 1949 1950 
3617 1919 1950 1920 
3618 1920 1950 1951 
3619 1920 1951 1921 
3620 1921 1951 1952 
3621 1921 1952 1922 
3622 1922 1952 1953 
3623 1922 1953 1923 
3624 1923 1953 1954 
3625 1923 1954 1924 
3626 1924 1954 1955 
3627 1924 1955 1925 
3628 1925 1955 1956 
3629 1925 1956 1926 
3630 1926 1956 1957 
3631 1926 1957 1927 
3632 1927 1957 1958 
3633 1927 1958 1928 
3634 1928 1958 1959 
3635 1928 1959 1929 
3636 1929 1959 1960 
3637 1929 1960 1930 
3638 1930 1960 1961 
3639 1930 1961 1931 
3640 1931 1961 1962 
3641 1931 1962 1932 
3642 1932 1962 1963 
3643 1932 1963 1933 
3644 1933 1963 1964 
3645 1933 1964 1934 
3646 1934 1964 1965 
3647 1934 1965 152 
3648 152 1965 153 
3649 59 60 1935 
3650 1935 60 1966 
3651 1935 1966 1936 
3652 1936 1966 1967 
3653 1936 1967 1937 
3654 1937 1967 1968 
3655 1937 1968 1938 
3656 1938 1968 1969 
3657 1938 1969 1939 
3658 1939 1969 1970 
3659 1939 1970 1940 
3660 1940 1970 1971 
3661 1940 1971 1941 
3662 1941 1971 1972 
3663 1941 1972 1942 
3664 1942 1972 1973 
3665 1942 1973 1943 
3666 1943 1973 1974 
3667 1943 1974 1944 
3668 1944 1974 1975 
3669 1944 1975 1945 
3670 1945 1975 1976 
3671 1945 1976 1946 
3672 1946 1976 1977 
3673 1946 1977 1947 
3674 1947 1977 1978 
3675 1947 1978 1948 
3676 1948 1978 1979 
3677 1948 1979 1949 
3678 1949 1979 1980 
3679 1949 1980 1950 
3680 1950 1980 1981 
3681 1950 1981 1951 
3682 1951 1981 1982 
3683 1951 1982 1952 
3684 1952 1982 1983 
3685 1952 1983 1953 
3686 1953 1983 1984 
3687 1953 1984 1954 
3688 1954 1984 1985 
3689 1954 1985 1955 
3690 1955 1985 1986 
3691 1955 1986 1956 
3692 1956 1986 1987 
3693 1956 1987 1957 
3694 1957 1987 1988 
3695 1957 1988 1958 
3696 1958 1988 1989 
3697 1958 1989 1959 
3698 1959 1989 1990 
3699 1959 1990 1960 
3700 1960 1990 1991 
3701 1960 1991 1961 
3702 1961 1991 1992 
3703 1961 1992 1962 
3704 1962 1992 1993 
3705 1962 1993 1963 
3706 1963 1993 1994 
3707 1963 1994 1964 
3708 1964 1994 1995 
3709 1964 1995 1965 
3710 1965 1995 1996 
3711 1965 1996 153 
3712 153 1996 154 
3713 60 61 1966 
3714 1966 61 1997 
3715 1966 1997 1967 
3716 1967 1997 1998 
3717 1967 1998 1968 
3718 1968 1998 1999 
3719 1968 1999 1969 
3720 1969 1999 2000 
3721 1969 2000 1970 
3722 1970 2000 2001 
3723 1970 2001 1971 
3724 1971 2001 2002 
3725 1971 2002 1972 
3726 1972 2002 2003 
3727 1972 2003 1973 
3728 1973 2003 2004 
3729 1973 2004 1974 
3730 1974 2004 2005 
3731 1974 2005 1975 
3732 1975 2005 2006 
3733 1975 2006 1976 
3734 1976 2006 2007 
3735 1976 2007 1977 
3736 1977 2007 2008 
3737 1977 2008 1978 
3738 1978 2008 2009 
3739 1978 2009 1979 
3740 1979 2009 2010 
3741 1979 2010 1980 
3742 1980 2010 2011 
3743 1980 2011 1981 
3744 1981 2011 2012 
3745 1981 2012 1982 
3746 1982 2012 2013 
3747 1982 2013 1983 
3748 1983 2013 2014 
3749 1983 2014 1984 
3750 1984 2014 2015 
3751 1984 2015 1985 
3752 1985 2015 2016 
3753 1985 2016 1986 
3754 1986 2016 2017 
3755 1986 2017 1987 
3756 1987 2017 2018 
3757 1987 2018 1988 
3758 1988 2018 2019 
3759 1988 2019 1989 
3760 1989 2019 2020 
3761 1989 2020 1990 
3762 1990 2020 2021 
3763 1990 2021 1991 
3764 1991 2021 2022 
3765 1991 2022 1992 
3766 1992 2022 2023 
3767 1992 2023 1993 
3768 1993 2023 2024 
3769 1993 2024 1994 
3770 1994 2024 2025 
3771 1994 2025 1995 
3772 1995 2025 2026 
3773 1995 2026 1996 
3774 1996 2026 2027 
3775 1996 2027 154 
3776 154 2027 155 
3777 61 62 1997 
3778 1997 62 2028 
3779 1997 2028 1998 
3780 1998 2028 2029 
3781 1998 2029 1999 
3782 1999 2029 2030 
3783 1999 2030 2000 
3784 2000 2030 2031 
3785 2000 2031 2001 
3786 2001 2031 2032 
3787 2001 2032 2002 
3788 2002 2032 2033 
3789 2002 2033 2003 
3790 2003 2033 2034 
3791 2003 2034 2004 
3792 2004 2034 2035 
3793 2004 2035 2005 
3794 2005 2035 2036 
3795 2005 2036 2006 
3796 2006 2036 2037 
3797 2006 2037 2007 
3798 2007 2037 2038 
3799 2007 2038 2008 
3800 2008 2038 2039 
3801 2008 2039 2009 
3802 2009 2039 2040 
3803 2009 2040 2010 
3804 2010 2040 2041 
3805 2010 2041 2011 
3806 2011 2041 2042 
3807 2011 2042 2012 
3808 2012 2042 2043 
3809 2012 2043 2013 
3810 2013 2043 2044 
3811 2013 2044 2014 
3812 2014 2044 2045 
3813 2014 2045 2015 
3814 2015 2045 2046 
3815 2015 2046 2016 
3816 2016 2046 2047 
3817 2016 2047 2017 
3818 2017 2047 2048 
3819 2017 2048 2018 
3820 2018 2048 2049 
3821 2018 2049 2019 
3822 2019 2049 2050 
3823 2019 2050 2020 
3824 2020 2050 2051 
3825 2020 2051 2021 
3826 2021 2051 2052 
3827 2021 2052 2022 
3828 2022 2052 2053 
3829 2022 2053 2023 
3830 2023 2053 2054 
3831 2023 2054 2024 
3832 2024 2054 2055 
3833 2024 2055 2025 
3834 2025 2055 2056 
3835 2025 2056 2026 
3836 2026 2056 2057 
3837 2026 2057 2027 
3838 2027 2057 2058 
3839 2027 2058 155 
3840 155 2058 156 
3841 62 63 2028 
3842 2028 63 2059 
3843 2028 2059 2029 
3844 2029 2059 2060 
3845 2029 2060 2030 
3846 2030 2060 2061 
3847 2030 2061 2031 
3848 2031 2061 2062 
3849 2031 2062 2032 
3850 2032 2062 2063 
3851 2032 2063 2033 
3852 2033 2063 2064 
3853 2033 2064 2034 
3854 2034 2064 2065 
3855 2034 2065 2035 
3856 2035 2065 2066 
3857 2035 2066 2036 
3858 2036 2066 2067 
3859 2036 2067 2037 
3860 2037 2067 2068 
3861 2037 2068 2038 
3862 2038 2068 2069 
3863 2038 2069 2039 
3864 2039 2069 2070 
3865 2039 2070 2040 
3866 2040 2070 2071 
3867 2040 2071 2041 
3868 2041 2071 2072 
3869 2041 2072 2042 
3870 2042 2072 2073 
3871 2042 2073 2043 
3872 2043 2073 2074 
3873 2043 2074 2044 
3874 2044 2074 2075 
3875 2044 2075 2045 
3876 2045 2075 2076 
3877 2045 2076 2046 
3878 2046 2076 2077 
3879 2046 2077 2047 
3880 2047 2077 2078 
3881 2047 2078 2048 
3882 2048 2078 2079 
3883 2048 2079 2049 
3884 2049 2079 2080 
3885 2049 2080 2050 
3886 2050 2080 2081 
3887 2050 2081 2051 
3888 2051 2081 2082 
3889 2051 2082 2052 
3890 2052 2082 2083 
3891 2052 2083 2053 
3892 2053 2083 2084 
3893 2053 2084 2054 
3894 2054 2084 2085 
3895 2054 2085 2055 
3896 2055 2085 2086 
3897 2055 2086 2056 
3898 2056 2086 2087 
3899 2056 2087 2057 
3900 2057 2087 2088 
3901 2057 2088 2058 
3902 2058 2088 2089 
3903 2058 2089 156 
3904 156 2089 157 
3905 63 64 2059 
3906 2059 64 2090 
3907 2059 2090 2060 
3908 2060 2090 2091 
3909 2060 2091 2061 
3910 2061 2091 2092 
3911 2061 2092 2062 
3912 2062 2092 2093 
3913 2062 2093 2063 
3914 2063 2093 2094 
3915 2063 2094 2064 
3916 2064 2094 2095 
3917 2064 2095 2065 
3918 2065 2095 2096 
3919 2065 2096 2066 
3920 2066 2096 2097 
3921 2066 2097 2067 
3922 2067 2097 2098 
3923 2067 2098 2068 
3924 2068 2098 2099 
3925 2068 2099 2069 
3926 2069 2099 2100 
3927 2069 2100 2070 
3928 2070 2100 2101 
3929 2070 2101 2071 
3930 2071 2101 2102 
3931 2071 2102 2072 
3932 2072 2102 2103 
3933 2072 2103 2073 
3934 2073 2103 2104 
3935 2073 2104 2074 
3936 2074 2104 2105 
3937 2074 2105 2075 
3938 2075 2105 2106 
3939 2075 2106 2076 
3940 2076 2106 2107 
3941 2076 2107 2077 
3942 2077 2107 2108 
3943 2077 2108 2078 
3944 2078 2108 2109 
3945 2078 2109 2079 
3946 2079 2109 2110 
3947 2079 2110 2080 
3948 2080 2110 2111 
3949 2080 2111 2081 
3950 2081 2111 2112 
3951 2081 2112 2082 
3952 2082 2112 2113 
3953 2082 2113 2083 
3954 2083 2113 2114 
3955 2083 2114 2084 
3956 2084 2114 2115 
3957 2084 2115 2085 
3958 2085 2115 2116 
3959 2085 2116 2086 
3960 2086 2116 2117 
3961 2086 2117 2087 
3962 2087 2117 2118 
3963 2087 2118 2088 
3964 2088 2118 2119 
3965 2088 2119 2089 
3966 2089 2119 2120 
3967 2089 2120 157 
3968 157 2120 158 
3969 64 65 2090 
3970 2090 65 2121 
3971 2090 2121 2091 
3972 2091 2121 2122 
3973 2091 2122 2092 
3974 2092 2122 2123 
3975 2092 2123 2093 
3976 2093 2123 2124 
3977 2093 2124 2094 
3978 2094 2124 2125 
3979 2094 2125 2095 
3980 2095 2125 2126 
3981 2095 2126 2096 
3982 2096 2126 2127 
3983 2096 2127 2097 
3984 2097 2127 2128 
3985 2097 2128 2098 
3986 2098 2128 2129 
3987 2098 2129 2099 
3988 2099 2129 2130 
3989 2099 2130 2100 
3990 2100 2130 2131 
3991 2100 2131 2101 
3992 2101 2131 2132 
3993 2101 2132 2102 
3994 2102 2132 2133 
3995 2102 2133 2103 
3996 2103 2133 2134 
3997 2103 2134 2104 
3998 2104 2134 2135 
3999 2104 2135 2105 
4000 2105 2135 2136 
4001 2105 2136 2106 
4002 2106 2136 2137 
4003 2106 2137 2107 
4004 2107 2137 2138 
4005 2107 2138 2108 
4006 2108 2138 2139 
4007 2108 2139 2109 
4008 2109 2139 2140 
4009 2109 2140 2110 
4010 2110 2140 2141 
4011 2110 2141 2111 
4012 2111 2141 2142 
4013 2111 2142 2112 
4014 2112 2142 2143 
4015 2112 2143 2113 
4016 2113 2143 2144 
4017 2113 2144 2114 
4018 2114 2144 2145 
4019 2114 2145 2115 
4020 2115 2145 2146 
4021 2115 2146 2116 
4022 2116 2146 2147 
4023 2116 2147 2117 
4024 2117 2147 2148 
4025 2117 2148 2118 
4026 2118 2148 2149 
4027 2118 2149 2119 
4028 2119 2149 2150 
4029 2119 2150 2120 
4030 2120 2150 2151 
4031 2120 2151 158 
4032 158 2151 159 
4033 65 66 2121 
4034 2121 66 2152 
4035 2121 2152 2122 
4036 2122 2152 2153 
4037 2122 2153 2123 
4038 2123 2153 2154 
4039 2123 2154 2124 
4040 2124 2154 2155 
4041 2124 2155 2125 
4042 2125 2155 2156 
4043 2125 2156 2126 
4044 2126 2156 2157 
4045 2126 2157 2127 
4046 2127 2157 2158 
4047 2127 2158 2128 
4048 2128 2158 2159 
4049 2128 2159 2129 
4050 2129 2159 2160 
4051 2129 2160 2130 
4052 2130 2160 2161 
4053 2130 2161 2131 
4054 2131 2161 2162 
4055 2131 2162 2132 
4056 2132 2162 2163 
4057 2132 2163 2133 
4058 2133 2163 2164 
4059 2133 2164 2134 
4060 2134 2164 2165 
4061 2134 2165 2135 
4062 2135 2165 2166 
4063 2135 2166 2136 
4064 2136 2166 2167 
4065 2136 2167 2137 
4066 2137 2167 2168 
4067 2137 2168 2138 
4068 2138 2168 2169 
4069 2138 2169 2139 
4070 2139 2169 2170 
4071 2139 2170 2140 
4072 2140 2170 2171 
4073 2140 2171 2141 
4074 2141 2171 2172 
4075 2141 2172 2142 
4076 2142 2172 2173 
4077 2142 2173 2143 
4078 2143 2173 2174 
4079 2143 2174 2144 
4080 2144 2174 2175 
4081 2144 2175 2145 
4082 2145 2175 2176 
4083 2145 2176 2146 
4084 2146 2176 2177 
4085 2146 2177 2147 
4086 2147 2177 2178 
4087 2147 2178 2148 
4088 2148 2178 2179 
4089 2148 2179 2149 
4090 2149 2179 2180 
4091 2149 2180 2150 
4092 2150 2180 2181 
4093 2150 2181 2151 
4094 2151 2181 2182 
4095 2151 2182 159 
4096 159 2182 160 
4097 66 67 2152 
4098 2152 67 2183 
4099 2152 2183 2153 
4100 2153 2183 2184 
4101 2153 2184 2154 
4102 2154 2184 2185 
4103 2154 2185 2155 
4104 2155 2185 2186 
4105 2155 2186 2156 
4106 2156 2186 2187 
4107 2156 2187 2157 
4108 2157 2187 2188 
4109 2157 2188 2158 
4110 2158 2188 2189 
4111 2158 2189 2159 
4112 2159 2189 2190 
4113 2159 2190 2160 
4114 2160 2190 2191 
4115 2160 2191 2161 
4116 2161 2191 2192 
4117 2161 2192 2162 
4118 2162 2192 2193 
4119 2162 2193 2163 
4120 2163 2193 2194 
4121 2163 2194 2164 
4122 2164 2194 2195 
4123 2164 2195 2165 
4124 2165 2195 2196 
4125 2165 2196 2166 
4126 2166 2196 2197 
4127 2166 2197 2167 
4128 2167 2197 2198 
4129 2167 2198 2168 
4130 2168 2198 2199 
4131 2168 2199 2169 
4132 2169 2199 2200 
4133 2169 2200 2170 
4134 2170 2200 2201 
4135 2170 2201 2171 
4136 2171 2201 2202 
4137 2171 2202 2172 
4138 2172 2202 2203 
4139 2172 2203 2173 
4140 2173 2203 2204 
4141 2173 2204 2174 
4142 2174 2204 2205 
4143 2174 2205 2175 
4144 2175 2205 2206 
4145 2175 2206 2176 
4146 2176 2206 2207 
4147 2176 2207 2177 
4148 2177 2207 2208 
4149 2177 2208 2178 
4150 2178 2208 2209 
4151 2178 2209 2179 
4152 2179 2209 2210 
4153 2179 2210 2180 
4154 2180 2210 2211 
4155 2180 2211 2181 
4156 2181 2211 2212 
4157 2181 2212 2182 
4158 2182 2212 2213 
4159 2182 2213 160 
4160 160 2213 161 
4161 67 68 2183 
4162 2183 68 2214 
4163 2183 2214 2184 
4164 2184 2214 2215 
4165 2184 2215 2185 
4166 2185 2215 2216 
4167 2185 2216 2186 
4168 2186 2216 2217 
4169 2186 2217 2187 
4170 2187 2217 2218 
4171 2187 2218 2188 
4172 2188 2218 2219 
4173 2188 2219 2189 
4174 2189 2219 2220 
4175 2189 2220 2190 
4176 2190 2220 2221 
4177 2190 2221 2191 
4178 2191 2221 2222 
4179 2191 2222 2192 
4180 2192 2222 2223 
4181 2192 2223 2193 
4182 2193 2223 2224 
4183 2193 2224 2194 
4184 2194 2224 2225 
4185 2194 2225 2195 
4186 2195 2225 2226 
4187 2195 2226 2196 
4188 2196 2226 2227 
4189 2196 2227 2197 
4190 2197 2227 2228 
4191 2197 2228 2198 
4192 2198 2228 2229 
4193 2198 2229 2199 
4194 2199 2229 2230 
4195 2199 2230 2200 
4196 2200 2230 2231 
4197 2200 2231 2201 
4198 2201 2231 2232 
4199 2201 2232 2202 
4200 2202 2232 2233 
4201 2202 2233 2203 
4202 2203 2233 2234 
4203 2203 2234 2204 
4204 2204 2234 2235 
4205 2204 2235 2205 
4206 2205 2235 2236 
4207 2205 2236 2206 
4208 2206 2236 2237 
4209 2206 2237 2207 
4210 2207 2237 2238 
4211 2207 2238 2208 
4212 2208 2238 2239 
4213 2208 2239 2209 
4214 2209 2239 2240 
4215 2209 2240 2210 
4216 2210 2240 2241 
4217 2210 2241 2211 
4218 2211 2241 2242 
4219 2211 2242 2212 
4220 2212 2242 2243 
4221 2212 2243 2213 
4222 2213 2243 2244 
4223 2213 2244 161 
4224 161 2244 162 
4225 68 69 2214 
4226 2214 69 2245 
4227 2214 2245 2215 
4228 2215 2245 2246 
4229 2215 2246 2216 
4230 2216 2246 2247 
4231 2216 2247 2217 
4232 2217 2247 2248 
4233 2217 2248 2218 
4234 2218 2248 2249 
4235 2218 2249 2219 
4236 2219 2249 2250 
4237 2219 2250 2220 
4238 2220 2250 2251 
4239 2220 2251 2221 
4240 2221 2251 2252 
4241 2221 2252 2222 
4242 2222 2252 2253 
4243 2222 2253 2223 
4244 2223 2253 2254 
4245 2223 2254 2224 
4246 2224 2254 2255 
4247 2224 2255 2225 
4248 2225 2255 2256 
4249 2225 2256 2226 
4250 2226 2256 2257 
4251 2226 2257 2227 
4252 2227 2257 2258 
4253 2227 2258 2228 
4254 2228 2258 2259 
4255 2228 2259 2229 
4256 2229 2259 2260 
4257 2229 2260 2230 
4258 2230 2260 2261 
4259 2230 2261 2231 
4260 2231 2261 2262 
4261 2231 2262 2232 
4262 2232 2262 2263 
4263 2232 2263 2233 
4264 2233 2263 2264 
4265 2233 2264 2234 
4266 2234 2264 2265 
4267 2234 2265 2235 
4268 2235 2265 2266 
4269 2235 2266 2236 
4270 2236 2266 2267 
4271 2236 2267 2237 
4272 2237 2267 2268 
4273 2237 2268 2238 
4274 2238 2268 2269 
4275 2238 2269 2239 
4276 2239 2269 2270 
4277 2239 2270 2240 
4278 2240 2270 2271 
4279 2240 2271 2241 
4280 2241 2271 2272 
4281 2241 2272 2242 
4282 2242 2272 2273 
4283 2242 2273 2243 
4284 2243 2273 2274 
4285 2243 2274 2244 
4286 2244 2274 2275 
4287 2244 2275 162 
4288 162 2275 163 
4289 69 70 2245 
4290 2245 70 2276 
4291 2245 2276 2246 
4292 2246 2276 2277 
4293 2246 2277 2247 
4294 2247 2277 2278 
4295 2247 2278 2248 
4296 2248 2278 2279 
4297 2248 2279 2249 
4298 2249 2279 2280 
4299 2249 2280 2250 
4300 2250 2280 2281 
4301 2250 2281 2251 
4302 2251 2281 2282 
4303 2251 2282 2252 
4304 2252 2282 2283 
4305 2252 2283 2253 
4306 2253 2283 2284 
4307 2253 2284 2254 
4308 2254 2284 2285 
4309 2254 2285 2255 
4310 2255 2285 2286 
4311 2255 2286 2256 
4312 2256 2286 2287 
4313 2256 2287 2257 
4314 2257 2287 2288 
4315 2257 2288 2258 
4316 2258 2288 2289 
4317 2258 2289 2259 
4318 2259 2289 2290 
4319 2259 2290 2260 
4320 2260 2290 2291 
4321 2260 2291 2261 
4322 2261 2291 2292 
4323 2261 2292 2262 
4324 2262 2292 2293 
4325 2262 2293 2263 
4326 2263 2293 2294 
4327 2263 2294 2264 
4328 2264 2294 2295 
4329 2264 2295 2265 
4330 2265 2295 2296 
4331 2265 2296 2266 
4332 2266 2296 2297 
4333 2266 2297 2267 
4334 2267 2297 2298 
4335 2267 2298 2268 
4336 2268 2298 2299 
4337 2268 2299 2269 
4338 2269 2299 2300 
4339 2269 2300 2270 
4340 2270 2300 2301 
4341 2270 2301 2271 
4342 2271 2301 2302 
4343 2271 2302 2272 
4344 2272 2302 2303 
4345 2272 2303 2273 
4346 2273 2303 2304 
4347 2273 2304 2274 
4348 2274 2304 2305 
4349 2274 2305 2275 
4350 2275 2305 2306 
4351 2275 2306 163 
4352 163 2306 164 
4353 70 71 2276 
4354 2276 71 2307 
4355 2276 2307 2277 
4356 2277 2307 2308 
4357 2277 2308 2278 
4358 2278 2308 2309 
4359 2278 2309 2279 
4360 2279 2309 2310 
4361 2279 2310 2280 
4362 2280 2310 2311 
4363 2280 2311 2281 
4364 2281 2311 2312 
4365 2281 2312 2282 
4366 2282 2312 2313 
4367 2282 2313 2283 
4368 2283 2313 2314 
4369 2283 2314 2284 
4370 2284 2314 2315 
4371 2284 2315 2285 
4372 2285 2315 2316 
4373 2285 2316 2286 
4374 2286 2316 2317 
4375 2286 2317 2287 
4376 2287 2317 2318 
4377 2287 2318 2288 
4378 2288 2318 2319 
4379 2288 2319 2289 
4380 2289 2319 2320 
4381 2289 2320 2290 
4382 2290 2320 2321 
4383 2290 2321 2291 
4384 2291 2321 2322 
4385 2291 2322 2292 
4386 2292 2322 2323 
4387 2292 2323 2293 
4388 2293 2323 2324 
4389 2293 2324 2294 
4390 2294 2324 2325 
4391 2294 2325 2295 
4392 2295 2325 2326 
4393 2295 2326 2296 
4394 2296 2326 2327 
4395 2296 2327 2297 
4396 2297 2327 2328 
4397 2297 2328 2298 
4398 2298 2328 2329 
4399 2298 2329 2299 
4400 2299 2329 2330 
4401 2299 2330 2300 
4402 2300 2330 2331 
4403 2300 2331 2301 
4404 2301 2331 2332 
4405 2301 2332 2302 
4406 2302 2332 2333 
4407 2302 2333 2303 
4408 2303 2333 2334 
4409 2303 2334 2304 
4410 2304 2334 2335 
4411 2304 2335 2305 
4412 2305 2335 2336 
4413 2305 2336 2306 
4414 2306 2336 2337 
4415 2306 2337 164 
4416 164 2337 165 
4417 71 2 2307 
4418 2307 2 72 
4419 2307 72 2308 
4420 2308 72 73 
4421 2308 73 2309 
4422 2309 73 74 
4423 2309 74 2310 
4424 2310 74 75 
4425 2310 75 2311 
4426 2311 75 76 
4427 2311 76 2312 
4428 2312 76 77 
4429 2312 77 2313 
4430 2313 77 78 
4431 2313 78 2314 
4432 2314 78 79 
4433 2314 79 2315 
4434 2315 79 80 
4435 2315 80 2316 
4436 2316 80 81 
4437 2316 81 2317 
4438 2317 81 82 
4439 2317 82 2318 
4440 2318 82 83 
4441 2318 83 2319 
4442 2319 83 84 
4443 2319 84 2320 
4444 2320 84 85 
4445 2320 85 2321 
4446 2321 85 86 
4447 2321 86 2322 
4448 2322 86 87 
4449 2322 87 2323 
4450 2323 87 88 
4451 2323 88 2324 
4452 2324 88 89 
4453 2324 89 2325 
4454 2325 89 90 
4455 2325 90 2326 
4456 2326 90 91 
4457 2326 91 2327 
4458 2327 91 92 
4459 2327 92 2328 
4460 2328 92 93 
4461 2328 93 2329 
4462 2329 93 94 
4463 2329 94 2330 
4464 2330 94 95 
4465 2330 95 2331 
4466 2331 95 96 
4467 2331 96 2332 
4468 2332 96 97 
4469 2332 97 2333 
4470 2333 97 98 
4471 2333 98 2334 
4472 2334 98 99 
4473 2334 99 2335 
4474 2335 99 100 
4475 2335 100 2336 
4476 2336 100 101 
4477 2336 101 2337 
4478 2337 101 102 
4479 2337 102 165 
4480 165 102 3 
2 2 2 4096
4481 5 197 384 
4482 384 197 2338 
4483 384 2338 383 
4484 383 2338 2339 
4485 383 2339 382 
4486 382 2339 2340 
4487 382 2340 381 
4488 381 2340 2341 
4489 381 2341 380 
4490 380 2341 2342 
4491 380 2342 379 
4492 379 2342 2343 
4493 379 2343 378 
4494 378 2343 2344 
4495 378 2344 377 
4496 377 2344 2345 
4497 377 2345 376 
4498 376 2345 2346 
4499 376 2346 375 
4500 375 2346 2347 
4501 375 2347 374 
4502 374 2347 2348 
4503 374 2348 373 
4504 373 2348 2349 
4505 373 2349 372 
4506 372 2349 2350 
4507 372 2350 371 
4508 371 2350 2351 
4509 371 2351 370 
4510 370 2351 2352 
4511 370 2352 369 
4512 369 2352 2353 
4513 369 2353 368 
4514 368 2353 2354 
4515 368 2354 367 
4516 367 2354 2355 
4517 367 2355 366 
4518 366 2355 2356 
4519 366 2356 365 
4520 365 2356 2357 
4521 365 2357 364 
4522 364 2357 2358 
4523 364 2358 363 
4524 363 2358 2359 
4525 363 2359 362 
4526 362 2359 2360 
4527 362 2360 361 
4528 361 2360 2361 
4529 361 2361 360 
4530 360 2361 2362 
4531 360 2362 359 
4532 359 2362 2363 
4533 359 2363 358 
4534 358 2363 2364 
4535 358 2364 357 
4536 357 2364 2365 
4537 357 2365 356 
4538 356 2365 2366 
4539 356 2366 355 
4540 355 2366 2367 
4541 355 2367 354 
4542 354 2367 2368 
4543 354 2368 8 
4544 8 2368 353 
4545 197 198 2338 
4546 2338 198 2369 
4547 2338 2369 2339 
4548 2339 2369 2370 
4549 2339 2370 2340 
4550 2340 2370 2371 
4551 2340 2371 2341 
4552 2341 2371 2372 
4553 2341 2372 2342 
4554 2342 2372 2373 
4555 2342 2373 2343 
4556 2343 2373 2374 
4557 2343 2374 2344 
4558 2344 2374 2375 
4559 2344 2375 2345 
4560 2345 2375 2376 
4561 2345 2376 2346 
4562 2346 2376 2377 
4563 2346 2377 2347 
4564 2347 2377 2378 
4565 2347 2378 2348 
4566 2348 2378 2379 
4567 2348 2379 2349 
4568 2349 2379 2380 
4569 2349 2380 2350 
4570 2350 2380 2381 
4571 2350 2381 2351 
4572 2351 2381 2382 
4573 2351 2382 2352 
4574 2352 2382 2383 
4575 2352 2383 2353 
4576 2353 2383 2384 
4577 2353 2384 2354 
4578 2354 2384 2385 
4579 2354 2385 2355 
4580 2355 2385 2386 
4581 2355 2386 2356 
4582 2356 2386 2387 
4583 2356 2387 2357 
4584 2357 2387 2388 
4585 2357 2388 2358 
4586 2358 2388 2389 
4587 2358 2389 2359 
4588 2359 2389 2390 
4589 2359 2390 2360 
4590 2360 2390 2391 
4591 2360 2391 2361 
4592 2361 2391 2392 
4593 2361 2392 2362 
4594 2362 2392 2393 
4595 2362 2393 2363 
4596 2363 2393 2394 
4597 2363 2394 2364 
4598 2364 2394 2395 
4599 2364 2395 2365 
4600 2365 2395 2396 
4601 2365 2396 2366 
4602 2366 2396 2397 
4603 2366 2397 2367 
4604 2367 2397 2398 
4605 2367 2398 2368 
4606 2368 2398 2399 
4607 2368 2399 353 
4608 353 2399 352 
4609 198 199 2369 
4610 2369 199 2400 
4611 2369 2400 2370 
4612 2370 2400 2401 
4613 2370 2401 2371 
4614 2371 2401 2402 
4615 2371 2402 2372 
4616 2372 2402 2403 
4617 2372 2403 2373 
4618 2373 2403 2404 
4619 2373 2404 2374 
4620 2374 2404 2405 
4621 2374 2405 2375 
4622 2375 2405 2406 
4623 2375 2406 2376 
4624 2376 2406 2407 
4625 2376 2407 2377 
4626 2377 2407 2408 
4627 2377 2408 2378 
4628 2378 2408 2409 
4629 2378 2409 2379 
4630 2379 2409 2410 
4631 2379 2410 2380 
4632 2380 2410 2411 
4633 2380 2411 2381 
4634 2381 2411 2412 
4635 2381 2412 2382 
4636 2382 2412 2413 
4637 2382 2413 2383 
4638 2383 2413 2414 
4639 2383 2414 2384 
4640 2384 2414 2415 
4641 2384 2415 2385 
4642 2385 2415 2416 
4643 2385 2416 2386 
4644 2386 2416 2417 
4645 2386 2417 2387 
4646 2387 2417 2418 
4647 2387 2418 2388 
4648 2388 2418 2419 
4649 2388 2419 2389 
4650 2389 2419 2420 
4651 2389 2420 2390 
4652 2390 2420 2421 
4653 2390 2421 2391 
4654 2391 2421 2422 
4655 2391 2422 2392 
4656 2392 2422 2423 
4657 2392 2423 2393 
4658 2393 2423 2424 
4659 2393 2424 2394 
4660 2394 2424 2425 
4661 2394 2425 2395 
4662 2395 2425 2426 
4663 2395 2426 2396 
4664 2396 2426 2427 
4665 2396 2427 2397 
4666 2397 2427 2428 
4667 2397 2428 2398 
4668 2398 2428 2429 
4669 2398 2429 2399 
4670 2399 2429 2430 
4671 2399 2430 352 
4672 352 2430 351 
4673 199 200 2400 
4674 2400 200 2431 
4675 2400 2431 2401 
4676 2401 2431 2432 
4677 2401 2432 2402 
4678 2402 2432 2433 
4679 2402 2433 2403 
4680 2403 2433 2434 
4681 2403 2434 2404 
4682 2404 2434 2435 
4683 2404 2435 2405 
4684 2405 2435 2436 
4685 2405 2436 2406 
4686 2406 2436 2437 
4687 2406 2437 2407 
4688 2407 2437 2438 
4689 2407 2438 2408 
4690 2408 2438 2439 
4691 2408 2439 2409 
4692 2409 2439 2440 
4693 2409 2440 2410 
4694 2410 2440 2441 
4695 2410 2441 2411 
4696 2411 2441 2442 
4697 2411 2442 2412 
4698 2412 2442 2443 
4699 2412 2443 2413 
4700 2413 2443 2444 
4701 2413 2444 2414 
4702 2414 2444 2445 
4703 2414 2445 2415 
4704 2415 2445 2446 
4705 2415 2446 2416 
4706 2416 2446 2447 
4707 2416 2447 2417 
4708 2417 2447 2448 
4709 2417 2448 2418 
4710 2418 2448 2449 
4711 2418 2449 2419 
4712 2419 2449 2450 
4713 2419 2450 2420 
4714 2420 2450 2451 
4715 2420 2451 2421 
4716 2421 2451 2452 
4717 2421 2452 2422 
4718 2422 2452 2453 
4719 2422 2453 2423 
4720 2423 2453 2454 
4721 2423 2454 2424 
4722 2424 2454 2455 
4723 2424 2455 2425 
4724 2425 2455 2456 
4725 2425 2456 2426 
4726 2426 2456 2457 
4727 2426 2457 2427 
4728 2427 2457 2458 
4729 2427 2458 2428 
4730 2428 2458 2459 
4731 2428 2459 2429 
4732 2429 2459 2460 
4733 2429 2460 2430 
4734 2430 2460 2461 
4735 2430 2461 351 
4736 351 2461 350 
4737 200 201 2431 
4738 2431 201 2462 
4739 2431 2462 2432 
4740 2432 2462 2463 
4741 2432 2463 2433 
4742 2433 2463 2464 
4743 2433 2464 2434 
4744 2434 2464 2465 
4745 2434 2465 2435 
4746 2435 2465 2466 
4747 2435 2466 2436 
4748 2436 2466 2467 
4749 2436 2467 2437 
4750 2437 2467 2468 
4751 2437 2468 2438 
4752 2438 2468 2469 
4753 2438 2469 2439 
4754 2439 2469 2470 
4755 2439 2470 2440 
4756 2440 2470 2471 
4757 2440 2471 2441 
4758 2441 2471 2472 
4759 2441 2472 2442 
4760 2442 2472 2473 
4761 2442 2473 2443 
4762 2443 2473 2474 
4763 2443 2474 2444 
4764 2444 2474 2475 
4765 2444 2475 2445 
4766 2445 2475 2476 
4767 2445 2476 2446 
4768 2446 2476 2477 
4769 2446 2477 2447 
4770 2447 2477 2478 
4771 2447 2478 2448 
4772 2448 2478 2479 
4773 2448 2479 2449 
4774 2449 2479 2480 
4775 2449 2480 2450 
4776 2450 2480 2481 
4777 2450 2481 2451 
4778 2451 2481 2482 
4779 2451 2482 2452 
4780 2452 2482 2483 
4781 2452 2483 2453 
4782 2453 2483 2484 
4783 2453 2484 2454 
4784 2454 2484 2485 
4785 2454 2485 2455 
4786 2455 2485 2486 
4787 2455 2486 2456 
4788 2456 2486 2487 
4789 2456 2487 2457 
4790 2457 2487 2488 
4791 2457 2488 2458 
4792 2458 2488 2489 
4793 2458 2489 2459 
4794 2459 2489 2490 
4795 2459 2490 2460 
4796 2460 2490 2491 
4797 2460 2491 2461 
4798 2461 2491 2492 
4799 2461 2492 350 
4800 350 2492 349 
4801 201 202 2462 
4802 2462 202 2493 
4803 2462 2493 2463 
4804 2463 2493 2494 
4805 2463 2494 2464 
4806 2464 2494 2495 
4807 2464 2495 2465 
4808 2465 2495 2496 
4809 2465 2496 2466 
4810 2466 2496 2497 
4811 2466 2497 2467 
4812 2467 2497 2498 
4813 2467 2498 2468 
4814 2468 2498 2499 
4815 2468 2499 2469 
4816 2469 2499 2500 
4817 2469 2500 2470 
4818 2470 2500 2501 
4819 2470 2501 2471 
4820 2471 2501 2502 
4821 2471 2502 2472 
4822 2472 2502 2503 
4823 2472 2503 2473 
4824 2473 2503 2504 
4825 2473 2504 2474 
4826 2474 2504 2505 
4827 2474 2505 2475 
4828 2475 2505 2506 
4829 2475 2506 2476 
4830 2476 2506 2507 
4831 2476 2507 2477 
4832 2477 2507 2508 
4833 2477 2508 2478 
4834 2478 2508 2509 
4835 2478 2509 2479 
4836 2479 2509 2510 
4837 2479 2510 2480 
4838 2480 2510 2511 
4839 2480 2511 2481 
4840 2481 2511 2512 
4841 2481 2512 2482 
4842 2482 2512 2513 
4843 2482 2513 2483 
4844 2483 2513 2514 
4845 2483 2514 2484 
4846 2484 2514 2515 
4847 2484 2515 2485 
4848 2485 2515 2516 
4849 2485 2516 2486 
4850 2486 2516 2517 
4851 2486 2517 2487 
4852 2487 2517 2518 
4853 2487 2518 2488 
4854 2488 2518 2519 
4855 2488 2519 2489 
4856 2489 2519 2520 
4857 2489 2520 2490 
4858 2490 2520 2521 
4859 2490 2521 2491 
4860 2491 2521 2522 
4861 2491 2522 2492 
4862 2492 2522 2523 
4863 2492 2523 349 
4864 349 2523 348 
4865 202 203 2493 
4866 2493 203 2524 
4867 2493 2524 2494 
4868 2494 2524 2525 
4869 2494 2525 2495 
4870 2495 2525 2526 
4871 2495 2526 2496 
4872 2496 2526 2527 
4873 2496 2527 2497 
4874 2497 2527 2528 
4875 2497 2528 2498 
4876 2498 2528 2529 
4877 2498 2529 2499 
4878 2499 2529 2530 
4879 2499 2530 2500 
4880 2500 2530 2531 
4881 2500 2531 2501 
4882 2501 2531 2532 
4883 2501 2532 2502 
4884 2502 2532 2533 
4885 2502 2533 2503 
4886 2503 2533 2534 
4887 2503 2534 2504 
4888 2504 2534 2535 
4889 2504 2535 2505 
4890 2505 2535 2536 
4891 2505 2536 2506 
4892 2506 2536 2537 
4893 2506 2537 2507 
4894 2507 2537 2538 
4895 2507 2538 2508 
4896 2508 2538 2539 
4897 2508 2539 2509 
4898 2509 2539 2540 
4899 2509 2540 2510 
4900 2510 2540 2541 
4901 2510 2541 2511 
4902 2511 2541 2542 
4903 2511 2542 2512 
4904 2512 2542 2543 
4905 2512 2543 2513 
4906 2513 2543 2544 
4907 2513 2544 2514 
4908 2514 2544 2545 
4909 2514 2545 2515 
4910 2515 2545 2546 
4911 2515 2546 2516 
4912 2516 2546 2547 
4913 2516 2547 2517 
4914 2517 2547 2548 
4915 2517 2548 2518 
4916 2518 2548 2549 
4917 2518 2549 2519 
4918 2519 2549 2550 
4919 2519 2550 2520 
4920 2520 2550 2551 
4921 2520 2551 2521 
4922 2521 2551 2552 
4923 2521 2552 2522 
4924 2522 2552 2553 
4925 2522 2553 2523 
4926 2523 2553 2554 
4927 2523 2554 348 
4928 348 2554 347 
4929 203 204 2524 
4930 2524 204 2555 
4931 2524 2555 2525 
4932 2525 2555 2556 
4933 2525 2556 2526 
4934 2526 2556 2557 
4935 2526 2557 2527 
4936 2527 2557 2558 
4937 2527 2558 2528 
4938 2528 2558 2559 
4939 2528 2559 2529 
4940 2529 2559 2560 
4941 2529 2560 2530 
4942 2530 2560 2561 
4943 2530 2561 2531 
4944 2531 2561 2562 
4945 2531 2562 2532 
4946 2532 2562 2563 
4947 2532 2563 2533 
4948 2533 2563 2564 
4949 2533 2564 2534 
4950 2534 2564 2565 
4951 2534 2565 2535 
4952 2535 2565 2566 
4953 2535 2566 2536 
4954 2536 2566 2567 
4955 2536 2567 2537 
4956 2537 2567 2568 
4957 2537 2568 2538 
4958 2538 2568 2569 
4959 2538 2569 2539 
4960 2539 2569 2570 
4961 2539 2570 2540 
4962 2540 2570 2571 
4963 2540 2571 2541 
4964 2541 2571 2572 
4965 2541 2572 2542 
4966 2542 2572 2573 
4967 2542 2573 2543 
4968 2543 2573 2574 
4969 2543 2574 2544 
4970 2544 2574 2575 
4971 2544 2575 2545 
4972 2545 2575 2576 
4973 2545 2576 2546 
4974 2546 2576 2577 
4975 2546 2577 2547 
4976 2547 2577 2578 
4977 2547 2578 2548 
4978 2548 2578 2579 
4979 2548 2579 2549 
4980 2549 2579 2580 
4981 2549 2580 2550 
4982 2550 2580 2581 
4983 2550 2581 2551 
4984 2551 2581 2582 
4985 2551 2582 2552 
4986 2552 2582 2583 
4987 2552 2583 2553 
4988 2553 2583 2584 
4989 2553 2584 2554 
4990 2554 2584 2585 
4991 2554 2585 347 
4992 347 2585 346 
4993 204 205 2555 
4994 2555 205 2586 
4995 2555 2586 2556 
4996 2556 2586 2587 
4997 2556 2587 2557 
4998 2557 2587 2588 
4999 2557 2588 2558 
5000 2558 2588 2589 
5001 2558 2589 2559 
5002 2559 2589 2590 
5003 2559 2590 2560 
5004 2560 2590 2591 
5005 2560 2591 2561 
5006 2561 2591 2592 
5007 2561 2592 2562 
5008 2562 2592 2593 
5009 2562 2593 2563 
5010 2563 2593 2594 
5011 2563 2594 2564 
5012 2564 2594 2595 
5013 2564 2595 2565 
5014 2565 2595 2596 
5015 2565 2596 2566 
5016 2566 2596 2597 
5017 2566 2597 2567 
5018 2567 2597 2598 
5019 2567 2598 2568 
5020 2568 2598 2599 
5021 2568 2599 2569 
5022 2569 2599 2600 
5023 2569 2600 2570 
5024 2570 2600 2601 
5025 2570 2601 2571 
5026 2571 2601 2602 
5027 2571 2602 2572 
5028 2572 2602 2603 
5029 2572 2603 2573 
5030 2573 2603 2604 
5031 2573 2604 2574 
5032 2574 2604 2605 
5033 2574 2605 2575 
5034 2575 2605 2606 
5035 2575 2606 2576 
5036 2576 2606 2607 
5037 2576 2607 2577 
5038 2577 2607 2608 
5039 2577 2608 2578 
5040 2578 2608 2609 
5041 2578 2609 2579 
5042 2579 2609 2610 
5043 2579 2610 2580 
5044 2580 2610 2611 
5045 2580 2611 2581 
5046 2581 2611 2612 
5047 2581 2612 2582 
5048 2582 2612 2613 
5049 2582 2613 2583 
5050 2583 2613 2614 
5051 2583 2614 2584 
5052 2584 2614 2615 
5053 2584 2615 2585 
5054 2585 2615 2616 
5055 2585 2616 346 
5056 346 2616 345 
5057 205 206 2586 
5058 2586 206 2617 
5059 2586 2617 2587 
5060 2587 2617 2618 
5061 2587 2618 2588 
5062 2588 2618 2619 
5063 2588 2619 2589 
5064 2589 2619 2620 
5065 2589 2620 2590 
5066 2590 2620 2621 
5067 2590 2621 2591 
5068 2591 2621 2622 
5069 2591 2622 2592 
5070 2592 2622 2623 
5071 2592 2623 2593 
5072 2593 2623 2624 
5073 2593 2624 2594 
5074 2594 2624 2625 
5075 2594 2625 2595 
5076 2595 2625 2626 
5077 2595 2626 2596 
5078 2596 2626 2627 
5079 2596 2627 2597 
5080 2597 2627 2628 
5081 2597 2628 2598 
5082 2598 2628 2629 
5083 2598 2629 2599 
5084 2599 2629 2630 
5085 2599 2630 2600 
5086 2600 2630 2631 
5087 2600 2631 2601 
5088 2601 2631 2632 
5089 2601 2632 2602 
5090 2602 2632 2633 
5091 2602 2633 2603 
5092 2603 2633 2634 
5093 2603 2634 2604 
5094 2604 2634 2635 
5095 2604 2635 2605 
5096 2605 2635 2636 
5097 2605 2636 2606 
5098 2606 2636 2637 
5099 2606 2637 2607 
5100 2607 2637 2638 
5101 2607 2638 2608 
5102 2608 2638 2639 
5103 2608 2639 2609 
5104 2609 2639 2640 
5105 2609 2640 2610 
5106 2610 2640 2641 
5107 2610 2641 2611 
5108 2611 2641 2642 
5109 2611 2642 2612 
5110 2612 2642 2643 
5111 2612 2643 2613 
5112 2613 2643 2644 
5113 2613 2644 2614 
5114 2614 2644 2645 
5115 2614 2645 2615 
5116 2615 2645 2646 
5117 2615 2646 2616 
5118 2616 2646 2647 
5119 2616 2647 345 
5120 345 2647 344 
5121 206 207 2617 
5122 2617 207 2648 
5123 2617 2648 2618 
5124 2618 2648 2649 
5125 2618 2649 2619 
5126 2619 2649 2650 
5127 2619 2650 2620 
5128 2620 2650 2651 
5129 2620 2651 2621 
5130 2621 2651 2652 
5131 2621 2652 2622 
5132 2622 2652 2653 
5133 2622 2653 2623 
5134 2623 2653 2654 
5135 2623 2654 2624 
5136 2624 2654 2655 
5137 2624 2655 2625 
5138 2625 2655 2656 
5139 2625 2656 2626 
5140 2626 2656 2657 
5141 2626 2657 2627 
5142 2627 2657 2658 
5143 2627 2658 2628 
5144 2628 2658 2659 
5145 2628 2659 2629 
5146 2629 2659 2660 
5147 2629 2660 2630 
5148 2630 2660 2661 
5149 2630 2661 2631 
5150 2631 2661 2662 
5151 2631 2662 2632 
5152 2632 2662 2663 
5153 2632 2663 2633 
5154 2633 2663 2664 
5155 2633 2664 2634 
5156 2634 2664 2665 
5157 2634 2665 2635 
5158 2635 2665 2666 
5159 2635 2666 2636 
5160 2636 2666 2667 
5161 2636 2667 2637 
5162 2637 2667 2668 
5163 2637 2668 2638 
5164 2638 2668 2669 
5165 2638 2669 2639 
5166 2639 2669 2670 
5167 2639 2670 2640 
5168 2640 2670 2671 
5169 2640 2671 2641 
5170 2641 2671 2672 
5171 2641 2672 2642 
5172 2642 2672 2673 
5173 2642 2673 2643 
5174 2643 2673 2674 
5175 2643 2674 2644 
5176 2644 2674 2675 
5177 2644 2675 2645 
5178 2645 2675 2676 
5179 2645 2676 2646 
5180 2646 2676 2677 
5181 2646 2677 2647 
5182 2647 2677 2678 
5183 2647 2678 344 
5184 344 2678 343 
5185 207 208 2648 
5186 2648 208 2679 
5187 2648 2679 2649 
5188 2649 2679 2680 
5189 2649 2680 2650 
5190 2650 2680 2681 
5191 2650 2681 2651 
5192 2651 2681 2682 
5193 2651 2682 2652 
5194 2652 2682 2683 
5195 2652 2683 2653 
5196 2653 2683 2684 
5197 2653 2684 2654 
5198 2654 2684 2685 
5199 2654 2685 2655 
5200 2655 2685 2686 
5201 2655 2686 2656 
5202 2656 2686 2687 
5203 2656 2687 2657 
5204 2657 2687 2688 
5205 2657 2688 2658 
5206 2658 2688 2689 
5207 2658 2689 2659 
5208 2659 2689 2690 
5209 2659 2690 2660 
5210 2660 2690 2691 
5211 2660 2691 2661 
5212 2661 2691 2692 
5213 2661 2692 2662 
5214 2662 2692 2693 
5215 2662 2693 2663 
5216 2663 2693 2694 
5217 2663 2694 2664 
5218 2664 2694 2695 
5219 2664 2695 2665 
5220 2665 2695 2696 
5221 2665 2696 2666 
5222 2666 2696 2697 
5223 2666 2697 2667 
5224 2667 2697 2698 
5225 2667 2698 2668 
5226 2668 2698 2699 
5227 2668 2699 2669 
5228 2669 2699 2700 
5229 2669 2700 2670 
5230 2670 2700 2701 
5231 2670 2701 2671 
5232 2671 2701 2702 
5233 2671 2702 2672 
5234 2672 2702 2703 
5235 2672 2703 2673 
5236 2673 2703 2704 
5237 2673 2704 2674 
5238 2674 2704 2705 
5239 2674 2705 2675 
5240 2675 2705 2706 
5241 2675 2706 2676 
5242 2676 2706 2707 
5243 2676 2707 2677 
5244 2677 2707 2708 
5245 2677 2708 2678 
5246 2678 2708 2709 
5247 2678 2709 343 
5248 343 2709 342 
5249 208 209 2679 
5250 2679 209 2710 
5251 2679 2710 2680 
5252 2680 2710 2711 
5253 2680 2711 2681 
5254 2681 2711 2712 
5255 2681 2712 2682 
5256 2682 2712 2713 
5257 2682 2713 2683 
5258 2683 2713 2714 
5259 2683 2714 2684 
5260 2684 2714 2715 
5261 2684 2715 2685 
5262 2685 2715 2716 
5263 2685 2716 2686 
5264 2686 2716 2717 
5265 2686 2717 2687 
5266 2687 2717 2718 
5267 2687 2718 2688 
5268 2688 2718 2719 
5269 2688 2719 2689 
5270 2689 2719 2720 
5271 2689 2720 2690 
5272 2690 2720 2721 
5273 2690 2721 2691 
5274 2691 2721 2722 
5275 2691 2722 2692 
5276 2692 2722 2723 
5277 2692 2723 2693 
5278 2693 2723 2724 
5279 2693 2724 2694 
5280 2694 2724 2725 
5281 2694 2725 2695 
5282 2695 2725 2726 
5283 2695 2726 2696 
5284 2696 2726 2727 
5285 2696 2727 2697 
5286 2697 2727 2728 
5287 2697 2728 2698 
5288 2698 2728 2729 
5289 2698 2729 2699 
5290 2699 2729 2730 
5291 2699 2730 2700 
5292 2700 2730 2731 
5293 2700 2731 2701 
5294 2701 2731 2732 
5295 2701 2732 2702 
5296 2702 2732 2733 
5297 2702 2733 2703 
5298 2703 2733 2734 
5299 2703 2734 2704 
5300 2704 2734 2735 
5301 2704 2735 2705 
5302 2705 2735 2736 
5303 2705 2736 2706 
5304 2706 2736 2737 
5305 2706 2737 2707 
5306 2707 2737 2738 
5307 2707 2738 2708 
5308 2708 2738 2739 
5309 2708 2739 2709 
5310 2709 2739 2740 
5311 2709 2740 342 
5312 342 2740 341 
5313 209 210 2710 
5314 2710 210 2741 
5315 2710 2741 2711 
5316 2711 2741 2742 
5317 2711 2742 2712 
5318 2712 2742 2743 
5319 2712 2743 2713 
5320 2713 2743 2744 
5321 2713 2744 2714 
5322 2714 2744 2745 
5323 2714 2745 2715 
5324 2715 2745 2746 
5325 2715 2746 2716 
5326 2716 2746 2747 
5327 2716 2747 2717 
5328 2717 2747 2748 
5329 2717 2748 2718 
5330 2718 2748 2749 
5331 2718 2749 2719 
5332 2719 2749 2750 
5333 2719 2750 2720 
5334 2720 2750 2751 
5335 2720 2751 2721 
5336 2721 2751 2752 
5337 2721 2752 2722 
5338 2722 2752 2753 
5339 2722 2753 2723 
5340 2723 2753 2754 
5341 2723 2754 2724 
5342 2724 2754 2755 
5343 2724 2755 2725 
5344 2725 2755 2756 
5345 2725 2756 2726 
5346 2726 2756 2757 
5347 2726 2757 2727 
5348 2727 2757 2758 
5349 2727 2758 2728 
5350 2728 2758 2759 
5351 2728 2759 2729 
5352 2729 2759 2760 
5353 2729 2760 2730 
5354 2730 2760 2761 
5355 2730 2761 2731 
5356 2731 2761 2762 
5357 2731 2762 2732 
5358 2732 2762 2763 
5359 2732 2763 2733 
5360 2733 2763 2764 
5361 2733 2764 2734 
5362 2734 2764 2765 
5363 2734 2765 2735 
5364 2735 2765 2766 
5365 2735 2766 2736 
5366 2736 2766 2767 
5367 2736 2767 2737 
5368 2737 2767 2768 
5369 2737 2768 2738 
5370 2738 2768 2769 
5371 2738 2769 2739 
5372 2739 2769 2770 
5373 2739 2770 2740 
5374 2740 2770 2771 
5375 2740 2771 341 
5376 341 2771 340 
5377 210 211 2741 
5378 2741 211 2772 
5379 2741 2772 2742 
5380 2742 2772 2773 
5381 2742 2773 2743 
5382 2743 2773 2774 
5383 2743 2774 2744 
5384 2744 2774 2775 
5385 2744 2775 2745 
5386 2745 2775 2776 
5387 2745 2776 2746 
5388 2746 2776 2777 
5389 2746 2777 2747 
5390 2747 2777 2778 
5391 2747 2778 2748 
5392 2748 2778 2779 
5393 2748 2779 2749 
5394 2749 2779 2780 
5395 2749 2780 2750 
5396 2750 2780 2781 
5397 2750 2781 2751 
5398 2751 2781 2782 
5399 2751 2782 2752 
5400 2752 2782 2783 
5401 2752 2783 2753 
5402 2753 2783 2784 
5403 2753 2784 2754 
5404 2754 2784 2785 
5405 2754 2785 2755 
5406 2755 2785 2786 
5407 2755 2786 2756 
5408 2756 2786 2787 
5409 2756 2787 2757 
5410 2757 2787 2788 
5411 2757 2788 2758 
5412 2758 2788 2789 
5413 2758 2789 2759 
5414 2759 2789 2790 
5415 2759 2790 2760 
5416 2760 2790 2791 
5417 2760 2791 2761 
5418 2761 2791 2792 
5419 2761 2792 2762 
5420 2762 2792 2793 
5421 2762 2793 2763 
5422 2763 2793 2794 
5423 2763 2794 2764 
5424 2764 2794 2795 
5425 2764 2795 2765 
5426 2765 2795 2796 
5427 2765 2796 2766 
5428 2766 2796 2797 
5429 2766 2797 2767 
5430 2767 2797 2798 
5431 2767 2798 2768 
5432 2768 2798 2799 
5433 2768 2799 2769 
5434 2769 2799 2800 
5435 2769 2800 2770 
5436 2770 2800 2801 
5437 2770 2801 2771 
5438 2771 2801 2802 
5439 2771 2802 340 
5440 340 2802 339 
5441 211 212 2772 
5442 2772 212 2803 
5443 2772 2803 2773 
5444 2773 2803 2804 
5445 2773 2804 2774 
5446 2774 2804 2805 
5447 2774 2805 2775 
5448 2775 2805 2806 
5449 2775 2806 2776 
5450 2776 2806 2807 
5451 2776 2807 2777 
5452 2777 2807 2808 
5453 2777 2808 2778 
5454 2778 2808 2809 
5455 2778 2809 2779 
5456 2779 2809 2810 
5457 2779 2810 2780 
5458 2780 2810 2811 
5459 2780 2811 2781 
5460 2781 2811 2812 
5461 2781 2812 2782 
5462 2782 2812 2813 
5463 2782 2813 2783 
5464 2783 2813 2814 
5465 2783 2814 2784 
5466 2784 2814 2815 
5467 2784 2815 2785 
5468 2785 2815 2816 
5469 2785 2816 2786 
5470 2786 2816 2817 
5471 2786 2817 2787 
5472 2787 2817 2818 
5473 2787 2818 2788 
5474 2788 2818 2819 
5475 2788 2819 2789 
5476 2789 2819 2820 
5477 2789 2820 2790 
5478 2790 2820 2821 
5479 2790 2821 2791 
5480 2791 2821 2822 
5481 2791 2822 2792 
5482 2792 2822 2823 
5483 2792 2823 2793 
5484 2793 2823 2824 
5485 2793 2824 2794 
5486 2794 2824 2825 
5487 2794 2825 2795 
5488 2795 2825 2826 
5489 2795 2826 2796 
5490 2796 2826 2827 
5491 2796 2827 2797 
5492 2797 2827 2828 
5493 2797 2828 2798 
5494 2798 2828 2829 
5495 2798 2829 2799 
5496 2799 2829 2830 
5497 2799 2830 2800 
5498 2800 2830 2831 
5499 2800 2831 2801 
5500 2801 2831 2832 
5501 2801 2832 2802 
5502 2802 2832 2833 
5503 2802 2833 339 
5504 339 2833 338 
5505 212 213 2803 
5506 2803 213 2834 
5507 2803 2834 2804 
5508 2804 2834 2835 
5509 2804 2835 2805 
5510 2805 2835 2836 
5511 2805 2836 2806 
5512 2806 2836 2837 
5513 2806 2837 2807 
5514 2807 2837 2838 
5515 2807 2838 2808 
5516 2808 2838 2839 
5517 2808 2839 2809 
5518 2809 2839 2840 
5519 2809 2840 2810 
5520 2810 2840 2841 
5521 2810 2841 2811 
5522 2811 2841 2842 
5523 2811 2842 2812 
5524 2812 2842 2843 
5525 2812 2843 2813 
5526 2813 2843 2844 
5527 2813 2844 2814 
5528 2814 2844 2845 
5529 2814 2845 2815 
5530 2815 2845 2846 
5531 2815 2846 2816 
5532 2816 2846 2847 
5533 2816 2847 2817 
5534 2817 2847 2848 
5535 2817 2848 2818 
5536 2818 2848 2849 
5537 2818 2849 2819 
5538 2819 2849 2850 
5539 2819 2850 2820 
5540 2820 2850 2851 
5541 2820 2851 2821 
5542 2821 2851 2852 
5543 2821 2852 2822 
5544 2822 2852 2853 
5545 2822 2853 2823 
5546 2823 2853 2854 
5547 2823 2854 2824 
5548 2824 2854 2855 
5549 2824 2855 2825 
5550 2825 2855 2856 
5551 2825 2856 2826 
5552 2826 2856 2857 
5553 2826 2857 2827 
5554 2827 2857 2858 
5555 2827 2858 2828 
5556 2828 2858 2859 
5557 2828 2859 2829 
5558 2829 2859 2860 
5559 2829 2860 2830 
5560 2830 2860 2861 
5561 2830 2861 2831 
5562 2831 2861 2862 
5563 2831 2862 2832 
5564 2832 2862 2863 
5565 2832 2863 2833 
5566 2833 2863 2864 
5567 2833 2864 338 
5568 338 2864 337 
5569 213 214 2834 
5570 2834 214 2865 
5571 2834 2865 2835 
5572 2835 2865 2866 
5573 2835 2866 2836 
5574 2836 2866 2867 
5575 2836 2867 2837 
5576 2837 2867 2868 
5577 2837 2868 2838 
5578 2838 2868 2869 
5579 2838 2869 2839 
5580 2839 2869 2870 
5581 2839 2870 2840 
5582 2840 2870 2871 
5583 2840 2871 2841 
5584 2841 2871 2872 
5585 2841 2872 2842 
5586 2842 2872 2873 
5587 2842 2873 2843 
5588 2843 2873 2874 
5589 2843 2874 2844 
5590 2844 2874 2875 
5591 2844 2875 2845 
5592 2845 2875 2876 
5593 2845 2876 2846 
5594 2846 2876 2877 
5595 2846 2877 2847 
5596 2847 2877 2878 
5597 2847 2878 2848 
5598 2848 2878 2879 
5599 2848 2879 2849 
5600 2849 2879 2880 
5601 2849 2880 2850 
5602 2850 2880 2881 
5603 2850 2881 2851 
5604 2851 2881 2882 
5605 2851 2882 2852 
5606 2852 2882 2883 
5607 2852 2883 2853 
5608 2853 2883 2884 
5609 2853 2884 2854 
5610 2854 2884 2885 
5611 2854 2885 2855 
5612 2855 2885 2886 
5613 2855 2886 2856 
5614 2856 2886 2887 
5615 2856 2887 2857 
5616 2857 2887 2888 
5617 2857 2888 2858 
5618 2858 2888 2889 
5619 2858 2889 2859 
5620 2859 2889 2890 
5621 2859 2890 2860 
5622 2860 2890 2891 
5623 2860 2891 2861 
5624 2861 2891 2892 
5625 2861 2892 2862 
5626 2862 2892 2893 
5627 2862 2893 2863 
5628 2863 2893 2894 
5629 2863 2894 2864 
5630 2864 2894 2895 
5631 2864 2895 337 
5632 337 2895 336 
5633 214 215 2865 
5634 2865 215 2896 
5635 2865 2896 2866 
5636 2866 2896 2897 
5637 2866 2897 2867 
5638 2867 2897 2898 
5639 2867 2898 2868 
5640 2868 2898 2899 
5641 2868 2899 2869 
5642 2869 2899 2900 
5643 2869 2900 2870 
5644 2870 2900 2901 
5645 2870 2901 2871 
5646 2871 2901 2902 
5647 2871 2902 2872 
5648 2872 2902 2903 
5649 2872 2903 2873 
5650 2873 2903 2904 
5651 2873 2904 2874 
5652 2874 2904 2905 
5653 2874 2905 2875 
5654 2875 2905 2906 
5655 2875 2906 2876 
5656 2876 2906 2907 
5657 2876 2907 2877 
5658 2877 2907 2908 
5659 2877 2908 2878 
5660 2878 2908 2909 
5661 2878 2909 2879 
5662 2879 2909 2910 
5663 2879 2910 2880 
5664 2880 2910 2911 
5665 2880 2911 2881 
5666 2881 2911 2912 
5667 2881 2912 2882 
5668 2882 2912 2913 
5669 2882 2913 2883 
5670 2883 2913 2914 
5671 2883 2914 2884 
5672 2884 2914 2915 
5673 2884 2915 2885 
5674 2885 2915 2916 
5675 2885 2916 2886 
5676 2886 2916 2917 
5677 2886 2917 2887 
5678 2887 2917 2918 
5679 2887 2918 2888 
5680 2888 2918 2919 
5681 2888 2919 2889 
5682 2889 2919 2920 
5683 2889 2920 2890 
5684 2890 2920 2921 
5685 2890 2921 2891 
5686 2891 2921 2922 
5687 2891 2922 2892 
5688 2892 2922 2923 
5689 2892 2923 2893 
5690 2893 2923 2924 
5691 2893 2924 2894 
5692 2894 2924 2925 
5693 2894 2925 2895 
5694 2895 2925 2926 
5695 2895 2926 336 
5696 336 2926 335 
5697 215 216 2896 
5698 2896 216 2927 
5699 2896 2927 2897 
5700 2897 2927 2928 
5701 2897 2928 2898 
5702 2898 2928 2929 
5703 2898 2929 2899 
5704 2899 2929 2930 
5705 2899 2930 2900 
5706 2900 2930 2931 
5707 2900 2931 2901 
5708 2901 2931 2932 
5709 2901 2932 2902 
5710 2902 2932 2933 
5711 2902 2933 2903 
5712 2903 2933 2934 
5713 2903 2934 2904 
5714 2904 2934 2935 
5715 2904 2935 2905 
5716 2905 2935 2936 
5717 2905 2936 2906 
5718 2906 2936 2937 
5719 2906 2937 2907 
5720 2907 2937 2938 
5721 2907 2938 2908 
5722 2908 2938 2939 
5723 2908 2939 2909 
5724 2909 2939 2940 
5725 2909 2940 2910 
5726 2910 2940 2941 
5727 2910 2941 2911 
5728 2911 2941 2942 
5729 2911 2942 2912 
5730 2912 2942 2943 
5731 2912 2943 2913 
5732 2913 2943 2944 
5733 2913 2944 2914 
5734 2914 2944 2945 
5735 2914 2945 2915 
5736 2915 2945 2946 
5737 2915 2946 2916 
5738 2916 2946 2947 
5739 2916 2947 2917 
5740 2917 2947 2948 
5741 2917 2948 2918 
5742 2918 2948 2949 
5743 2918 2949 2919 
5744 2919 2949 2950 
5745 2919 2950 2920 
5746 2920 2950 2951 
5747 2920 2951 2921 
5748 2921 2951 2952 
5749 2921 2952 2922 
5750 2922 2952 2953 
5751 2922 2953 2923 
5752 2923 2953 2954 
5753 2923 2954 2924 
5754 2924 2954 2955 
5755 2924 2955 2925 
5756 2925 2955 2956 
5757 2925 2956 2926 
5758 2926 2956 2957 
5759 2926 2957 335 
5760 335 2957 334 
5761 216 217 2927 
5762 2927 217 2958 
5763 2927 2958 2928 
5764 2928 2958 2959 
5765 2928 2959 2929 
5766 2929 2959 2960 
5767 2929 2960 2930 
5768 2930 2960 2961 
5769 2930 2961 2931 
5770 2931 2961 2962 
5771 2931 2962 2932 
5772 2932 2962 2963 
5773 2932 2963 2933 
5774 2933 2963 2964 
5775 2933 2964 2934 
5776 2934 2964 2965 
5777 2934 2965 2935 
5778 2935 2965 2966 
5779 2935 2966 2936 
5780 2936 2966 2967 
5781 2936 2967 2937 
5782 2937 2967 2968 
5783 2937 2968 2938 
5784 2938 2968 2969 
5785 2938 2969 2939 
5786 2939 2969 2970 
5787 2939 2970 2940 
5788 2940 2970 2971 
5789 2940 2971 2941 
5790 2941 2971 2972 
5791 2941 2972 2942 
5792 2942 2972 2973 
5793 2942 2973 2943 
5794 2943 2973 2974 
5795 2943 2974 2944 
5796 2944 2974 2975 
5797 2944 2975 2945 
5798 2945 2975 2976 
5799 2945 2976 2946 
5800 2946 2976 2977 
5801 2946 2977 2947 
5802 2947 2977 2978 
5803 2947 2978 2948 
5804 2948 2978 2979 
5805 2948 2979 2949 
5806 2949 2979 2980 
5807 2949 2980 2950 
5808 2950 2980 2981 
5809 2950 2981 2951 
5810 2951 2981 2982 
5811 2951 2982 2952 
5812 2952 2982 2983 
5813 2952 2983 2953 
5814 2953 2983 2984 
5815 2953 2984 2954 
5816 2954 2984 2985 
5817 2954 2985 2955 
5818 2955 2985 2986 
5819 2955 2986 2956 
5820 2956 2986 2987 
5821 2956 2987 2957 
5822 2957 2987 2988 
5823 2957 2988 334 
5824 334 2988 333 
5825 217 218 2958 
5826 2958 218 2989 
5827 2958 2989 2959 
5828 2959 2989 2990 
5829 2959 2990 2960 
5830 2960 2990 2991 
5831 2960 2991 2961 
5832 2961 2991 2992 
5833 2961 2992 2962 
5834 2962 2992 2993 
5835 2962 2993 2963 
5836 2963 2993 2994 
5837 2963 2994 2964 
5838 2964 2994 2995 
5839 2964 2995 2965 
5840 2965 2995 2996 
5841 2965 2996 2966 
5842 2966 2996 2997 
5843 2966 2997 2967 
5844 2967 2997 2998 
5845 2967 2998 2968 
5846 2968 2998 2999 
5847 2968 2999 2969 
5848 2969 2999 3000 
5849 2969 3000 2970 
5850 2970 3000 3001 
5851 2970 3001 2971 
5852 2971 3001 3002 
5853 2971 3002 2972 
5854 2972 3002 3003 
5855 2972 3003 2973 
5856 2973 3003 3004 
5857 2973 3004 2974 
5858 2974 3004 3005 
5859 2974 3005 2975 
5860 2975 3005 3006 
5861 2975 3006 2976 
5862 2976 3006 3007 
5863 2976 3007 2977 
5864 2977 3007 3008 
5865 2977 3008 2978 
5866 2978 3008 3009 
5867 2978 3009 2979 
5868 2979 3009 3010 
5869 2979 3010 2980 
5870 2980 3010 3011 
5871 2980 3011 2981 
5872 2981 3011 3012 
5873 2981 3012 2982 
5874 2982 3012 3013 
5875 2982 3013 2983 
5876 2983 3013 3014 
5877 2983 3014 2984 
5878 2984 3014 3015 
5879 2984 3015 2985 
5880 2985 3015 3016 
5881 2985 3016 2986 
5882 2986 3016 3017 
5883 2986 3017 2987 
5884 2987 3017 3018 
5885 2987 3018 2988 
5886 2988 3018 3019 
5887 2988 3019 333 
5888 333 3019 332 
5889 218 219 2989 
5890 2989 219 3020 
5891 2989 3020 2990 
5892 2990 3020 3021 
5893 2990 3021 2991 
5894 2991 3021 3022 
5895 2991 3022 2992 
5896 2992 3022 3023 
5897 2992 3023 2993 
5898 2993 3023 3024 
5899 2993 3024 2994 
5900 2994 3024 3025 
5901 2994 3025 2995 
5902 2995 3025 3026 
5903 2995 3026 2996 
5904 2996 3026 3027 
5905 2996 3027 2997 
5906 2997 3027 3028 
5907 2997 3028 2998 
5908 2998 3028 3029 
5909 2998 3029 2999 
5910 2999 3029 3030 
5911 2999 3030 3000 
5912 3000 3030 3031 
5913 3000 3031 3001 
5914 3001 3031 3032 
5915 3001 3032 3002 
5916 3002 3032 3033 
5917 3002 3033 3003 
5918 3003 3033 3034 
5919 3003 3034 3004 
5920 3004 3034 3035 
5921 3004 3035 3005 
5922 3005 3035 3036 
5923 3005 3036 3006 
5924 3006 3036 3037 
5925 3006 3037 3007 
5926 3007 3037 3038 
5927 3007 3038 3008 
5928 3008 3038 3039 
5929 3008 3039 3009 
5930 3009 3039 3040 
5931 3009 3040 3010 
5932 3010 3040 3041 
5933 3010 3041 3011 
5934 3011 3041 3042 
5935 3011 3042 3012 
5936 3012 3042 3043 
5937 3012 3043 3013 
5938 3013 3043 3044 
5939 3013 3044 3014 
5940 3014 3044 3045 
5941 3014 3045 3015 
5942 3015 3045 3046 
5943 3015 3046 3016 
5944 3016 3046 3047 
5945 3016 3047 3017 
5946 3017 3047 3048 
5947 3017 3048 3018 
5948 3018 3048 3049 
5949 3018 3049 3019 
5950 3019 3049 3050 
5951 3019 3050 332 
5952 332 3050 331 
5953 219 220 3020 
5954 3020 220 3051 
5955 3020 3051 3021 
5956 3021 3051 3052 
5957 3021 3052 3022 
5958 3022 3052 3053 
5959 3022 3053 3023 
5960 3023 3053 3054 
5961 3023 3054 3024 
5962 3024 3054 3055 
5963 3024 3055 3025 
5964 3025 3055 3056 
5965 3025 3056 3026 
5966 3026 3056 3057 
5967 3026 3057 3027 
5968 3027 3057 3058 
5969 3027 3058 3028 
5970 3028 3058 3059 
5971 3028 3059 3029 
5972 3029 3059 3060 
5973 3029 3060 3030 
5974 3030 3060 3061 
5975 3030 3061 3031 
5976 3031 3061 3062 
5977 3031 3062 3032 
5978 3032 3062 3063 
5979 3032 3063 3033 
5980 3033 3063 3064 
5981 3033 3064 3034 
5982 3034 3064 3065 
5983 3034 3065 3035 
5984 3035 3065 3066 
5985 3035 3066 3036 
5986 3036 3066 3067 
5987 3036 3067 3037 
5988 3037 3067 3068 
5989 3037 3068 3038 
5990 3038 3068 3069 
5991 3038 3069 3039 
5992 3039 3069 3070 
5993 3039 3070 3040 
5994 3040 3070 3071 
5995 3040 3071 3041 
5996 3041 3071 3072 
5997 3041 3072 3042 
5998 3042 3072 3073 
5999 3042 3073 3043 
6000 3043 3073 3074 
6001 3043 3074 3044 
6002 3044 3074 3075 
6003 3044 3075 3045 
6004 3045 3075 3076 
6005 3045 3076 3046 
6006 3046 3076 3077 
6007 3046 3077 3047 
6008 3047 3077 3078 
6009 3047 3078 3048 
6010 3048 3078 3079 
6011 3048 3079 3049 
6012 3049 3079 3080 
6013 3049 3080 3050 
6014 3050 3080 3081 
6015 3050 3081 331 
6016 331 3081 330 
6017 220 221 3051 
6018 3051 221 3082 
6019 3051 3082 3052 
6020 3052 3082 3083 
6021 3052 3083 3053 
6022 3053 3083 3084 
6023 3053 3084 3054 
6024 3054 3084 3085 
6025 3054 3085 3055 
6026 3055 3085 3086 
6027 3055 3086 3056 
6028 3056 3086 3087 
6029 3056 3087 3057 
6030 3057 3087 3088 
6031 3057 3088 3058 
6032 3058 3088 3089 
6033 3058 3089 3059 
6034 3059 3089 3090 
6035 3059 3090 3060 
6036 3060 3090 3091 
6037 3060 3091 3061 
6038 3061 3091 3092 
6039 3061 3092 3062 
6040 3062 3092 3093 
6041 3062 3093 3063 
6042 3063 3093 3094 
6043 3063 3094 3064 
6044 3064 3094 3095 
6045 3064 3095 3065 
6046 3065 3095 3096 
6047 3065 3096 3066 
6048 3066 3096 3097 
6049 3066 3097 3067 
6050 3067 3097 3098 
6051 3067 3098 3068 
6052 3068 3098 3099 
6053 3068 3099 3069 
6054 3069 3099 3100 
6055 3069 3100 3070 
6056 3070 3100 3101 
6057 3070 3101 3071 
6058 3071 3101 3102 
6059 3071 3102 3072 
6060 3072 3102 3103 
6061 3072 3103 3073 
6062 3073 3103 3104 
6063 3073 3104 3074 
6064 3074 3104 3105 
6065 3074 3105 3075 
6066 3075 3105 3106 
6067 3075 3106 3076 
6068 3076 3106 3107 
6069 3076 3107 3077 
6070 3077 3107 3108 
6071 3077 3108 3078 
6072 3078 3108 3109 
6073 3078 3109 3079 
6074 3079 3109 3110 
6075 3079 3110 3080 
6076 3080 3110 3111 
6077 3080 3111 3081 
6078 3081 3111 3112 
6079 3081 3112 330 
6080 330 3112 329 
6081 221 222 3082 
6082 3082 222 3113 
6083 3082 3113 3083 
6084 3083 3113 3114 
6085 3083 3114 3084 
6086 3084 3114 3115 
6087 3084 3115 3085 
6088 3085 3115 3116 
6089 3085 3116 3086 
6090 3086 3116 3117 
6091 3086 3117 3087 
6092 3087 3117 3118 
6093 3087 3118 3088 
6094 3088 3118 3119 
6095 3088 3119 3089 
6096 3089 3119 3120 
6097 3089 3120 3090 
6098 3090 3120 3121 
6099 3090 3121 3091 
6100 3091 3121 3122 
6101 3091 3122 3092 
6102 3092 3122 3123 
6103 3092 3123 3093 
6104 3093 3123 3124 
6105 3093 3124 3094 
6106 3094 3124 3125 
6107 3094 3125 3095 
6108 3095 3125 3126 
6109 3095 3126 3096 
6110 3096 3126 3127 
6111 3096 3127 3097 
6112 3097 3127 3128 
6113 3097 3128 3098 
6114 3098 3128 3129 
6115 3098 3129 3099 
6116 3099 3129 3130 
6117 3099 3130 3100 
6118 3100 3130 3131 
6119 3100 3131 3101 
6120 3101 3131 3132 
6121 3101 3132 3102 
6122 3102 3132 3133 
6123 3102 3133 3103 
6124 3103 3133 3134 
6125 3103 3134 3104 
6126 3104 3134 3135 
6127 3104 3135 3105 
6128 3105 3135 3136 
6129 3105 3136 3106 
6130 3106 3136 3137 
6131 3106 3137 3107 
6132 3107 3137 3138 
6133 3107 3138 3108 
6134 3108 3138 3139 
6135 3108 3139 3109 
6136 3109 3139 3140 
6137 3109 3140 3110 
6138 3110 3140 3141 
6139 3110 3141 3111 
6140 3111 3141 3142 
6141 3111 3142 3112 
6142 3112 3142 3143 
6143 3112 3143 329 
6144 329 3143 328 
6145 222 223 3113 
6146 3113 223 3144 
6147 3113 3144 3114 
6148 3114 3144 3145 
6149 3114 3145 3115 
6150 3115 3145 3146 
6151 3115 3146 3116 
6152 3116 3146 3147 
6153 3116 3147 3117 
6154 3117 3147 3148 
6155 3117 3148 3118 
6156 3118 3148 3149 
6157 3118 3149 3119 
6158 3119 3149 3150 
6159 3119 3150 3120 
6160 3120 3150 3151 
6161 3120 3151 3121 
6162 3121 3151 3152 
6163 3121 3152 3122 
6164 3122 3152 3153 
6165 3122 3153 3123 
6166 3123 3153 3154 
6167 3123 3154 3124 
6168 3124 3154 3155 
6169 3124 3155 3125 
6170 3125 3155 3156 
6171 3125 3156 3126 
6172 3126 3156 3157 
6173 3126 3157 3127 
6174 3127 3157 3158 
6175 3127 3158 3128 
6176 3128 3158 3159 
6177 3128 3159 3129 
6178 3129 3159 3160 
6179 3129 3160 3130 
6180 3130 3160 3161 
6181 3130 3161 3131 
6182 3131 3161 3162 
6183 3131 3162 3132 
6184 3132 3162 3163 
6185 3132 3163 3133 
6186 3133 3163 3164 
6187 3133 3164 3134 
6188 3134 3164 3165 
6189 3134 3165 3135 
6190 3135 3165 3166 
6191 3135 3166 3136 
6192 3136 3166 3167 
6193 3136 3167 3137 
6194 3137 3167 3168 
6195 3137 3168 3138 
6196 3138 3168 3169 
6197 3138 3169 3139 
6198 3139 3169 3170 
6199 3139 3170 3140 
6200 3140 3170 3171 
6201 3140 3171 3141 
6202 3141 3171 3172 
6203 3141 3172 3142 
6204 3142 3172 3173 
6205 3142 3173 3143 
6206 3143 3173 3174 
6207 3143 3174 328 
6208 328 3174 327 
6209 223 224 3144 
6210 3144 224 3175 
6211 3144 3175 3145 
6212 3145 3175 3176 
6213 3145 3176 3146 
6214 3146 3176 3177 
6215 3146 3177 3147 
6216 3147 3177 3178 
6217 3147 3178 3148 
6218 3148 3178 3179 
6219 3148 3179 3149 
6220 3149 3179 3180 
6221 3149 3180 3150 
6222 3150 3180 3181 
6223 3150 3181 3151 
6224 3151 3181 3182 
6225 3151 3182 3152 
6226 3152 3182 3183 
6227 3152 3183 3153 
6228 3153 3183 3184 
6229 3153 3184 3154 
6230 3154 3184 3185 
6231 3154 3185 3155 
6232 3155 3185 3186 
6233 3155 3186 3156 
6234 3156 3186 3187 
6235 3156 3187 3157 
6236 3157 3187 3188 
6237 3157 3188 3158 
6238 3158 3188 3189 
6239 3158 3189 3159 
6240 3159 3189 3190 
6241 3159 3190 3160 
6242 3160 3190 3191 
6243 3160 3191 3161 
6244 3161 3191 3192 
6245 3161 3192 3162 
6246 3162 3192 3193 
6247 3162 3193 3163 
6248 3163 3193 3194 
6249 3163 3194 3164 
6250 3164 3194 3195 
6251 3164 3195 3165 
6252 3165 3195 3196 
6253 3165 3196 3166 
6254 3166 3196 3197 
6255 3166 3197 3167 
6256 3167 3197 3198 
6257 3167 3198 3168 
6258 3168 3198 3199 
6259 3168 3199 3169 
6260 3169 3199 3200 
6261 3169 3200 3170 
6262 3170 3200 3201 
6263 3170 3201 3171 
6264 3171 3201 3202 
6265 3171 3202 3172 
6266 3172 3202 3203 
6267 3172 3203 3173 
6268 3173 3203 3204 
6269 3173 3204 3174 
6270 3174 3204 3205 
6271 3174 3205 327 
6272 327 3205 326 
6273 224 225 3175 
6274 3175 225 3206 
6275 3175 3206 3176 
6276 3176 3206 3207 
6277 3176 3207 3177 
6278 3177 3207 3208 
6279 3177 3208 3178 
6280 3178 3208 3209 
6281 3178 3209 3179 
6282 3179 3209 3210 
6283 3179 3210 3180 
6284 3180 3210 3211 
6285 3180 3211 3181 
6286 3181 3211 3212 
6287 3181 3212 3182 
6288 3182 3212 3213 
6289 3182 3213 3183 
6290 3183 3213 3214 
6291 3183 3214 3184 
6292 3184 3214 3215 
6293 3184 3215 3185 
6294 3185 3215 3216 
6295 3185 3216 3186 
6296 3186 3216 3217 
6297 3186 3217 3187 
6298 3187 3217 3218 
6299 3187 3218 3188 
6300 3188 3218 3219 
6301 3188 3219 3189 
6302 3189 3219 3220 
6303 3189 3220 3190 
6304 3190 3220 3221 
6305 3190 3221 3191 
6306 3191 3221 3222 
6307 3191 3222 3192 
6308 3192 3222 3223 
6309 3192 3223 3193 
6310 3193 3223 3224 
6311 3193 3224 3194 
6312 3194 3224 3225 
6313 3194 3225 3195 
6314 3195 3225 3226 
6315 3195 3226 3196 
6316 3196 3226 3227 
6317 3196 3227 3197 
6318 3197 3227 3228 
6319 3197 3228 3198 
6320 3198 3228 3229 
6321 3198 3229 3199 
6322 3199 3229 3230 
6323 3199 3230 3200 
6324 3200 3230 3231 
6325 3200 3231 3201 
6326 3201 3231 3232 
6327 3201 3232 3202 
6328 3202 3232 3233 
6329 3202 3233 3203 
6330 3203 3233 3234 
6331 3203 3234 3204 
6332 3204 3234 3235 
6333 3204 3235 3205 
6334 3205 3235 3236 
6335 3205 3236 326 
6336 326 3236 325 
6337 225 226 3206 
6338 3206 226 3237 
6339 3206 3237 3207 
6340 3207 3237 3238 
6341 3207 3238 3208 
6342 3208 3238 3239 
6343 3208 3239 3209 
6344 3209 3239 3240 
6345 3209 3240 3210 
6346 3210 3240 3241 
6347 3210 3241 3211 
6348 3211 3241 3242 
6349 3211 3242 3212 
6350 3212 3242 3243 
6351 3212 3243 3213 
6352 3213 3243 3244 
6353 3213 3244 3214 
6354 3214 3244 3245 
6355 3214 3245 3215 
6356 3215 3245 3246 
6357 3215 3246 3216 
6358 3216 3246 3247 
6359 3216 3247 3217 
6360 3217 3247 3248 
6361 3217 3248 3218 
6362 3218 3248 3249 
6363 3218 3249 3219 
6364 3219 3249 3250 
6365 3219 3250 3220 
6366 3220 3250 3251 
6367 3220 3251 3221 
6368 3221 3251 3252 
6369 3221 3252 3222 
6370 3222 3252 3253 
6371 3222 3253 3223 
6372 3223 3253 3254 
6373 3223 3254 3224 
6374 3224 3254 3255 
6375 3224 3255 3225 
6376 3225 3255 3256 
6377 3225 3256 3226 
6378 3226 3256 3257 
6379 3226 3257 3227 
6380 3227 3257 3258 
6381 3227 3258 3228 
6382 3228 3258 3259 
6383 3228 3259 3229 
6384 3229 3259 3260 
6385 3229 3260 3230 
6386 3230 3260 3261 
6387 3230 3261 3231 
6388 3231 3261 3262 
6389 3231 3262 3232 
6390 3232 3262 3263 
6391 3232 3263 3233 
6392 3233 3263 3264 
6393 3233 3264 3234 
6394 3234 3264 3265 
6395 3234 3265 3235 
6396 3235 3265 3266 
6397 3235 3266 3236 
6398 3236 3266 3267 
6399 3236 3267 325 
6400 325 3267 324 
6401 226 227 3237 
6402 3237 227 3268 
6403 3237 3268 3238 
6404 3238 3268 3269 
6405 3238 3269 3239 
6406 3239 3269 3270 
6407 3239 3270 3240 
6408 3240 3270 3271 
6409 3240 3271 3241 
6410 3241 3271 3272 
6411 3241 3272 3242 
6412 3242 3272 3273 
6413 3242 3273 3243 
6414 3243 3273 3274 
6415 3243 3274 3244 
6416 3244 3274 3275 
6417 3244 3275 3245 
6418 3245 3275 3276 
6419 3245 3276 3246 
6420 3246 3276 3277 
6421 3246 3277 3247 
6422 3247 3277 3278 
6423 3247 3278 3248 
6424 3248 3278 3279 
6425 3248 3279 3249 
6426 3249 3279 3280 
6427 3249 3280 3250 
6428 3250 3280 3281 
6429 3250 3281 3251 
6430 3251 3281 3282 
6431 3251 3282 3252 
6432 3252 3282 3283 
6433 3252 3283 3253 
6434 3253 3283 3284 
6435 3253 3284 3254 
6436 3254 3284 3285 
6437 3254 3285 3255 
6438 3255 3285 3286 
6439 3255 3286 3256 
6440 3256 3286 3287 
6441 3256 3287 3257 
6442 3257 3287 3288 
6443 3257 3288 3258 
6444 3258 3288 3289 
6445 3258 3289 3259 
6446 3259 3289 3290 
6447 3259 3290 3260 
6448 3260 3290 3291 
6449 3260 3291 3261 
6450 3261 3291 3292 
6451 3261 3292 3262 
6452 3262 3292 3293 
6453 3262 3293 3263 
6454 3263 3293 3294 
6455 3263 3294 3264 
6456 3264 3294 3295 
6457 3264 3295 3265 
6458 3265 3295 3296 
6459 3265 3296 3266 
6460 3266 3296 3297 
6461 3266 3297 3267 
6462 3267 3297 3298 
6463 3267 3298 324 
6464 324 3298 323 
6465 227 228 3268 
6466 3268 228 3299 
6467 3268 3299 3269 
6468 3269 3299 3300 
6469 3269 3300 3270 
6470 3270 3300 3301 
6471 3270 3301 3271 
6472 3271 3301 3302 
6473 3271 3302 3272 
6474 3272 3302 3303 
6475 3272 3303 3273 
6476 3273 3303 3304 
6477 3273 3304 3274 
6478 3274 3304 3305 
6479 3274 3305 3275 
6480 3275 3305 3306 
6481 3275 3306 3276 
6482 3276 3306 3307 
6483 3276 3307 3277 
6484 3277 3307 3308 
6485 3277 3308 3278 
6486 3278 3308 3309 
6487 3278 3309 3279 
6488 3279 3309 3310 
6489 3279 3310 3280 
6490 3280 3310 3311 
6491 3280 3311 3281 
6492 3281 3311 3312 
6493 3281 3312 3282 
6494 3282 3312 3313 
6495 3282 3313 3283 
6496 3283 3313 3314 
6497 3283 3314 3284 
6498 3284 3314 3315 
6499 3284 3315 3285 
6500 3285 3315 3316 
6501 3285 3316 3286 
6502 3286 3316 3317 
6503 3286 3317 3287 
6504 3287 3317 3318 
6505 3287 3318 3288 
6506 3288 3318 3319 
6507 3288 3319 3289 
6508 3289 3319 3320 
6509 3289 3320 3290 
6510 3290 3320 3321 
6511 3290 3321 3291 
6512 3291 3321 3322 
6513 3291 3322 3292 
6514 3292 3322 3323 
6515 3292 3323 3293 
6516 3293 3323 3324 
6517 3293 3324 3294 
6518 3294 3324 3325 
6519 3294 3325 3295 
6520 3295 3325 3326 
6521 3295 3326 3296 
6522 3296 3326 3327 
6523 3296 3327 3297 
6524 3297 3327 3328 
6525 3297 3328 3298 
6526 3298 3328 3329 
6527 3298 3329 323 
6528 323 3329 322 
6529 228 229 3299 
6530 3299 229 3330 
6531 3299 3330 3300 
6532 3300 3330 3331 
6533 3300 3331 3301 
6534 3301 3331 3332 
6535 3301 3332 3302 
6536 3302 3332 3333 
6537 3302 3333 3303 
6538 3303 3333 3334 
6539 3303 3334 3304 
6540 3304 3334 3335 
6541 3304 3335 3305 
6542 3305 3335 3336 
6543 3305 3336 3306 
6544 3306 3336 3337 
6545 3306 3337 3307 
6546 3307 3337 3338 
6547 3307 3338 3308 
6548 3308 3338 3339 
6549 3308 3339 3309 
6550 3309 3339 3340 
6551 3309 3340 3310 
6552 3310 3340 3341 
6553 3310 3341 3311 
6554 3311 3341 3342 
6555 3311 3342 3312 
6556 3312 3342 3343 
6557 3312 3343 3313 
6558 3313 3343 3344 
6559 3313 3344 3314 
6560 3314 3344 3345 
6561 3314 3345 3315 
6562 3315 3345 3346 
6563 3315 3346 3316 
6564 3316 3346 3347 
6565 3316 3347 3317 
6566 3317 3347 3348 
6567 3317 3348 3318 
6568 3318 3348 3349 
6569 3318 3349 3319 
6570 3319 3349 3350 
6571 3319 3350 3320 
6572 3320 3350 3351 
6573 3320 3351 3321 
6574 3321 3351 3352 
6575 3321 3352 3322 
6576 3322 3352 3353 
6577 3322 3353 3323 
6578 3323 3353 3354 
6579 3323 3354 3324 
6580 3324 3354 3355 
6581 3324 3355 3325 
6582 3325 3355 3356 
6583 3325 3356 3326 
6584 3326 3356 3357 
6585 3326 3357 3327 
6586 3327 3357 3358 
6587 3327 3358 3328 
6588 3328 3358 3359 
6589 3328 3359 3329 
6590 3329 3359 3360 
6591 3329 3360 322 
6592 322 3360 321 
6593 229 230 3330 
6594 3330 230 3361 
6595 3330 3361 3331 
6596 3331 3361 3362 
6597 3331 3362 3332 
6598 3332 3362 3363 
6599 3332 3363 3333 
6600 3333 3363 3364 
6601 3333 3364 3334 
6602 3334 3364 3365 
6603 3334 3365 3335 
6604 3335 3365 3366 
6605 3335 3366 3336 
6606 3336 3366 3367 
6607 3336 3367 3337 
6608 3337 3367 3368 
6609 3337 3368 3338 
6610 3338 3368 3369 
6611 3338 3369 3339 
6612 3339 3369 3370 
6613 3339 3370 3340 
6614 3340 3370 3371 
6615 3340 3371 3341 
6616 3341 3371 3372 
6617 3341 3372 3342 
6618 3342 3372 3373 
6619 3342 3373 3343 
6620 3343 3373 3374 
6621 3343 3374 3344 
6622 3344 3374 3375 
6623 3344 3375 3345 
6624 3345 3375 3376 
6625 3345 3376 3346 
6626 3346 3376 3377 
6627 3346 3377 3347 
6628 3347 3377 3378 
6629 3347 3378 3348 
6630 3348 3378 3379 
6631 3348 3379 3349 
6632 3349 3379 3380 
6633 3349 3380 3350 
6634 3350 3380 3381 
6635 3350 3381 3351 
6636 3351 3381 3382 
6637 3351 3382 3352 
6638 3352 3382 3383 
6639 3352 3383 3353 
6640 3353 3383 3384 
6641 3353 3384 3354 
6642 3354 3384 3385 
6643 3354 3385 3355 
6644 3355 3385 3386 
6645 3355 3386 3356 
6646 3356 3386 3387 
6647 3356 3387 3357 
6648 3357 3387 3388 
6649 3357 3388 3358 
6650 3358 3388 3389 
6651 3358 3389 3359 
6652 3359 3389 3390 
6653 3359 3390 3360 
6654 3360 3390 3391 
6655 3360 3391 321 
6656 321 3391 320 
6657 230 231 3361 
6658 3361 231 3392 
6659 3361 3392 3362 
6660 3362 3392 3393 
6661 3362 3393 3363 
6662 3363 3393 3394 
6663 3363 3394 3364 
6664 3364 3394 3395 
6665 3364 3395 3365 
6666 3365 3395 3396 
6667 3365 3396 3366 
6668 3366 3396 3397 
6669 3366 3397 3367 
6670 3367 3397 3398 
6671 3367 3398 3368 
6672 3368 3398 3399 
6673 3368 3399 3369 
6674 3369 3399 3400 
6675 3369 3400 3370 
6676 3370 3400 3401 
6677 3370 3401 3371 
6678 3371 3401 3402 
6679 3371 3402 3372 
6680 3372 3402 3403 
6681 3372 3403 3373 
6682 3373 3403 3404 
6683 3373 3404 3374 
6684 3374 3404 3405 
6685 3374 3405 3375 
6686 3375 3405 3406 
6687 3375 3406 3376 
6688 3376 3406 3407 
6689 3376 3407 3377 
6690 3377 3407 3408 
6691 3377 3408 3378 
6692 3378 3408 3409 
6693 3378 3409 3379 
6694 3379 3409 3410 
6695 3379 3410 3380 
6696 3380 3410 3411 
6697 3380 3411 3381 
6698 3381 3411 3412 
6699 3381 3412 3382 
6700 3382 3412 3413 
6701 3382 3413 3383 
6702 3383 3413 3414 
6703 3383 3414 3384 
6704 3384 3414 3415 
6705 3384 3415 3385 
6706 3385 3415 3416 
6707 3385 3416 3386 
6708 3386 3416 3417 
6709 3386 3417 3387 
6710 3387 3417 3418 
6711 3387 3418 3388 
6712 3388 3418 3419 
6713 3388 3419 3389 
6714 3389 3419 3420 
6715 3389 3420 3390 
6716 3390 3420 3421 
6717 3390 3421 3391 
6718 3391 3421 3422 
6719 3391 3422 320 
6720 320 3422 319 
6721 231 232 3392 
6722 3392 232 3423 
6723 3392 3423 3393 
6724 3393 3423 3424 
6725 3393 3424 3394 
6726 3394 3424 3425 
6727 3394 3425 3395 
6728 3395 3425 3426 
6729 3395 3426 3396 
6730 3396 3426 3427 
6731 3396 3427 3397 
6732 3397 3427 3428 
6733 3397 3428 3398 
6734 3398 3428 3429 
6735 3398 3429 3399 
6736 3399 3429 3430 
6737 3399 3430 3400 
6738 3400 3430 3431 
6739 3400 3431 3401 
6740 3401 3431 3432 
6741 3401 3432 3402 
6742 3402 3432 3433 
6743 3402 3433 3403 
6744 3403 3433 3434 
6745 3403 3434 3404 
6746 3404 3434 3435 
6747 3404 3435 3405 
6748 3405 3435 3436 
6749 3405 3436 3406 
6750 3406 3436 3437 
6751 3406 3437 3407 
6752 3407 3437 3438 
6753 3407 3438 3408 
6754 3408 3438 3439 
6755 3408 3439 3409 
6756 3409 3439 3440 
6757 3409 3440 3410 
6758 3410 3440 3441 
6759 3410 3441 3411 
6760 3411 3441 3442 
6761 3411 3442 3412 
6762 3412 3442 3443 
6763 3412 3443 3413 
6764 3413 3443 3444 
6765 3413 3444 3414 
6766 3414 3444 3445 
6767 3414 3445 3415 
6768 3415 3445 3446 
6769 3415 3446 3416 
6770 3416 3446 3447 
6771 3416 3447 3417 
6772 3417 3447 3448 
6773 3417 3448 3418 
6774 3418 3448 3449 
6775 3418 3449 3419 
6776 3419 3449 3450 
6777 3419 3450 3420 
6778 3420 3450 3451 
6779 3420 3451 3421 
6780 3421 3451 3452 
6781 3421 3452 3422 
6782 3422 3452 3453 
6783 3422 3453 319 
6784 319 3453 318 
6785 232 233 3423 
6786 3423 233 3454 
6787 3423 3454 3424 
6788 3424 3454 3455 
6789 3424 3455 3425 
6790 3425 3455 3456 
6791 3425 3456 3426 
6792 3426 3456 3457 
6793 3426 3457 3427 
6794 3427 3457 3458 
6795 3427 3458 3428 
6796 3428 3458 3459 
6797 3428 3459 3429 
6798 3429 3459 3460 
6799 3429 3460 3430 
6800 3430 3460 3461 
6801 3430 3461 3431 
6802 3431 3461 3462 
6803 3431 3462 3432 
6804 3432 3462 3463 
6805 3432 3463 3433 
6806 3433 3463 3464 
6807 3433 3464 3434 
6808 3434 3464 3465 
6809 3434 3465 3435 
6810 3435 3465 3466 
6811 3435 3466 3436 
6812 3436 3466 3467 
6813 3436 3467 3437 
6814 3437 3467 3468 
6815 3437 3468 3438 
6816 3438 3468 3469 
6817 3438 3469 3439 
6818 3439 3469 3470 
6819 3439 3470 3440 
6820 3440 3470 3471 
6821 3440 3471 3441 
6822 3441 3471 3472 
6823 3441 3472 3442 
6824 3442 3472 3473 
6825 3442 3473 3443 
6826 3443 3473 3474 
6827 3443 3474 3444 
6828 3444 3474 3475 
6829 3444 3475 3445 
6830 3445 3475 3476 
6831 3445 3476 3446 
6832 3446 3476 3477 
6833 3446 3477 3447 
6834 3447 3477 3478 
6835 3447 3478 3448 
6836 3448 3478 3479 
6837 3448 3479 3449 
6838 3449 3479 3480 
6839 3449 3480 3450 
6840 3450 3480 3481 
6841 3450 3481 3451 
6842 3451 3481 3482 
6843 3451 3482 3452 
6844 3452 3482 3483 
6845 3452 3483 3453 
6846 3453 3483 3484 
6847 3453 3484 318 
6848 318 3484 317 
6849 233 234 3454 
6850 3454 234 3485 
6851 3454 3485 3455 
6852 3455 3485 3486 
6853 3455 3486 3456 
6854 3456 3486 3487 
6855 3456 3487 3457 
6856 3457 3487 3488 
6857 3457 3488 3458 
6858 3458 3488 3489 
6859 3458 3489 3459 
6860 3459 3489 3490 
6861 3459 3490 3460 
6862 3460 3490 3491 
6863 3460 3491 3461 
6864 3461 3491 3492 
6865 3461 3492 3462 
6866 3462 3492 3493 
6867 3462 3493 3463 
6868 3463 3493 3494 
6869 3463 3494 3464 
6870 3464 3494 3495 
6871 3464 3495 3465 
6872 3465 3495 3496 
6873 3465 3496 3466 
6874 3466 3496 3497 
6875 3466 3497 3467 
6876 3467 3497 3498 
6877 3467 3498 3468 
6878 3468 3498 3499 
6879 3468 3499 3469 
6880 3469 3499 3500 
6881 3469 3500 3470 
6882 3470 3500 3501 
6883 3470 3501 3471 
6884 3471 3501 3502 
6885 3471 3502 3472 
6886 3472 3502 3503 
6887 3472 3503 3473 
6888 3473 3503 3504 
6889 3473 3504 3474 
6890 3474 3504 3505 
6891 3474 3505 3475 
6892 3475 3505 3506 
6893 3475 3506 3476 
6894 3476 3506 3507 
6895 3476 3507 3477 
6896 3477 3507 3508 
6897 3477 3508 3478 
6898 3478 3508 3509 
6899 3478 3509 3479 
6900 3479 3509 3510 
6901 3479 3510 3480 
6902 3480 3510 3511 
6903 3480 3511 3481 
6904 3481 3511 3512 
6905 3481 3512 3482 
6906 3482 3512 3513 
6907 3482 3513 3483 
6908 3483 3513 3514 
6909 3483 3514 3484 
6910 3484 3514 3515 
6911 3484 3515 317 
6912 317 3515 316 
6913 234 235 3485 
6914 3485 235 3516 
6915 3485 3516 3486 
6916 3486 3516 3517 
6917 3486 3517 3487 
6918 3487 3517 3518 
6919 3487 3518 3488 
6920 3488 3518 3519 
6921 3488 3519 3489 
6922 3489 3519 3520 
6923 3489 3520 3490 
6924 3490 3520 3521 
6925 3490 3521 3491 
6926 3491 3521 3522 
6927 3491 3522 3492 
6928 3492 3522 3523 
6929 3492 3523 3493 
6930 3493 3523 3524 
6931 3493 3524 3494 
6932 3494 3524 3525 
6933 3494 3525 3495 
6934 3495 3525 3526 
6935 3495 3526 3496 
6936 3496 3526 3527 
6937 3496 3527 3497 
6938 3497 3527 3528 
6939 3497 3528 3498 
6940 3498 3528 3529 
6941 3498 3529 3499 
6942 3499 3529 3530 
6943 3499 3530 3500 
6944 3500 3530 3531 
6945 3500 3531 3501 
6946 3501 3531 3532 
6947 3501 3532 3502 
6948 3502 3532 3533 
6949 3502 3533 3503 
6950 3503 3533 3534 
6951 3503 3534 3504 
6952 3504 3534 3535 
6953 3504 3535 3505 
6954 3505 3535 3536 
6955 3505 3536 3506 
6956 3506 3536 3537 
6957 3506 3537 3507 
6958 3507 3537 3538 
6959 3507 3538 3508 
6960 3508 3538 3539 
6961 3508 3539 3509 
6962 3509 3539 3540 
6963 3509 3540 3510 
6964 3510 3540 3541 
6965 3510 3541 3511 
6966 3511 3541 3542 
6967 3511 3542 3512 
6968 3512 3542 3543 
6969 3512 3543 3513 
6970 3513 3543 3544 
6971 3513 3544 3514 
6972 3514 3544 3545 
6973 3514 3545 3515 
6974 3515 3545 3546 
6975 3515 3546 316 
6976 316 3546 315 
6977 235 236 3516 
6978 3516 236 3547 
6979 3516 3547 3517 
6980 3517 3547 3548 
6981 3517 3548 3518 
6982 3518 3548 3549 
6983 3518 3549 3519 
6984 3519 3549 3550 
6985 3519 3550 3520 
6986 3520 3550 3551 
6987 3520 3551 3521 
6988 3521 3551 3552 
6989 3521 3552 3522 
6990 3522 3552 3553 
6991 3522 3553 3523 
6992 3523 3553 3554 
6993 3523 3554 3524 
6994 3524 3554 3555 
6995 3524 3555 3525 
6996 3525 3555 3556 
6997 3525 3556 3526 
6998 3526 3556 3557 
6999 3526 3557 3527 
7000 3527 3557 3558 
7001 3527 3558 3528 
7002 3528 3558 3559 
7003 3528 3559 3529 
7004 3529 3559 3560 
7005 3529 3560 3530 
7006 3530 3560 3561 
7007 3530 3561 3531 
7008 3531 3561 3562 
7009 3531 3562 3532 
7010 3532 3562 3563 
7011 3532 3563 3533 
7012 3533 3563 3564 
7013 3533 3564 3534 
7014 3534 3564 3565 
7015 3534 3565 3535 
7016 3535 3565 3566 
7017 3535 3566 3536 
7018 3536 3566 3567 
7019 3536 3567 3537 
7020 3537 3567 3568 
7021 3537 3568 3538 
7022 3538 3568 3569 
7023 3538 3569 3539 
7024 3539 3569 3570 
7025 3539 3570 3540 
7026 3540 3570 3571 
7027 3540 3571 3541 
7028 3541 3571 3572 
7029 3541 3572 3542 
7030 3542 3572 3573 
7031 3542 3573 3543 
7032 3543 3573 3574 
7033 3543 3574 3544 
7034 3544 3574 3575 
7035 3544 3575 3545 
7036 3545 3575 3576 
7037 3545 3576 3546 
7038 3546 3576 3577 
7039 3546 3577 315 
7040 315 3577 314 
7041 236 237 3547 
7042 3547 237 3578 
7043 3547 3578 3548 
7044 3548 3578 3579 
7045 3548 3579 3549 
7046 3549 3579 3580 
7047 3549 3580 3550 
7048 3550 3580 3581 
7049 3550 3581 3551 
7050 3551 3581 3582 
7051 3551 3582 3552 
7052 3552 3582 3583 
7053 3552 3583 3553 
7054 3553 3583 3584 
7055 3553 3584 3554 
7056 3554 3584 3585 
7057 3554 3585 3555 
7058 3555 3585 3586 
7059 3555 3586 3556 
7060 3556 3586 3587 
7061 3556 3587 3557 
7062 3557 3587 3588 
7063 3557 3588 3558 
7064 3558 3588 3589 
7065 3558 3589 3559 
7066 3559 3589 3590 
7067 3559 3590 3560 
7068 3560 3590 3591 
7069 3560 3591 3561 
7070 3561 3591 3592 
7071 3561 3592 3562 
7072 3562 3592 3593 
7073 3562 3593 3563 
7074 3563 3593 3594 
7075 3563 3594 3564 
7076 3564 3594 3595 
7077 3564 3595 3565 
7078 3565 3595 3596 
7079 3565 3596 3566 
7080 3566 3596 3597 
7081 3566 3597 3567 
7082 3567 3597 3598 
7083 3567 3598 3568 
7084 3568 3598 3599 
7085 3568 3599 3569 
7086 3569 3599 3600 
7087 3569 3600 3570 
7088 3570 3600 3601 
7089 3570 3601 3571 
7090 3571 3601 3602 
7091 3571 3602 3572 
7092 3572 3602 3603 
7093 3572 3603 3573 
7094 3573 3603 3604 
7095 3573 3604 3574 
7096 3574 3604 3605 
7097 3574 3605 3575 
7098 3575 3605 3606 
7099 3575 3606 3576 
7100 3576 3606 3607 
7101 3576 3607 3577 
7102 3577 3607 3608 
7103 3577 3608 314 
7104 314 3608 313 
7105 237 238 3578 
7106 3578 238 3609 
7107 3578 3609 3579 
7108 3579 3609 3610 
7109 3579 3610 3580 
7110 3580 3610 3611 
7111 3580 3611 3581 
7112 3581 3611 3612 
7113 3581 3612 3582 
7114 3582 3612 3613 
7115 3582 3613 3583 
7116 3583 3613 3614 
7117 3583 3614 3584 
7118 3584 3614 3615 
7119 3584 3615 3585 
7120 3585 3615 3616 
7121 3585 3616 3586 
7122 3586 3616 3617 
7123 3586 3617 3587 
7124 3587 3617 3618 
7125 3587 3618 3588 
7126 3588 3618 3619 
7127 3588 3619 3589 
7128 3589 3619 3620 
7129 3589 3620 3590 
7130 3590 3620 3621 
7131 3590 3621 3591 
7132 3591 3621 3622 
7133 3591 3622 3592 
7134 3592 3622 3623 
7135 3592 3623 3593 
7136 3593 3623 3624 
7137 3593 3624 3594 
7138 3594 3624 3625 
7139 3594 3625 3595 
7140 3595 3625 3626 
7141 3595 3626 3596 
7142 3596 3626 3627 
7143 3596 3627 3597 
7144 3597 3627 3628 
7145 3597 3628 3598 
7146 3598 3628 3629 
7147 3598 3629 3599 
7148 3599 3629 3630 
7149 3599 3630 3600 
7150 3600 3630 3631 
7151 3600 3631 3601 
7152 3601 3631 3632 
7153 3601 3632 3602 
7154 3602 3632 3633 
7155 3602 3633 3603 
7156 3603 3633 3634 
7157 3603 3634 3604 
7158 3604 3634 3635 
7159 3604 3635 3605 
7160 3605 3635 3636 
7161 3605 3636 3606 
7162 3606 3636 3637 
7163 3606 3637 3607 
7164 3607 3637 3638 
7165 3607 3638 3608 
7166 3608 3638 3639 
7167 3608 3639 313 
7168 313 3639 312 
7169 238 239 3609 
7170 3609 239 3640 
7171 3609 3640 3610 
7172 3610 3640 3641 
7173 3610 3641 3611 
7174 3611 3641 3642 
7175 3611 3642 3612 
7176 3612 3642 3643 
7177 3612 3643 3613 
7178 3613 3643 3644 
7179 3613 3644 3614 
7180 3614 3644 3645 
7181 3614 3645 3615 
7182 3615 3645 3646 
7183 3615 3646 3616 
7184 3616 3646 3647 
7185 3616 3647 3617 
7186 3617 3647 3648 
7187 3617 3648 3618 
7188 3618 3648 3649 
7189 3618 3649 3619 
7190 3619 3649 3650 
7191 3619 3650 3620 
7192 3620 3650 3651 
7193 3620 3651 3621 
7194 3621 3651 3652 
7195 3621 3652 3622 
7196 3622 3652 3653 
7197 3622 3653 3623 
7198 3623 3653 3654 
7199 3623 3654 3624 
7200 3624 3654 3655 
7201 3624 3655 3625 
7202 3625 3655 3656 
7203 3625 3656 3626 
7204 3626 3656 3657 
7205 3626 3657 3627 
7206 3627 3657 3658 
7207 3627 3658 3628 
7208 3628 3658 3659 
7209 3628 3659 3629 
7210 3629 3659 3660 
7211 3629 3660 3630 
7212 3630 3660 3661 
7213 3630 3661 3631 
7214 3631 3661 3662 
7215 3631 3662 3632 
7216 3632 3662 3663 
7217 3632 3663 3633 
7218 3633 3663 3664 
7219 3633 3664 3634 
7220 3634 3664 3665 
7221 3634 3665 3635 
7222 3635 3665 3666 
7223 3635 3666 3636 
7224 3636 3666 3667 
7225 3636 3667 3637 
7226 3637 3667 3668 
7227 3637 3668 3638 
7228 3638 3668 3669 
7229 3638 3669 3639 
7230 3639 3669 3670 
7231 3639 3670 312 
7232 312 3670 311 
7233 239 240 3640 
7234 3640 240 3671 
7235 3640 3671 3641 
7236 3641 3671 3672 
7237 3641 3672 3642 
7238 3642 3672 3673 
7239 3642 3673 3643 
7240 3643 3673 3674 
7241 3643 3674 3644 
7242 3644 3674 3675 
7243 3644 3675 3645 
7244 3645 3675 3676 
7245 3645 3676 3646 
7246 3646 3676 3677 
7247 3646 3677 3647 
7248 3647 3677 3678 
7249 3647 3678 3648 
7250 3648 3678 3679 
7251 3648 3679 3649 
7252 3649 3679 3680 
7253 3649 3680 3650 
7254 3650 3680 3681 
7255 3650 3681 3651 
7256 3651 3681 3682 
7257 3651 3682 3652 
7258 3652 3682 3683 
7259 3652 3683 3653 
7260 3653 3683 3684 
7261 3653 3684 3654 
7262 3654 3684 3685 
7263 3654 3685 3655 
7264 3655 3685 3686 
7265 3655 3686 3656 
7266 3656 3686 3687 
7267 3656 3687 3657 
7268 3657 3687 3688 
7269 3657 3688 3658 
7270 3658 3688 3689 
7271 3658 3689 3659 
7272 3659 3689 3690 
7273 3659 3690 3660 
7274 3660 3690 3691 
7275 3660 3691 3661 
7276 3661 3691 3692 
7277 3661 3692 3662 
7278 3662 3692 3693 
7279 3662 3693 3663 
7280 3663 3693 3694 
7281 3663 3694 3664 
7282 3664 3694 3695 
7283 3664 3695 3665 
7284 3665 3695 3696 
7285 3665 3696 3666 
7286 3666 3696 3697 
7287 3666 3697 3667 
7288 3667 3697 3698 
7289 3667 3698 3668 
7290 3668 3698 3699 
7291 3668 3699 3669 
7292 3669 3699 3700 
7293 3669 3700 3670 
7294 3670 3700 3701 
7295 3670 3701 311 
7296 311 3701 310 
7297 240 241 3671 
7298 3671 241 3702 
7299 3671 3702 3672 
7300 3672 3702 3703 
7301 3672 3703 3673 
7302 3673 3703 3704 
7303 3673 3704 3674 
7304 3674 3704 3705 
7305 3674 3705 3675 
7306 3675 3705 3706 
7307 3675 3706 3676 
7308 3676 3706 3707 
7309 3676 3707 3677 
7310 3677 3707 3708 
7311 3677 3708 3678 
7312 3678 3708 3709 
7313 3678 3709 3679 
7314 3679 3709 3710 
7315 3679 3710 3680 
7316 3680 3710 3711 
7317 3680 3711 3681 
7318 3681 3711 3712 
7319 3681 3712 3682 
7320 3682 3712 3713 
7321 3682 3713 3683 
7322 3683 3713 3714 
7323 3683 3714 3684 
7324 3684 3714 3715 
7325 3684 3715 3685 
7326 3685 3715 3716 
7327 3685 3716 3686 
7328 3686 3716 3717 
7329 3686 3717 3687 
7330 3687 3717 3718 
7331 3687 3718 3688 
7332 3688 3718 3719 
7333 3688 3719 3689 
7334 3689 3719 3720 
7335 3689 3720 3690 
7336 3690 3720 3721 
7337 3690 3721 3691 
7338 3691 3721 3722 
7339 3691 3722 3692 
7340 3692 3722 3723 
7341 3692 3723 3693 
7342 3693 3723 3724 
7343 3693 3724 3694 
7344 3694 3724 3725 
7345 3694 3725 3695 
7346 3695 3725 3726 
7347 3695 3726 3696 
7348 3696 3726 3727 
7349 3696 3727 3697 
7350 3697 3727 3728 
7351 3697 3728 3698 
7352 3698 3728 3729 
7353 3698 3729 3699 
7354 3699 3729 3730 
7355 3699 3730 3700 
7356 3700 3730 3731 
7357 3700 3731 3701 
7358 3701 3731 3732 
7359 3701 3732 310 
7360 310 3732 309 
7361 241 242 3702 
7362 3702 242 3733 
7363 3702 3733 3703 
7364 3703 3733 3734 
7365 3703 3734 3704 
7366 3704 3734 3735 
7367 3704 3735 3705 
7368 3705 3735 3736 
7369 3705 3736 3706 
7370 3706 3736 3737 
7371 3706 3737 3707 
7372 3707 3737 3738 
7373 3707 3738 3708 
7374 3708 3738 3739 
7375 3708 3739 3709 
7376 3709 3739 3740 
7377 3709 3740 3710 
7378 3710 3740 3741 
7379 3710 3741 3711 
7380 3711 3741 3742 
7381 3711 3742 3712 
7382 3712 3742 3743 
7383 3712 3743 3713 
7384 3713 3743 3744 
7385 3713 3744 3714 
7386 3714 3744 3745 
7387 3714 3745 3715 
7388 3715 3745 3746 
7389 3715 3746 3716 
7390 3716 3746 3747 
7391 3716 3747 3717 
7392 3717 3747 3748 
7393 3717 3748 3718 
7394 3718 3748 3749 
7395 3718 3749 3719 
7396 3719 3749 3750 
7397 3719 3750 3720 
7398 3720 3750 3751 
7399 3720 3751 3721 
7400 3721 3751 3752 
7401 3721 3752 3722 
7402 3722 3752 3753 
7403 3722 3753 3723 
7404 3723 3753 3754 
7405 3723 3754 3724 
7406 3724 3754 3755 
7407 3724 3755 3725 
7408 3725 3755 3756 
7409 3725 3756 3726 
7410 3726 3756 3757 
7411 3726 3757 3727 
7412 3727 3757 3758 
7413 3727 3758 3728 
7414 3728 3758 3759 
7415 3728 3759 3729 
7416 3729 3759 3760 
7417 3729 3760 3730 
7418 3730 3760 3761 
7419 3730 3761 3731 
7420 3731 3761 3762 
7421 3731 3762 3732 
7422 3732 3762 3763 
7423 3732 3763 309 
7424 309 3763 308 
7425 242 243 3733 
7426 3733 243 3764 
7427 3733 3764 3734 
7428 3734 3764 3765 
7429 3734 3765 3735 
7430 3735 3765 3766 
7431 3735 3766 3736 
7432 3736 3766 3767 
7433 3736 3767 3737 
7434 3737 3767 3768 
7435 3737 3768 3738 
7436 3738 3768 3769 
7437 3738 3769 3739 
7438 3739 3769 3770 
7439 3739 3770 3740 
7440 3740 3770 3771 
7441 3740 3771 3741 
7442 3741 3771 3772 
7443 3741 3772 3742 
7444 3742 3772 3773 
7445 3742 3773 3743 
7446 3743 3773 3774 
7447 3743 3774 3744 
7448 3744 3774 3775 
7449 3744 3775 3745 
7450 3745 3775 3776 
7451 3745 3776 3746 
7452 3746 3776 3777 
7453 3746 3777 3747 
7454 3747 3777 3778 
7455 3747 3778 3748 
7456 3748 3778 3779 
7457 3748 3779 3749 
7458 3749 3779 3780 
7459 3749 3780 3750 
7460 3750 3780 3781 
7461 3750 3781 3751 
7462 3751 3781 3782 
7463 3751 3782 3752 
7464 3752 3782 3783 
7465 3752 3783 3753 
7466 3753 3783 3784 
7467 3753 3784 3754 
7468 3754 3784 3785 
7469 3754 3785 3755 
7470 3755 3785 3786 
7471 3755 3786 3756 
7472 3756 3786 3787 
7473 3756 3787 3757 
7474 3757 3787 3788 
7475 3757 3788 3758 
7476 3758 3788 3789 
7477 3758 3789 3759 
7478 3759 3789 3790 
7479 3759 3790 3760 
7480 3760 3790 3791 
7481 3760 3791 3761 
7482 3761 3791 3792 
7483 3761 3792 3762 
7484 3762 3792 3793 
7485 3762 3793 3763 
7486 3763 3793 3794 
7487 3763 3794 308 
7488 308 3794 307 
7489 243 244 3764 
7490 3764 244 3795 
7491 3764 3795 3765 
7492 3765 3795 3796 
7493 3765 3796 3766 
7494 3766 3796 3797 
7495 3766 3797 3767 
7496 3767 3797 3798 
7497 3767 3798 3768 
7498 3768 3798 3799 
7499 3768 3799 3769 
7500 3769 3799 3800 
7501 3769 3800 3770 
7502 3770 3800 3801 
7503 3770 3801 3771 
7504 3771 3801 3802 
7505 3771 3802 3772 
7506 3772 3802 3803 
7507 3772 3803 3773 
7508 3773 3803 3804 
7509 3773 3804 3774 
7510 3774 3804 3805 
7511 3774 3805 3775 
7512 3775 3805 3806 
7513 3775 3806 3776 
7514 3776 3806 3807 
7515 3776 3807 3777 
7516 3777 3807 3808 
7517 3777 3808 3778 
7518 3778 3808 3809 
7519 3778 3809 3779 
7520 3779 3809 3810 
7521 3779 3810 3780 
7522 3780 3810 3811 
7523 3780 3811 3781 
7524 3781 3811 3812 
7525 3781 3812 3782 
7526 3782 3812 3813 
7527 3782 3813 3783 
7528 3783 3813 3814 
7529 3783 3814 3784 
7530 3784 3814 3815 
7531 3784 3815 3785 
7532 3785 3815 3816 
7533 3785 3816 3786 
7534 3786 3816 3817 
7535 3786 3817 3787 
7536 3787 3817 3818 
7537 3787 3818 3788 
7538 3788 3818 3819 
7539 3788 3819 3789 
7540 3789 3819 3820 
7541 3789 3820 3790 
7542 3790 3820 3821 
7543 3790 3821 3791 
7544 3791 3821 3822 
7545 3791 3822 3792 
7546 3792 3822 3823 
7547 3792 3823 3793 
7548 3793 3823 3824 
7549 3793 3824 3794 
7550 3794 3824 3825 
7551 3794 3825 307 
7552 307 3825 306 
7553 244 245 3795 
7554 3795 245 3826 
7555 3795 3826 3796 
7556 3796 3826 3827 
7557 3796 3827 3797 
7558 3797 3827 3828 
7559 3797 3828 3798 
7560 3798 3828 3829 
7561 3798 3829 3799 
7562 3799 3829 3830 
7563 3799 3830 3800 
7564 3800 3830 3831 
7565 3800 3831 3801 
7566 3801 3831 3832 
7567 3801 3832 3802 
7568 3802 3832 3833 
7569 3802 3833 3803 
7570 3803 3833 3834 
7571 3803 3834 3804 
7572 3804 3834 3835 
7573 3804 3835 3805 
7574 3805 3835 3836 
7575 3805 3836 3806 
7576 3806 3836 3837 
7577 3806 3837 3807 
7578 3807 3837 3838 
7579 3807 3838 3808 
7580 3808 3838 3839 
7581 3808 3839 3809 
7582 3809 3839 3840 
7583 3809 3840 3810 
7584 3810 3840 3841 
7585 3810 3841 3811 
7586 3811 3841 3842 
7587 3811 3842 3812 
7588 3812 3842 3843 
7589 3812 3843 3813 
7590 3813 3843 3844 
7591 3813 3844 3814 
7592 3814 3844 3845 
7593 3814 3845 3815 
7594 3815 3845 3846 
7595 3815 3846 3816 
7596 3816 3846 3847 
7597 3816 3847 3817 
7598 3817 3847 3848 
7599 3817 3848 3818 
7600 3818 3848 3849 
7601 3818 3849 3819 
7602 3819 3849 3850 
7603 3819 3850 3820 
7604 3820 3850 3851 
7605 3820 3851 3821 
7606 3821 3851 3852 
7607 3821 3852 3822 
7608 3822 3852 3853 
7609 3822 3853 3823 
7610 3823 3853 3854 
7611 3823 3854 3824 
7612 3824 3854 3855 
7613 3824 3855 3825 
7614 3825 3855 3856 
7615 3825 3856 306 
7616 306 3856 305 
7617 245 246 3826 
7618 3826 246 3857 
7619 3826 3857 3827 
7620 3827 3857 3858 
7621 3827 3858 3828 
7622 3828 3858 3859 
7623 3828 3859 3829 
7624 3829 3859 3860 
7625 3829 3860 3830 
7626 3830 3860 3861 
7627 3830 3861 3831 
7628 3831 3861 3862 
7629 3831 3862 3832 
7630 3832 3862 3863 
7631 3832 3863 3833 
7632 3833 3863 3864 
7633 3833 3864 3834 
7634 3834 3864 3865 
7635 3834 3865 3835 
7636 3835 3865 3866 
7637 3835 3866 3836 
7638 3836 3866 3867 
7639 3836 3867 3837 
7640 3837 3867 3868 
7641 3837 3868 3838 
7642 3838 3868 3869 
7643 3838 3869 3839 
7644 3839 3869 3870 
7645 3839 3870 3840 
7646 3840 3870 3871 
7647 3840 3871 3841 
7648 3841 3871 3872 
7649 3841 3872 3842 
7650 3842 3872 3873 
7651 3842 3873 3843 
7652 3843 3873 3874 
7653 3843 3874 3844 
7654 3844 3874 3875 
7655 3844 3875 3845 
7656 3845 3875 3876 
7657 3845 3876 3846 
7658 3846 3876 3877 
7659 3846 3877 3847 
7660 3847 3877 3878 
7661 3847 3878 3848 
7662 3848 3878 3879 
7663 3848 3879 3849 
7664 3849 3879 3880 
7665 3849 3880 3850 
7666 3850 3880 3881 
7667 3850 3881 3851 
7668 3851 3881 3882 
7669 3851 3882 3852 
7670 3852 3882 3883 
7671 3852 3883 3853 
7672 3853 3883 3884 
7673 3853 3884 3854 
7674 3854 3884 3885 
7675 3854 3885 3855 
7676 3855 3885 3886 
7677 3855 3886 3856 
7678 3856 3886 3887 
7679 3856 3887 305 
7680 305 3887 304 
7681 246 247 3857 
7682 3857 247 3888 
7683 3857 3888 3858 
7684 3858 3888 3889 
7685 3858 3889 3859 
7686 3859 3889 3890 
7687 3859 3890 3860 
7688 3860 3890 3891 
7689 3860 3891 3861 
7690 3861 3891 3892 
7691 3861 3892 3862 
7692 3862 3892 3893 
7693 3862 3893 3863 
7694 3863 3893 3894 
7695 3863 3894 3864 
7696 3864 3894 3895 
7697 3864 3895 3865 
7698 3865 3895 3896 
7699 3865 3896 3866 
7700 3866 3896 3897 
7701 3866 3897 3867 
7702 3867 3897 3898 
7703 3867 3898 3868 
7704 3868 3898 3899 
7705 3868 3899 3869 
7706 3869 3899 3900 
7707 3869 3900 3870 
7708 3870 3900 3901 
7709 3870 3901 3871 
7710 3871 3901 3902 
7711 3871 3902 3872 
7712 3872 3902 3903 
7713 3872 3903 3873 
7714 3873 3903 3904 
7715 3873 3904 3874 
7716 3874 3904 3905 
7717 3874 3905 3875 
7718 3875 3905 3906 
7719 3875 3906 3876 
7720 3876 3906 3907 
7721 3876 3907 3877 
7722 3877 3907 3908 
7723 3877 3908 3878 
7724 3878 3908 3909 
7725 3878 3909 3879 
7726 3879 3909 3910 
7727 3879 3910 3880 
7728 3880 3910 3911 
7729 3880 3911 3881 
7730 3881 3911 3912 
7731 3881 3912 3882 
7732 3882 3912 3913 
7733 3882 3913 3883 
7734 3883 3913 3914 
7735 3883 3914 3884 
7736 3884 3914 3915 
7737 3884 3915 3885 
7738 3885 3915 3916 
7739 3885 3916 3886 
7740 3886 3916 3917 
7741 3886 3917 3887 
7742 3887 3917 3918 
7743 3887 3918 304 
7744 304 3918 303 
7745 247 248 3888 
7746 3888 248 3919 
7747 3888 3919 3889 
7748 3889 3919 3920 
7749 3889 3920 3890 
7750 3890 3920 3921 
7751 3890 3921 3891 
7752 3891 3921 3922 
7753 3891 3922 3892 
7754 3892 3922 3923 
7755 3892 3923 3893 
7756 3893 3923 3924 
7757 3893 3924 3894 
7758 3894 3924 3925 
7759 3894 3925 3895 
7760 3895 3925 3926 
7761 3895 3926 3896 
7762 3896 3926 3927 
7763 3896 3927 3897 
7764 3897 3927 3928 
7765 3897 3928 3898 
7766 3898 3928 3929 
7767 3898 3929 3899 
7768 3899 3929 3930 
7769 3899 3930 3900 
7770 3900 3930 3931 
7771 3900 3931 3901 
7772 3901 3931 3932 
7773 3901 3932 3902 
7774 3902 3932 3933 
7775 3902 3933 3903 
7776 3903 3933 3934 
7777 3903 3934 3904 
7778 3904 3934 3935 
7779 3904 3935 3905 
7780 3905 3935 3936 
7781 3905 3936 3906 
7782 3906 3936 3937 
7783 3906 3937 3907 
7784 3907 3937 3938 
7785 3907 3938 3908 
7786 3908 3938 3939 
7787 3908 3939 3909 
7788 3909 3939 3940 
7789 3909 3940 3910 
7790 3910 3940 3941 
7791 3910 3941 3911 
7792 3911 3941 3942 
7793 3911 3942 3912 
7794 3912 3942 3943 
7795 3912 3943 3913 
7796 3913 3943 3944 
7797 3913 3944 3914 
7798 3914 3944 3945 
7799 3914 3945 3915 
7800 3915 3945 3946 
7801 3915 3946 3916 
7802 3916 3946 3947 
7803 3916 3947 3917 
7804 3917 3947 3948 
7805 3917 3948 3918 
7806 3918 3948 3949 
7807 3918 3949 303 
7808 303 3949 302 
7809 248 249 3919 
7810 3919 249 3950 
7811 3919 3950 3920 
7812 3920 3950 3951 
7813 3920 3951 3921 
7814 3921 3951 3952 
7815 3921 3952 3922 
7816 3922 3952 3953 
7817 3922 3953 3923 
7818 3923 3953 3954 
7819 3923 3954 3924 
7820 3924 3954 3955 
7821 3924 3955 3925 
7822 3925 3955 3956 
7823 3925 3956 3926 
7824 3926 3956 3957 
7825 3926 3957 3927 
7826 3927 3957 3958 
7827 3927 3958 3928 
7828 3928 3958 3959 
7829 3928 3959 3929 
7830 3929 3959 3960 
7831 3929 3960 3930 
7832 3930 3960 3961 
7833 3930 3961 3931 
7834 3931 3961 3962 
7835 3931 3962 3932 
7836 3932 3962 3963 
7837 3932 3963 3933 
7838 3933 3963 3964 
7839 3933 3964 3934 
7840 3934 3964 3965 
7841 3934 3965 3935 
7842 3935 3965 3966 
7843 3935 3966 3936 
7844 3936 3966 3967 
7845 3936 3967 3937 
7846 3937 3967 3968 
7847 3937 3968 3938 
7848 3938 3968 3969 
7849 3938 3969 3939 
7850 3939 3969 3970 
7851 3939 3970 3940 
7852 3940 3970 3971 
7853 3940 3971 3941 
7854 3941 3971 3972 
7855 3941 3972 3942 
7856 3942 3972 3973 
7857 3942 3973 3943 
7858 3943 3973 3974 
7859 3943 3974 3944 
7860 3944 3974 3975 
7861 3944 3975 3945 
7862 3945 3975 3976 
7863 3945 3976 3946 
7864 3946 3976 3977 
7865 3946 3977 3947 
7866 3947 3977 3978 
7867 3947 3978 3948 
7868 3948 3978 3979 
7869 3948 3979 3949 
7870 3949 3979 3980 
7871 3949 3980 302 
7872 302 3980 301 
7873 249 250 3950 
7874 3950 250 3981 
7875 3950 3981 3951 
7876 3951 3981 3982 
7877 3951 3982 3952 
7878 3952 3982 3983 
7879 3952 3983 3953 
7880 3953 3983 3984 
7881 3953 3984 3954 
7882 3954 3984 3985 
7883 3954 3985 3955 
7884 3955 3985 3986 
7885 3955 3986 3956 
7886 3956 3986 3987 
7887 3956 3987 3957 
7888 3957 3987 3988 
7889 3957 3988 3958 
7890 3958 3988 3989 
7891 3958 3989 3959 
7892 3959 3989 3990 
7893 3959 3990 3960 
7894 3960 3990 3991 
7895 3960 3991 3961 
7896 3961 3991 3992 
7897 3961 3992 3962 
7898 3962 3992 3993 
7899 3962 3993 3963 
7900 3963 3993 3994 
7901 3963 3994 3964 
7902 3964 3994 3995 
7903 3964 3995 3965 
7904 3965 3995 3996 
7905 3965 3996 3966 
7906 3966 3996 3997 
7907 3966 3997 3967 
7908 3967 3997 3998 
7909 3967 3998 3968 
7910 3968 3998 3999 
7911 3968 3999 3969 
7912 3969 3999 4000 
7913 3969 4000 3970 
7914 3970 4000 4001 
7915 3970 4001 3971 
7916 3971 4001 4002 
7917 3971 4002 3972 
7918 3972 4002 4003 
7919 3972 4003 3973 
7920 3973 4003 4004 
7921 3973 4004 3974 
7922 3974 4004 4005 
7923 3974 4005 3975 
7924 3975 4005 4006 
7925 3975 4006 3976 
7926 3976 4006 4007 
7927 3976 4007 3977 
7928 3977 4007 4008 
7929 3977 4008 3978 
7930 3978 4008 4009 
7931 3978 4009 3979 
7932 3979 4009 4010 
7933 3979 4010 3980 
7934 3980 4010 4011 
7935 3980 4011 301 
7936 301 4011 300 
7937 250 251 3981 
7938 3981 251 4012 
7939 3981 4012 3982 
7940 3982 4012 4013 
7941 3982 4013 3983 
7942 3983 4013 4014 
7943 3983 4014 3984 
7944 3984 4014 4015 
7945 3984 4015 3985 
7946 3985 4015 4016 
7947 3985 4016 3986 
7948 3986 4016 4017 
7949 3986 4017 3987 
7950 3987 4017 4018 
7951 3987 4018 3988 
7952 3988 4018 4019 
7953 3988 4019 3989 
7954 3989 4019 4020 
7955 3989 4020 3990 
7956 3990 4020 4021 
7957 3990 4021 3991 
7958 3991 4021 4022 
7959 3991 4022 3992 
7960 3992 4022 4023 
7961 3992 4023 3993 
7962 3993 4023 4024 
7963 3993 4024 3994 
7964 3994 4024 4025 
7965 3994 4025 3995 
7966 3995 4025 4026 
7967 3995 4026 3996 
7968 3996 4026 4027 
7969 3996 4027 3997 
7970 3997 4027 4028 
7971 3997 4028 3998 
7972 3998 4028 4029 
7973 3998 4029 3999 
7974 3999 4029 4030 
7975 3999 4030 4000 
7976 4000 4030 4031 
7977 4000 4031 4001 
7978 4001 4031 4032 
7979 4001 4032 4002 
7980 4002 4032 4033 
7981 4002 4033 4003 
7982 4003 4033 4034 
7983 4003 4034 4004 
7984 4004 4034 4035 
7985 4004 4035 4005 
7986 4005 4035 4036 
7987 4005 4036 4006 
7988 4006 4036 4037 
7989 4006 4037 4007 
7990 4007 4037 4038 
7991 4007 4038 4008 
7992 4008 4038 4039 
7993 4008 4039 4009 
7994 4009 4039 4040 
7995 4009 4040 4010 
7996 4010 4040 4041 
7997 4010 4041 4011 
7998 4011 4041 4042 
7999 4011 4042 300 
8000 300 4042 299 
8001 251 252 4012 
8002 4012 252 4043 
8003 4012 4043 4013 
8004 4013 4043 4044 
8005 4013 4044 4014 
8006 4014 4044 4045 
8007 4014 4045 4015 
8008 4015 4045 4046 
8009 4015 4046 4016 
8010 4016 4046 4047 
8011 4016 4047 4017 
8012 4017 4047 4048 
8013 4017 4048 4018 
8014 4018 4048 4049 
8015 4018 4049 4019 
8016 4019 4049 4050 
8017 4019 4050 4020 
8018 4020 4050 4051 
8019 4020 4051 4021 
8020 4021 4051 4052 
8021 4021 4052 4022 
8022 4022 4052 4053 
8023 4022 4053 4023 
8024 4023 4053 4054 
8025 4023 4054 4024 
8026 4024 4054 4055 
8027 4024 4055 4025 
8028 4025 4055 4056 
8029 4025 4056 4026 
8030 4026 4056 4057 
8031 4026 4057 4027 
8032 4027 4057 4058 
8033 4027 4058 4028 
8034 4028 4058 4059 
8035 4028 4059 4029 
8036 4029 4059 4060 
8037 4029 4060 4030 
8038 4030 4060 4061 
8039 4030 4061 4031 
8040 4031 4061 4062 
8041 4031 4062 4032 
8042 4032 4062 4063 
8043 4032 4063 4033 
8044 4033 4063 4064 
8045 4033 4064 4034 
8046 4034 4064 4065 
8047 4034 4065 4035 
8048 4035 4065 4066 
8049 4035 4066 4036 
8050 4036 4066 4067 
8051 4036 4067 4037 
8052 4037 4067 4068 
8053 4037 4068 4038 
8054 4038 4068 4069 
8055 4038 4069 4039 
8056 4039 4069 4070 
8057 4039 4070 4040 
8058 4040 4070 4071 
8059 4040 4071 4041 
8060 4041 4071 4072 
8061 4041 4072 4042 
8062 4042 4072 4073 
8063 4042 4073 299 
8064 299 4073 298 
8065 252 253 4043 
8066 4043 253 4074 
8067 4043 4074 4044 
8068 4044 4074 4075 
8069 4044 4075 4045 
8070 4045 4075 4076 
8071 4045 4076 4046 
8072 4046 4076 4077 
8073 4046 4077 4047 
8074 4047 4077 4078 
8075 4047 4078 4048 
8076 4048 4078 4079 
8077 4048 4079 4049 
8078 4049 4079 4080 
8079 4049 4080 4050 
8080 4050 4080 4081 
8081 4050 4081 4051 
8082 4051 4081 4082 
8083 4051 4082 4052 
8084 4052 4082 4083 
8085 4052 4083 4053 
8086 4053 4083 4084 
8087 4053 4084 4054 
8088 4054 4084 4085 
8089 4054 4085 4055 
8090 4055 4085 4086 
8091 4055 4086 4056 
8092 4056 4086 4087 
8093 4056 4087 4057 
8094 4057 4087 4088 
8095 4057 4088 4058 
8096 4058 4088 4089 
8097 4058 4089 4059 
8098 4059 4089 4090 
8099 4059 4090 4060 
8100 4060 4090 4091 
8101 4060 4091 4061 
8102 4061 4091 4092 
8103 4061 4092 4062 
8104 4062 4092 4093 
8105 4062 4093 4063 
8106 4063 4093 4094 
8107 4063 4094 4064 
8108 4064 4094 4095 
8109 4064 4095 4065 
8110 4065 4095 4096 
8111 4065 4096 4066 
8112 4066 4096 4097 
8113 4066 4097 4067 
8114 4067 4097 4098 
8115 4067 4098 4068 
8116 4068 4098 4099 
8117 4068 4099 4069 
8118 4069 4099 4100 
8119 4069 4100 4070 
8120 4070 4100 4101 
8121 4070 4101 4071 
8122 4071 4101 4102 
8123 4071 4102 4072 
8124 4072 4102 4103 
8125 4072 4103 4073 
8126 4073 4103 4104 
8127 4073 4104 298 
8128 298 4104 297 
8129 253 254 4074 
8130 4074 254 4105 
8131 4074 4105 4075 
8132 4075 4105 4106 
8133 4075 4106 4076 
8134 4076 4106 4107 
8135 4076 4107 4077 
8136 4077 4107 4108 
8137 4077 4108 4078 
8138 4078 4108 4109 
8139 4078 4109 4079 
8140 4079 4109 4110 
8141 4079 4110 4080 
8142 4080 4110 4111 
8143 4080 4111 4081 
8144 4081 4111 4112 
8145 4081 4112 4082 
8146 4082 4112 4113 
8147 4082 4113 4083 
8148 4083 4113 4114 
8149 4083 4114 4084 
8150 4084 4114 4115 
8151 4084 4115 4085 
8152 4085 4115 4116 
8153 4085 4116 4086 
8154 4086 4116 4117 
8155 4086 4117 4087 
8156 4087 4117 4118 
8157 4087 4118 4088 
8158 4088 4118 4119 
8159 4088 4119 4089 
8160 4089 4119 4120 
8161 4089 4120 4090 
8162 4090 4120 4121 
8163 4090 4121 4091 
8164 4091 4121 4122 
8165 4091 4122 4092 
8166 4092 4122 4123 
8167 4092 4123 4093 
8168 4093 4123 4124 
8169 4093 4124 4094 
8170 4094 4124 4125 
8171 4094 4125 4095 
8172 4095 4125 4126 
8173 4095 4126 4096 
8174 4096 4126 4127 
8175 4096 4127 4097 
8176 4097 4127 4128 
8177 4097 4128 4098 
8178 4098 4128 4129 
8179 4098 4129 4099 
8180 4099 4129 4130 
8181 4099 4130 4100 
8182 4100 4130 4131 
8183 4100 4131 4101 
8184 4101 4131 4132 
8185 4101 4132 4102 
8186 4102 4132 4133 
8187 4102 4133 4103 
8188 4103 4133 4134 
8189 4103 4134 4104 
8190 4104 4134 4135 
8191 4104 4135 297 
8192 297 4135 296 
8193 254 255 4105 
8194 4105 255 4136 
8195 4105 4136 4106 
8196 4106 4136 4137 
8197 4106 4137 4107 
8198 4107 4137 4138 
8199 4107 4138 4108 
8200 4108 4138 4139 
8201 4108 4139 4109 
8202 4109 4139 4140 
8203 4109 4140 4110 
8204 4110 4140 4141 
8205 4110 4141 4111 
8206 4111 4141 4142 
8207 4111 4142 4112 
8208 4112 4142 4143 
8209 4112 4143 4113 
8210 4113 4143 4144 
8211 4113 4144 4114 
8212 4114 4144 4145 
8213 4114 4145 4115 
8214 4115 4145 4146 
8215 4115 4146 4116 
8216 4116 4146 4147 
8217 4116 4147 4117 
8218 4117 4147 4148 
8219 4117 4148 4118 
8220 4118 4148 4149 
8221 4118 4149 4119 
8222 4119 4149 4150 
8223 4119 4150 4120 
8224 4120 4150 4151 
8225 4120 4151 4121 
8226 4121 4151 4152 
8227 4121 4152 4122 
8228 4122 4152 4153 
8229 4122 4153 4123 
8230 4123 4153 4154 
8231 4123 4154 4124 
8232 4124 4154 4155 
8233 4124 4155 4125 
8234 4125 4155 4156 
8235 4125 4156 4126 
8236 4126 4156 4157 
8237 4126 4157 4127 
8238 4127 4157 4158 
8239 4127 4158 4128 
8240 4128 4158 4159 
8241 4128 4159 4129 
8242 4129 4159 4160 
8243 4129 4160 4130 
8244 4130 4160 4161 
8245 4130 4161 4131 
8246 4131 4161 4162 
8247 4131 4162 4132 
8248 4132 4162 4163 
8249 4132 4163 4133 
8250 4133 4163 4164 
8251 4133 4164 4134 
8252 4134 4164 4165 
8253 4134 4165 4135 
8254 4135 4165 4166 
8255 4135 4166 296 
8256 296 4166 295 
8257 255 256 4136 
8258 4136 256 4167 
8259 4136 4167 4137 
8260 4137 4167 4168 
8261 4137 4168 4138 
8262 4138 4168 4169 
8263 4138 4169 4139 
8264 4139 4169 4170 
8265 4139 4170 4140 
8266 4140 4170 4171 
8267 4140 4171 4141 
8268 4141 4171 4172 
8269 4141 4172 4142 
8270 4142 4172 4173 
8271 4142 4173 4143 
8272 4143 4173 4174 
8273 4143 4174 4144 
8274 4144 4174 4175 
8275 4144 4175 4145 
8276 4145 4175 4176 
8277 4145 4176 4146 
8278 4146 4176 4177 
8279 4146 4177 4147 
8280 4147 4177 4178 
8281 4147 4178 4148 
8282 4148 4178 4179 
8283 4148 4179 4149 
8284 4149 4179 4180 
8285 4149 4180 4150 
8286 4150 4180 4181 
8287 4150 4181 4151 
8288 4151 4181 4182 
8289 4151 4182 4152 
8290 4152 4182 4183 
8291 4152 4183 4153 
8292 4153 4183 4184 
8293 4153 4184 4154 
8294 4154 4184 4185 
8295 4154 4185 4155 
8296 4155 4185 4186 
8297 4155 4186 4156 
8298 4156 4186 4187 
8299 4156 4187 4157 
8300 4157 4187 4188 
8301 4157 4188 4158 
8302 4158 4188 4189 
8303 4158 4189 4159 
8304 4159 4189 4190 
8305 4159 4190 4160 
8306 4160 4190 4191 
8307 4160 4191 4161 
8308 4161 4191 4192 
8309 4161 4192 4162 
8310 4162 4192 4193 
8311 4162 4193 4163 
8312 4163 4193 4194 
8313 4163 4194 4164 
8314 4164 4194 4195 
8315 4164 4195 4165 
8316 4165 4195 4196 
8317 4165 4196 4166 
8318 4166 4196 4197 
8319 4166 4197 295 
8320 295 4197 294 
8321 256 257 4167 
8322 4167 257 4198 
8323 4167 4198 4168 
8324 4168 4198 4199 
8325 4168 4199 4169 
8326 4169 4199 4200 
8327 4169 4200 4170 
8328 4170 4200 4201 
8329 4170 4201 4171 
8330 4171 4201 4202 
8331 4171 4202 4172 
8332 4172 4202 4203 
8333 4172 4203 4173 
8334 4173 4203 4204 
8335 4173 4204 4174 
8336 4174 4204 4205 
8337 4174 4205 4175 
8338 4175 4205 4206 
8339 4175 4206 4176 
8340 4176 4206 4207 
8341 4176 4207 4177 
8342 4177 4207 4208 
8343 4177 4208 4178 
8344 4178 4208 4209 
8345 4178 4209 4179 
8346 4179 4209 4210 
8347 4179 4210 4180 
8348 4180 4210 4211 
8349 4180 4211 4181 
8350 4181 4211 4212 
8351 4181 4212 4182 
8352 4182 4212 4213 
8353 4182 4213 4183 
8354 4183 4213 4214 
8355 4183 4214 4184 
8356 4184 4214 4215 
8357 4184 4215 4185 
8358 4185 4215 4216 
8359 4185 4216 4186 
8360 4186 4216 4217 
8361 4186 4217 4187 
8362 4187 4217 4218 
8363 4187 4218 4188 
8364 4188 4218 4219 
8365 4188 4219 4189 
8366 4189 4219 4220 
8367 4189 4220 4190 
8368 4190 4220 4221 
8369 4190 4221 4191 
8370 4191 4221 4222 
8371 4191 4222 4192 
8372 4192 4222 4223 
8373 4192 4223 4193 
8374 4193 4223 4224 
8375 4193 4224 4194 
8376 4194 4224 4225 
8377 4194 4225 4195 
8378 4195 4225 4226 
8379 4195 4226 4196 
8380 4196 4226 4227 
8381 4196 4227 4197 
8382 4197 4227 4228 
8383 4197 4228 294 
8384 294 4228 293 
8385 257 258 4198 
8386 4198 258 4229 
8387 4198 4229 4199 
8388 4199 4229 4230 
8389 4199 4230 4200 
8390 4200 4230 4231 
8391 4200 4231 4201 
8392 4201 4231 4232 
8393 4201 4232 4202 
8394 4202 4232 4233 
8395 4202 4233 4203 
8396 4203 4233 4234 
8397 4203 4234 4204 
8398 4204 4234 4235 
8399 4204 4235 4205 
8400 4205 4235 4236 
8401 4205 4236 4206 
8402 4206 4236 4237 
8403 4206 4237 4207 
8404 4207 4237 4238 
8405 4207 4238 4208 
8406 4208 4238 4239 
8407 4208 4239 4209 
8408 4209 4239 4240 
8409 4209 4240 4210 
8410 4210 4240 4241 
8411 4210 4241 4211 
8412 4211 4241 4242 
8413 4211 4242 4212 
8414 4212 4242 4243 
8415 4212 4243 4213 
8416 4213 4243 4244 
8417 4213 4244 4214 
8418 4214 4244 4245 
8419 4214 4245 4215 
8420 4215 4245 4246 
8421 4215 4246 4216 
8422 4216 4246 4247 
8423 4216 4247 4217 
8424 4217 4247 4248 
8425 4217 4248 4218 
8426 4218 4248 4249 
8427 4218 4249 4219 
8428 4219 4249 4250 
8429 4219 4250 4220 
8430 4220 4250 4251 
8431 4220 4251 4221 
8432 4221 4251 4252 
8433 4221 4252 4222 
8434 4222 4252 4253 
8435 4222 4253 4223 
8436 4223 4253 4254 
8437 4223 4254 4224 
8438 4224 4254 4255 
8439 4224 4255 4225 
8440 4225 4255 4256 
8441 4225 4256 4226 
8442 4226 4256 4257 
8443 4226 4257 4227 
8444 4227 4257 4258 
8445 4227 4258 4228 
8446 4228 4258 4259 
8447 4228 4259 293 
8448 293 4259 292 
8449 258 259 4229 
8450 4229 259 4260 
8451 4229 4260 4230 
8452 4230 4260 4261 
8453 4230 4261 4231 
8454 4231 4261 4262 
8455 4231 4262 4232 
8456 4232 4262 4263 
8457 4232 4263 4233 
8458 4233 4263 4264 
8459 4233 4264 4234 
8460 4234 4264 4265 
8461 4234 4265 4235 
8462 4235 4265 4266 
8463 4235 4266 4236 
8464 4236 4266 4267 
8465 4236 4267 4237 
8466 4237 4267 4268 
8467 4237 4268 4238 
8468 4238 4268 4269 
8469 4238 4269 4239 
8470 4239 4269 4270 
8471 4239 4270 4240 
8472 4240 4270 4271 
8473 4240 4271 4241 
8474 4241 4271 4272 
8475 4241 4272 4242 
8476 4242 4272 4273 
8477 4242 4273 4243 
8478 4243 4273 4274 
8479 4243 4274 4244 
8480 4244 4274 4275 
8481 4244 4275 4245 
8482 4245 4275 4276 
8483 4245 4276 4246 
8484 4246 4276 4277 
8485 4246 4277 4247 
8486 4247 4277 4278 
8487 4247 4278 4248 
8488 4248 4278 4279 
8489 4248 4279 4249 
8490 4249 4279 4280 
8491 4249 4280 4250 
8492 4250 4280 4281 
8493 4250 4281 4251 
8494 4251 4281 4282 
8495 4251 4282 4252 
8496 4252 4282 4283 
8497 4252 4283 4253 
8498 4253 4283 4284 
8499 4253 4284 4254 
8500 4254 4284 4285 
8501 4254 4285 4255 
8502 4255 4285 4286 
8503 4255 4286 4256 
8504 4256 4286 4287 
8505 4256 4287 4257 
8506 4257 4287 4288 
8507 4257 4288 4258 
8508 4258 4288 4289 
8509 4258 4289 4259 
8510 4259 4289 4290 
8511 4259 4290 292 
8512 292 4290 291 
8513 259 6 4260 
8514 4260 6 260 
8515 4260 260 4261 
8516 4261 260 261 
8517 4261 261 4262 
8518 4262 261 262 
8519 4262 262 4263 
8520 4263 262 263 
8521 4263 263 4264 
8522 4264 263 264 
8523 4264 264 4265 
8524 4265 264 265 
8525 4265 265 4266 
8526 4266 265 266 
8527 4266 266 4267 
8528 4267 266 267 
8529 4267 267 4268 
8530 4268 267 268 
8531 4268 268 4269 
8532 4269 268 269 
8533 4269 269 4270 
8534 4270 269 270 
8535 4270 270 4271 
8536 4271 270 271 
8537 4271 271 4272 
8538 4272 271 272 
8539 4272 272 4273 
8540 4273 272 273 
8541 4273 273 4274 
8542 4274 273 274 
8543 4274 274 4275 
8544 4275 274 275 
8545 4275 275 4276 
8546 4276 275 276 
8547 4276 276 4277 
8548 4277 276 277 
8549 4277 277 4278 
8550 4278 277 278 
8551 4278 278 4279 
8552 4279 278 279 
8553 4279 279 4280 
8554 4280 279 280 
8555 4280 280 4281 
8556 4281 280 281 
8557 4281 281 4282 
8558 4282 281 282 
8559 4282 282 4283 
8560 4283 282 283 
8561 4283 283 4284 
8562 4284 283 284 
8563 4284 284 4285 
8564 4285 284 285 
8565 4285 285 4286 
8566 4286 285 286 
8567 4286 286 4287 
8568 4287 286 287 
8569 4287 287 4288 
8570 4288 287 288 
8571 4288 288 4289 
8572 4289 288 289 
8573 4289 289 4290 
8574 4290 289 290 
8575 4290 290 291 
8576 291 290 7 
$EndElements
