$MeshFormat
4.1 0 8
$EndMeshFormat
$PhysicalNames
7
1 1 "Γ¹"
1 2 "Γ²"
1 3 "Γ³⁻"
1 4 "Γ³⁺"
1 5 "Γ⁴"
1 6 "Γ⁵"
2 7 "Ω"
$EndPhysicalNames
$Entities
6 8 2 0
1 0 0 0 0 
2 1 0 0 0 
3 1 2 0 0 
4 0 2 0 0 
5 0 1 0 0 
6 1 1 0 0 
1 0 0 0 1 0 0 1 1 2 1 -2 
2 1 0 0 1 1 0 1 2 2 2 -6 
3 0 1 0 1 1 0 1 3 2 5 -6 
4 0 0 0 0 1 0 1 5 2 5 -1 
5 0 1 0 1 1 0 1 4 2 5 -6 
6 1 1 0 1 2 0 1 2 2 6 -3 
7 0 2 0 1 2 0 1 6 2 3 -4 
8 0 1 0 0 2 0 1 5 2 4 -5 
1 0 0 0 1 1 0 1 7 4 1 2 -3 4 
2 0 1 0 1 2 0 1 7 4 5 6 7 8 
$EndEntities
$Nodes
16 2046 1 2046
0 1 0 1
1
0 0 0
0 2 0 1
2
1 0 0
0 3 0 1
3
1 2 0
0 4 0 1
4
0 2 0
0 5 0 1
5
0 1 0
0 6 0 1
6
1 1 0
1 1 0 30
7
8
9
10
11
12
13
14
15
16
17
18
19
20
21
22
23
24
25
26
27
28
29
30
31
32
33
34
35
36
0.03225806451606733 0 0
0.06451612903212756 0 0
0.09677419354820617 0 0
0.1290322580642789 0 0
0.1612903225803151 0 0
0.1935483870963499 0 0
0.2258064516123848 0 0
0.2580645161284197 0 0
0.2903225806444545 0 0
0.3225806451604894 0 0
0.3548387096765243 0 0
0.3870967741925592 0 0
0.419354838708594 0 0
0.4516129032246289 0 0
0.4838709677406638 0 0
0.5161290322567883 0 0
0.5483870967730025 0 0
0.5806451612892165 0 0
0.6129032258054307 0 0
0.6451612903216447 0 0
0.6774193548378589 0 0
0.709677419354073 0 0
0.7419354838702871 0 0
0.7741935483865012 0 0
0.8064516129027154 0 0
0.8387096774189294 0 0
0.8709677419351436 0 0
0.9032258064513577 0 0
0.9354838709675718 0 0
0.967741935483786 0 0
1 2 0 30
37
38
39
40
41
42
43
44
45
46
47
48
49
50
51
52
53
54
55
56
57
58
59
60
61
62
63
64
65
66
1 0.03225806451606733 0
1 0.06451612903212756 0
1 0.09677419354820617 0
1 0.1290322580642789 0
1 0.1612903225803151 0
1 0.1935483870963499 0
1 0.2258064516123848 0
1 0.2580645161284197 0
1 0.2903225806444545 0
1 0.3225806451604894 0
1 0.3548387096765243 0
1 0.3870967741925592 0
1 0.419354838708594 0
1 0.4516129032246289 0
1 0.4838709677406638 0
1 0.5161290322567883 0
1 0.5483870967730025 0
1 0.5806451612892165 0
1 0.6129032258054307 0
1 0.6451612903216447 0
1 0.6774193548378589 0
1 0.709677419354073 0
1 0.7419354838702871 0
1 0.7741935483865012 0
1 0.8064516129027154 0
1 0.8387096774189294 0
1 0.8709677419351436 0
1 0.9032258064513577 0
1 0.9354838709675718 0
1 0.967741935483786 0
1 3 0 30
67
68
69
70
71
72
73
74
75
76
77
78
79
80
81
82
83
84
85
86
87
88
89
90
91
92
93
94
95
96
0.03225806451606733 1 0
0.06451612903212756 1 0
0.09677419354820617 1 0
0.1290322580642789 1 0
0.1612903225803151 1 0
0.1935483870963499 1 0
0.2258064516123848 1 0
0.2580645161284197 1 0
0.2903225806444545 1 0
0.3225806451604894 1 0
0.3548387096765243 1 0
0.3870967741925592 1 0
0.419354838708594 1 0
0.4516129032246289 1 0
0.4838709677406638 1 0
0.5161290322567883 1 0
0.5483870967730025 1 0
0.5806451612892165 1 0
0.6129032258054307 1 0
0.6451612903216447 1 0
0.6774193548378589 1 0
0.709677419354073 1 0
0.7419354838702871 1 0
0.7741935483865012 1 0
0.8064516129027154 1 0
0.8387096774189294 1 0
0.8709677419351436 1 0
0.9032258064513577 1 0
0.9354838709675718 1 0
0.967741935483786 1 0
1 4 0 30
97
98
99
100
101
102
103
104
105
106
107
108
109
110
111
112
113
114
115
116
117
118
119
120
121
122
123
124
125
126
0 0.9677419354837367 0
0 0.9354838709674733 0
0 0.90322580645121 0
0 0.8709677419350018 0
0 0.8387096774190862 0
0 0.806451612903181 0
0 0.7741935483872758 0
0 0.7419354838713706 0
0 0.7096774193554654 0
0 0.6774193548395602 0
0 0.6451612903236548 0
0 0.6129032258077496 0
0 0.5806451612918443 0
0 0.548387096775939 0
0 0.5161290322600338 0
0 0.4838709677439494 0
0 0.4516129032276861 0
0 0.4193548387114228 0
0 0.3870967741951596 0
0 0.3548387096788963 0
0 0.322580645162633 0
0 0.2903225806463696 0
0 0.2580645161301063 0
0 0.2258064516138431 0
0 0.1935483870975798 0
0 0.1612903225813165 0
0 0.1290322580650531 0
0 0.0967741935487898 0
0 0.06451612903252657 0
0 0.03225806451626334 0
1 5 0 30
127
128
129
130
131
132
133
134
135
136
137
138
139
140
141
142
143
144
145
146
147
148
149
150
151
152
153
154
155
156
0.03225806451606733 1 0
0.06451612903212756 1 0
0.09677419354820617 1 0
0.1290322580642789 1 0
0.1612903225803151 1 0
0.1935483870963499 1 0
0.2258064516123848 1 0
0.2580645161284197 1 0
0.2903225806444545 1 0
0.3225806451604894 1 0
0.3548387096765243 1 0
0.3870967741925592 1 0
0.419354838708594 1 0
0.4516129032246289 1 0
0.4838709677406638 1 0
0.5161290322567883 1 0
0.5483870967730025 1 0
0.5806451612892165 1 0
0.6129032258054307 1 0
0.6451612903216447 1 0
0.6774193548378589 1 0
0.709677419354073 1 0
0.7419354838702871 1 0
0.7741935483865012 1 0
0.8064516129027154 1 0
0.8387096774189294 1 0
0.8709677419351436 1 0
0.9032258064513577 1 0
0.9354838709675718 1 0
0.967741935483786 1 0
1 6 0 30
157
158
159
160
161
162
163
164
165
166
167
168
169
170
171
172
173
174
175
176
177
178
179
180
181
182
183
184
185
186
1 1.032258064516129 0
1 1.064516129032258 0
1 1.096774193548387 0
1 1.129032258064516 0
1 1.161290322580645 0
1 1.193548387096774 0
1 1.225806451612903 0
1 1.258064516129032 0
1 1.290322580645161 0
1 1.32258064516129 0
1 1.354838709677419 0
1 1.387096774193548 0
1 1.419354838709677 0
1 1.451612903225806 0
1 1.483870967741935 0
1 1.516129032258065 0
1 1.548387096774194 0
1 1.580645161290323 0
1 1.612903225806452 0
1 1.645161290322581 0
1 1.67741935483871 0
1 1.709677419354839 0
1 1.741935483870968 0
1 1.774193548387097 0
1 1.806451612903226 0
1 1.838709677419355 0
1 1.870967741935484 0
1 1.903225806451613 0
1 1.935483870967742 0
1 1.967741935483871 0
1 7 0 30
187
188
189
190
191
192
193
194
195
196
197
198
199
200
201
202
203
204
205
206
207
208
209
210
211
212
213
214
215
216
0.9677419354837367 2 0
0.9354838709674733 2 0
0.90322580645121 2 0
0.8709677419350018 2 0
0.8387096774190862 2 0
0.806451612903181 2 0
0.7741935483872758 2 0
0.7419354838713706 2 0
0.7096774193554654 2 0
0.6774193548395602 2 0
0.6451612903236548 2 0
0.6129032258077496 2 0
0.5806451612918443 2 0
0.548387096775939 2 0
0.5161290322600338 2 0
0.4838709677439494 2 0
0.4516129032276861 2 0
0.4193548387114228 2 0
0.3870967741951596 2 0
0.3548387096788963 2 0
0.322580645162633 2 0
0.2903225806463696 2 0
0.2580645161301063 2 0
0.2258064516138431 2 0
0.1935483870975798 2 0
0.1612903225813165 2 0
0.1290322580650531 2 0
0.0967741935487898 2 0
0.06451612903252657 2 0
0.03225806451626334 2 0
1 8 0 30
217
218
219
220
221
222
223
224
225
226
227
228
229
230
231
232
233
234
235
236
237
238
239
240
241
242
243
244
245
246
0 1.967741935483871 0
0 1.935483870967742 0
0 1.903225806451613 0
0 1.870967741935484 0
0 1.838709677419355 0
0 1.806451612903226 0
0 1.774193548387097 0
0 1.741935483870968 0
0 1.709677419354839 0
0 1.67741935483871 0
0 1.645161290322581 0
0 1.612903225806452 0
0 1.580645161290323 0
0 1.548387096774194 0
0 1.516129032258065 0
0 1.483870967741935 0
0 1.451612903225806 0
0 1.419354838709677 0
0 1.387096774193548 0
0 1.354838709677419 0
0 1.32258064516129 0
0 1.290322580645161 0
0 1.258064516129032 0
0 1.225806451612903 0
0 1.193548387096774 0
0 1.161290322580645 0
0 1.129032258064516 0
0 1.096774193548387 0
0 1.064516129032258 0
0 1.032258064516129 0
2 1 0 900
247
248
249
250
251
252
253
254
255
256
257
258
259
260
261
262
263
264
265
266
267
268
269
270
271
272
273
274
275
276
277
278
279
280
281
282
283
284
285
286
287
288
289
290
291
292
293
294
295
296
297
298
299
300
301
302
303
304
305
306
307
308
309
310
311
312
313
314
315
316
317
318
319
320
321
322
323
324
325
326
327
328
329
330
331
332
333
334
335
336
337
338
339
340
341
342
343
344
345
346
347
348
349
350
351
352
353
354
355
356
357
358
359
360
361
362
363
364
365
366
367
368
369
370
371
372
373
374
375
376
377
378
379
380
381
382
383
384
385
386
387
388
389
390
391
392
393
394
395
396
397
398
399
400
401
402
403
404
405
406
407
408
409
410
411
412
413
414
415
416
417
418
419
420
421
422
423
424
425
426
427
428
429
430
431
432
433
434
435
436
437
438
439
440
441
442
443
444
445
446
447
448
449
450
451
452
453
454
455
456
457
458
459
460
461
462
463
464
465
466
467
468
469
470
471
472
473
474
475
476
477
478
479
480
481
482
483
484
485
486
487
488
489
490
491
492
493
494
495
496
497
498
499
500
501
502
503
504
505
506
507
508
509
510
511
512
513
514
515
516
517
518
519
520
521
522
523
524
525
526
527
528
529
530
531
532
533
534
535
536
537
538
539
540
541
542
543
544
545
546
547
548
549
550
551
552
553
554
555
556
557
558
559
560
561
562
563
564
565
566
567
568
569
570
571
572
573
574
575
576
577
578
579
580
581
582
583
584
585
586
587
588
589
590
591
592
593
594
595
596
597
598
599
600
601
602
603
604
605
606
607
608
609
610
611
612
613
614
615
616
617
618
619
620
621
622
623
624
625
626
627
628
629
630
631
632
633
634
635
636
637
638
639
640
641
642
643
644
645
646
647
648
649
650
651
652
653
654
655
656
657
658
659
660
661
662
663
664
665
666
667
668
669
670
671
672
673
674
675
676
677
678
679
680
681
682
683
684
685
686
687
688
689
690
691
692
693
694
695
696
697
698
699
700
701
702
703
704
705
706
707
708
709
710
711
712
713
714
715
716
717
718
719
720
721
722
723
724
725
726
727
728
729
730
731
732
733
734
735
736
737
738
739
740
741
742
743
744
745
746
747
748
749
750
751
752
753
754
755
756
757
758
759
760
761
762
763
764
765
766
767
768
769
770
771
772
773
774
775
776
777
778
779
780
781
782
783
784
785
786
787
788
789
790
791
792
793
794
795
796
797
798
799
800
801
802
803
804
805
806
807
808
809
810
811
812
813
814
815
816
817
818
819
820
821
822
823
824
825
826
827
828
829
830
831
832
833
834
835
836
837
838
839
840
841
842
843
844
845
846
847
848
849
850
851
852
853
854
855
856
857
858
859
860
861
862
863
864
865
866
867
868
869
870
871
872
873
874
875
876
877
878
879
880
881
882
883
884
885
886
887
888
889
890
891
892
893
894
895
896
897
898
899
900
901
902
903
904
905
906
907
908
909
910
911
912
913
914
915
916
917
918
919
920
921
922
923
924
925
926
927
928
929
930
931
932
933
934
935
936
937
938
939
940
941
942
943
944
945
946
947
948
949
950
951
952
953
954
955
956
957
958
959
960
961
962
963
964
965
966
967
968
969
970
971
972
973
974
975
976
977
978
979
980
981
982
983
984
985
986
987
988
989
990
991
992
993
994
995
996
997
998
999
1000
1001
1002
1003
1004
1005
1006
1007
1008
1009
1010
1011
1012
1013
1014
1015
1016
1017
1018
1019
1020
1021
1022
1023
1024
1025
1026
1027
1028
1029
1030
1031
1032
1033
1034
1035
1036
1037
1038
1039
1040
1041
1042
1043
1044
1045
1046
1047
1048
1049
1050
1051
1052
1053
1054
1055
1056
1057
1058
1059
1060
1061
1062
1063
1064
1065
1066
1067
1068
1069
1070
1071
1072
1073
1074
1075
1076
1077
1078
1079
1080
1081
1082
1083
1084
1085
1086
1087
1088
1089
1090
1091
1092
1093
1094
1095
1096
1097
1098
1099
1100
1101
1102
1103
1104
1105
1106
1107
1108
1109
1110
1111
1112
1113
1114
1115
1116
1117
1118
1119
1120
1121
1122
1123
1124
1125
1126
1127
1128
1129
1130
1131
1132
1133
1134
1135
1136
1137
1138
1139
1140
1141
1142
1143
1144
1145
1146
0.03225806451606733 0.03225806451625702 0
0.03225806451606733 0.06451612903251371 0
0.03225806451606733 0.09677419354877094 0
0.03225806451606733 0.1290322580650282 0
0.03225806451606733 0.1612903225812842 0
0.03225806451606733 0.1935483870975401 0
0.03225806451606733 0.225806451613796 0
0.03225806451606733 0.2580645161300519 0
0.03225806451606733 0.2903225806463078 0
0.03225806451606733 0.3225806451625638 0
0.03225806451606733 0.3548387096788198 0
0.03225806451606733 0.3870967741950758 0
0.03225806451606733 0.4193548387113316 0
0.03225806451606733 0.4516129032275875 0
0.03225806451606733 0.4838709677438434 0
0.03225806451606733 0.5161290322599292 0
0.03225806451606733 0.5483870967758442 0
0.03225806451606733 0.5806451612917597 0
0.03225806451606733 0.6129032258076748 0
0.03225806451606733 0.6451612903235899 0
0.03225806451606733 0.6774193548395053 0
0.03225806451606733 0.7096774193554204 0
0.03225806451606733 0.7419354838713357 0
0.03225806451606733 0.7741935483872509 0
0.03225806451606733 0.8064516129031659 0
0.03225806451606733 0.8387096774190813 0
0.03225806451606733 0.8709677419350066 0
0.03225806451606733 0.9032258064512145 0
0.03225806451606733 0.9354838709674764 0
0.03225806451606733 0.9677419354837381 0
0.06451612903212756 0.03225806451625069 0
0.06451612903212756 0.06451612903250083 0
0.06451612903212756 0.09677419354875214 0
0.06451612903212756 0.1290322580650032 0
0.06451612903212756 0.1612903225812519 0
0.06451612903212756 0.1935483870975005 0
0.06451612903212756 0.225806451613749 0
0.06451612903212756 0.2580645161299975 0
0.06451612903212756 0.2903225806462461 0
0.06451612903212756 0.3225806451624947 0
0.06451612903212756 0.3548387096787433 0
0.06451612903212756 0.3870967741949919 0
0.06451612903212756 0.4193548387112404 0
0.06451612903212756 0.4516129032274889 0
0.06451612903212756 0.4838709677437375 0
0.06451612903212756 0.5161290322598244 0
0.06451612903212756 0.5483870967757495 0
0.06451612903212756 0.5806451612916749 0
0.06451612903212756 0.6129032258076 0
0.06451612903212756 0.6451612903235251 0
0.06451612903212756 0.6774193548394504 0
0.06451612903212756 0.7096774193553755 0
0.06451612903212756 0.7419354838713007 0
0.06451612903212756 0.774193548387226 0
0.06451612903212756 0.8064516129031511 0
0.06451612903212756 0.838709677419076 0
0.06451612903212756 0.870967741935011 0
0.06451612903212756 0.9032258064512195 0
0.06451612903212756 0.9354838709674798 0
0.06451612903212756 0.9677419354837398 0
0.09677419354820617 0.03225806451624438 0
0.09677419354820617 0.06451612903248795 0
0.09677419354820617 0.09677419354873332 0
0.0967741935482062 0.1290322580649782 0
0.09677419354820618 0.1612903225812196 0
0.09677419354820616 0.1935483870974608 0
0.09677419354820617 0.2258064516137019 0
0.09677419354820614 0.2580645161299431 0
0.09677419354820616 0.2903225806461843 0
0.09677419354820617 0.3225806451624255 0
0.09677419354820616 0.3548387096786668 0
0.09677419354820617 0.387096774194908 0
0.09677419354820617 0.419354838711149 0
0.09677419354820614 0.4516129032273903 0
0.09677419354820617 0.4838709677436314 0
0.09677419354820617 0.5161290322597196 0
0.09677419354820617 0.5483870967756549 0
0.09677419354820617 0.5806451612915899 0
0.0967741935482062 0.6129032258075252 0
0.09677419354820617 0.6451612903234603 0
0.09677419354820614 0.6774193548393957 0
0.09677419354820616 0.7096774193553307 0
0.09677419354820617 0.7419354838712655 0
0.09677419354820616 0.7741935483872009 0
0.09677419354820617 0.8064516129031361 0
0.09677419354820617 0.8387096774190711 0
0.09677419354820617 0.8709677419350155 0
0.09677419354820617 0.9032258064512244 0
0.09677419354820617 0.9354838709674829 0
0.09677419354820617 0.9677419354837413 0
0.1290322580642789 0.03225806451623806 0
0.1290322580642789 0.06451612903247507 0
0.1290322580642789 0.0967741935487145 0
0.1290322580642789 0.1290322580649532 0
0.1290322580642789 0.1612903225811873 0
0.1290322580642789 0.1935483870974211 0
0.1290322580642789 0.2258064516136549 0
0.1290322580642789 0.2580645161298887 0
0.1290322580642789 0.2903225806461225 0
0.1290322580642789 0.3225806451623563 0
0.1290322580642789 0.3548387096785902 0
0.1290322580642789 0.3870967741948241 0
0.1290322580642789 0.4193548387110578 0
0.1290322580642789 0.4516129032272916 0
0.1290322580642789 0.4838709677435254 0
0.1290322580642789 0.516129032259615 0
0.1290322580642789 0.5483870967755601 0
0.1290322580642789 0.5806451612915052 0
0.1290322580642789 0.6129032258074504 0
0.1290322580642789 0.6451612903233953 0
0.1290322580642789 0.6774193548393406 0
0.1290322580642789 0.7096774193552857 0
0.1290322580642789 0.741935483871231 0
0.1290322580642789 0.7741935483871758 0
0.1290322580642789 0.806451612903121 0
0.1290322580642789 0.838709677419066 0
0.1290322580642789 0.8709677419350201 0
0.1290322580642789 0.903225806451229 0
0.1290322580642789 0.9354838709674862 0
0.1290322580642789 0.9677419354837431 0
0.1612903225803151 0.03225806451623173 0
0.1612903225803151 0.06451612903246222 0
0.161290322580315 0.09677419354869568 0
0.1612903225803151 0.1290322580649283 0
0.1612903225803151 0.161290322581155 0
0.1612903225803151 0.1935483870973815 0
0.1612903225803151 0.2258064516136079 0
0.1612903225803151 0.2580645161298343 0
0.1612903225803151 0.2903225806460607 0
0.161290322580315 0.3225806451622873 0
0.1612903225803151 0.3548387096785137 0
0.1612903225803151 0.3870967741947402 0
0.1612903225803151 0.4193548387109666 0
0.1612903225803151 0.4516129032271931 0
0.1612903225803151 0.4838709677434195 0
0.1612903225803151 0.5161290322595105 0
0.1612903225803151 0.5483870967754655 0
0.1612903225803151 0.5806451612914204 0
0.1612903225803151 0.6129032258073756 0
0.1612903225803151 0.6451612903233306 0
0.1612903225803151 0.6774193548392858 0
0.1612903225803151 0.7096774193552408 0
0.1612903225803151 0.7419354838711959 0
0.1612903225803151 0.7741935483871509 0
0.1612903225803151 0.8064516129031059 0
0.1612903225803151 0.8387096774190609 0
0.1612903225803151 0.8709677419350246 0
0.1612903225803151 0.9032258064512337 0
0.1612903225803151 0.9354838709674893 0
0.1612903225803151 0.9677419354837447 0
0.1935483870963499 0.03225806451622541 0
0.19354838709635 0.06451612903244934 0
0.1935483870963499 0.09677419354867683 0
0.1935483870963499 0.1290322580649033 0
0.1935483870963499 0.1612903225811227 0
0.19354838709635 0.1935483870973418 0
0.1935483870963499 0.2258064516135608 0
0.1935483870963499 0.2580645161297798 0
0.1935483870963499 0.290322580645999 0
0.1935483870963499 0.3225806451622181 0
0.1935483870963499 0.3548387096784373 0
0.1935483870963499 0.3870967741946564 0
0.1935483870963499 0.4193548387108753 0
0.1935483870963499 0.4516129032270944 0
0.1935483870963499 0.4838709677433135 0
0.1935483870963499 0.5161290322594057 0
0.1935483870963499 0.5483870967753705 0
0.19354838709635 0.5806451612913356 0
0.1935483870963499 0.6129032258073007 0
0.1935483870963499 0.6451612903232657 0
0.19354838709635 0.677419354839231 0
0.1935483870963499 0.7096774193551958 0
0.1935483870963499 0.7419354838711608 0
0.1935483870963499 0.7741935483871261 0
0.1935483870963499 0.8064516129030909 0
0.1935483870963499 0.838709677419056 0
0.1935483870963499 0.8709677419350292 0
0.1935483870963499 0.9032258064512386 0
0.1935483870963499 0.9354838709674924 0
0.1935483870963499 0.9677419354837462 0
0.2258064516123849 0.03225806451621908 0
0.2258064516123849 0.06451612903243648 0
0.2258064516123848 0.096774193548658 0
0.2258064516123848 0.1290322580648783 0
0.2258064516123848 0.1612903225810904 0
0.2258064516123848 0.1935483870973021 0
0.2258064516123848 0.2258064516135138 0
0.2258064516123848 0.2580645161297255 0
0.2258064516123849 0.2903225806459372 0
0.2258064516123848 0.3225806451621489 0
0.2258064516123848 0.3548387096783607 0
0.2258064516123848 0.3870967741945724 0
0.2258064516123849 0.419354838710784 0
0.2258064516123848 0.4516129032269958 0
0.2258064516123848 0.4838709677432074 0
0.2258064516123848 0.5161290322593008 0
0.2258064516123848 0.5483870967752759 0
0.2258064516123848 0.580645161291251 0
0.2258064516123848 0.612903225807226 0
0.2258064516123848 0.6451612903232009 0
0.2258064516123848 0.6774193548391759 0
0.2258064516123848 0.7096774193551509 0
0.2258064516123848 0.741935483871126 0
0.2258064516123848 0.774193548387101 0
0.2258064516123848 0.8064516129030758 0
0.2258064516123848 0.8387096774190509 0
0.2258064516123848 0.8709677419350339 0
0.2258064516123848 0.9032258064512434 0
0.2258064516123848 0.9354838709674955 0
0.2258064516123848 0.9677419354837479 0
0.2580645161284197 0.03225806451621275 0
0.2580645161284197 0.0645161290324236 0
0.2580645161284197 0.09677419354863918 0
0.2580645161284197 0.1290322580648533 0
0.2580645161284197 0.161290322581058 0
0.2580645161284197 0.1935483870972624 0
0.2580645161284197 0.2258064516134667 0
0.2580645161284197 0.258064516129671 0
0.2580645161284197 0.2903225806458755 0
0.2580645161284197 0.3225806451620798 0
0.2580645161284197 0.3548387096782842 0
0.2580645161284197 0.3870967741944885 0
0.2580645161284197 0.4193548387106927 0
0.2580645161284197 0.4516129032268972 0
0.2580645161284197 0.4838709677431016 0
0.2580645161284197 0.5161290322591963 0
0.2580645161284197 0.5483870967751813 0
0.2580645161284197 0.5806451612911662 0
0.2580645161284197 0.6129032258071511 0
0.2580645161284197 0.6451612903231361 0
0.2580645161284197 0.6774193548391212 0
0.2580645161284197 0.709677419355106 0
0.2580645161284197 0.7419354838710911 0
0.2580645161284197 0.7741935483870759 0
0.2580645161284197 0.8064516129030609 0
0.2580645161284197 0.8387096774190458 0
0.2580645161284197 0.8709677419350386 0
0.2580645161284197 0.9032258064512482 0
0.2580645161284197 0.9354838709674989 0
0.2580645161284197 0.9677419354837492 0
0.2903225806444545 0.03225806451620643 0
0.2903225806444544 0.06451612903241072 0
0.2903225806444546 0.09677419354862034 0
0.2903225806444547 0.1290322580648283 0
0.2903225806444545 0.1612903225810257 0
0.2903225806444545 0.1935483870972227 0
0.2903225806444544 0.2258064516134197 0
0.2903225806444546 0.2580645161296167 0
0.2903225806444545 0.2903225806458136 0
0.2903225806444545 0.3225806451620106 0
0.2903225806444545 0.3548387096782077 0
0.2903225806444545 0.3870967741944047 0
0.2903225806444545 0.4193548387106015 0
0.2903225806444545 0.4516129032267986 0
0.2903225806444545 0.4838709677429955 0
0.2903225806444545 0.5161290322590917 0
0.2903225806444545 0.5483870967750866 0
0.2903225806444545 0.5806451612910816 0
0.2903225806444545 0.6129032258070765 0
0.2903225806444545 0.6451612903230712 0
0.2903225806444545 0.6774193548390662 0
0.2903225806444545 0.7096774193550611 0
0.2903225806444545 0.7419354838710559 0
0.2903225806444545 0.774193548387051 0
0.2903225806444545 0.8064516129030458 0
0.2903225806444545 0.8387096774190407 0
0.2903225806444545 0.870967741935043 0
0.2903225806444545 0.9032258064512528 0
0.2903225806444545 0.935483870967502 0
0.2903225806444545 0.967741935483751 0
0.3225806451604894 0.03225806451620012 0
0.3225806451604894 0.06451612903239785 0
0.3225806451604895 0.09677419354860153 0
0.3225806451604894 0.1290322580648033 0
0.3225806451604895 0.1612903225809934 0
0.3225806451604894 0.1935483870971831 0
0.3225806451604894 0.2258064516133726 0
0.3225806451604893 0.2580645161295622 0
0.3225806451604894 0.2903225806457518 0
0.3225806451604893 0.3225806451619415 0
0.3225806451604893 0.3548387096781311 0
0.3225806451604894 0.3870967741943208 0
0.3225806451604893 0.4193548387105103 0
0.3225806451604894 0.4516129032266999 0
0.3225806451604894 0.4838709677428896 0
0.3225806451604894 0.5161290322589869 0
0.3225806451604894 0.5483870967749916 0
0.3225806451604894 0.5806451612909966 0
0.3225806451604894 0.6129032258070014 0
0.3225806451604894 0.6451612903230064 0
0.3225806451604894 0.6774193548390113 0
0.3225806451604894 0.7096774193550163 0
0.3225806451604894 0.741935483871021 0
0.3225806451604894 0.7741935483870261 0
0.3225806451604894 0.8064516129030307 0
0.3225806451604894 0.8387096774190355 0
0.3225806451604894 0.8709677419350474 0
0.3225806451604894 0.9032258064512577 0
0.3225806451604894 0.9354838709675052 0
0.3225806451604894 0.9677419354837526 0
0.3548387096765243 0.03225806451619379 0
0.3548387096765242 0.06451612903238498 0
0.3548387096765243 0.09677419354858272 0
0.3548387096765244 0.1290322580647784 0
0.3548387096765242 0.1612903225809611 0
0.3548387096765243 0.1935483870971434 0
0.3548387096765243 0.2258064516133256 0
0.3548387096765243 0.2580645161295078 0
0.3548387096765243 0.2903225806456901 0
0.3548387096765243 0.3225806451618723 0
0.3548387096765243 0.3548387096780547 0
0.3548387096765243 0.3870967741942369 0
0.3548387096765243 0.419354838710419 0
0.3548387096765243 0.4516129032266013 0
0.3548387096765243 0.4838709677427836 0
0.3548387096765243 0.5161290322588821 0
0.3548387096765243 0.5483870967748971 0
0.3548387096765243 0.5806451612909119 0
0.3548387096765243 0.6129032258069268 0
0.3548387096765243 0.6451612903229416 0
0.3548387096765243 0.6774193548389565 0
0.3548387096765243 0.7096774193549714 0
0.3548387096765243 0.7419354838709863 0
0.3548387096765243 0.7741935483870008 0
0.3548387096765243 0.8064516129030157 0
0.3548387096765243 0.8387096774190307 0
0.3548387096765243 0.8709677419350521 0
0.3548387096765243 0.9032258064512624 0
0.3548387096765243 0.9354838709675082 0
0.3548387096765243 0.9677419354837542 0
0.3870967741925592 0.03225806451618746 0
0.3870967741925592 0.0645161290323721 0
0.3870967741925591 0.0967741935485639 0
0.3870967741925592 0.1290322580647534 0
0.3870967741925592 0.1612903225809288 0
0.3870967741925592 0.1935483870971037 0
0.3870967741925592 0.2258064516132786 0
0.3870967741925591 0.2580645161294534 0
0.3870967741925592 0.2903225806456284 0
0.3870967741925592 0.3225806451618032 0
0.3870967741925592 0.3548387096779781 0
0.3870967741925592 0.387096774194153 0
0.3870967741925592 0.4193548387103277 0
0.3870967741925592 0.4516129032265027 0
0.3870967741925592 0.4838709677426776 0
0.3870967741925592 0.5161290322587775 0
0.3870967741925592 0.5483870967748022 0
0.3870967741925592 0.5806451612908271 0
0.3870967741925592 0.6129032258068517 0
0.3870967741925592 0.6451612903228767 0
0.3870967741925592 0.6774193548389015 0
0.3870967741925592 0.7096774193549266 0
0.3870967741925592 0.7419354838709512 0
0.3870967741925592 0.774193548386976 0
0.3870967741925592 0.8064516129030008 0
0.3870967741925592 0.8387096774190254 0
0.3870967741925592 0.8709677419350568 0
0.3870967741925592 0.9032258064512673 0
0.3870967741925592 0.9354838709675115 0
0.3870967741925592 0.9677419354837558 0
0.419354838708594 0.03225806451618114 0
0.419354838708594 0.06451612903235925 0
0.419354838708594 0.09677419354854505 0
0.419354838708594 0.1290322580647284 0
0.4193548387085941 0.1612903225808965 0
0.419354838708594 0.1935483870970641 0
0.419354838708594 0.2258064516132315 0
0.4193548387085941 0.258064516129399 0
0.4193548387085941 0.2903225806455664 0
0.419354838708594 0.322580645161734 0
0.419354838708594 0.3548387096779016 0
0.419354838708594 0.3870967741940691 0
0.419354838708594 0.4193548387102365 0
0.419354838708594 0.451612903226404 0
0.419354838708594 0.4838709677425715 0
0.419354838708594 0.5161290322586729 0
0.419354838708594 0.5483870967747074 0
0.419354838708594 0.5806451612907423 0
0.419354838708594 0.6129032258067771 0
0.419354838708594 0.6451612903228119 0
0.419354838708594 0.6774193548388469 0
0.419354838708594 0.7096774193548815 0
0.419354838708594 0.7419354838709161 0
0.419354838708594 0.7741935483869511 0
0.419354838708594 0.8064516129029857 0
0.419354838708594 0.8387096774190205 0
0.419354838708594 0.8709677419350612 0
0.419354838708594 0.9032258064512719 0
0.419354838708594 0.9354838709675146 0
0.419354838708594 0.9677419354837573 0
0.451612903224629 0.03225806451617481 0
0.4516129032246289 0.06451612903234637 0
0.4516129032246289 0.09677419354852621 0
0.4516129032246289 0.1290322580647035 0
0.4516129032246288 0.1612903225808642 0
0.4516129032246289 0.1935483870970244 0
0.451612903224629 0.2258064516131845 0
0.451612903224629 0.2580645161293445 0
0.4516129032246289 0.2903225806455048 0
0.4516129032246289 0.322580645161665 0
0.4516129032246289 0.3548387096778252 0
0.451612903224629 0.3870967741939852 0
0.4516129032246289 0.4193548387101452 0
0.4516129032246289 0.4516129032263054 0
0.4516129032246288 0.4838709677424656 0
0.4516129032246289 0.5161290322585681 0
0.4516129032246288 0.5483870967746129 0
0.4516129032246289 0.5806451612906576 0
0.4516129032246289 0.6129032258067021 0
0.4516129032246289 0.6451612903227468 0
0.451612903224629 0.6774193548387918 0
0.451612903224629 0.7096774193548365 0
0.4516129032246288 0.7419354838708814 0
0.451612903224629 0.774193548386926 0
0.4516129032246288 0.8064516129029706 0
0.451612903224629 0.8387096774190154 0
0.4516129032246289 0.8709677419350659 0
0.4516129032246289 0.9032258064512768 0
0.4516129032246289 0.9354838709675178 0
0.4516129032246289 0.9677419354837589 0
0.4838709677406639 0.03225806451616849 0
0.4838709677406638 0.06451612903233352 0
0.4838709677406638 0.09677419354850739 0
0.4838709677406637 0.1290322580646785 0
0.4838709677406637 0.1612903225808319 0
0.4838709677406637 0.1935483870969847 0
0.4838709677406638 0.2258064516131374 0
0.4838709677406638 0.2580645161292901 0
0.4838709677406637 0.290322580645443 0
0.4838709677406637 0.3225806451615958 0
0.4838709677406637 0.3548387096777486 0
0.4838709677406638 0.3870967741939013 0
0.4838709677406637 0.419354838710054 0
0.4838709677406638 0.4516129032262068 0
0.4838709677406638 0.4838709677423596 0
0.4838709677406638 0.5161290322584633 0
0.4838709677406637 0.548387096774518 0
0.4838709677406638 0.5806451612905728 0
0.4838709677406637 0.6129032258066275 0
0.4838709677406638 0.645161290322682 0
0.4838709677406638 0.6774193548387371 0
0.4838709677406638 0.7096774193547917 0
0.4838709677406639 0.7419354838708465 0
0.4838709677406638 0.7741935483869009 0
0.4838709677406637 0.8064516129029558 0
0.4838709677406639 0.8387096774190104 0
0.4838709677406639 0.8709677419350703 0
0.4838709677406637 0.9032258064512815 0
0.4838709677406638 0.9354838709675208 0
0.4838709677406638 0.9677419354837604 0
0.5161290322567883 0.03225806451616218 0
0.5161290322567883 0.06451612903232064 0
0.5161290322567883 0.09677419354848857 0
0.5161290322567883 0.1290322580646535 0
0.5161290322567883 0.1612903225807996 0
0.5161290322567883 0.1935483870969451 0
0.5161290322567883 0.2258064516130904 0
0.5161290322567883 0.2580645161292358 0
0.5161290322567883 0.2903225806453812 0
0.5161290322567883 0.3225806451615266 0
0.5161290322567883 0.3548387096776721 0
0.5161290322567883 0.3870967741938175 0
0.5161290322567883 0.4193548387099628 0
0.5161290322567883 0.4516129032261083 0
0.5161290322567883 0.4838709677422536 0
0.5161290322567883 0.5161290322583587 0
0.5161290322567883 0.5483870967744232 0
0.5161290322567883 0.5806451612904878 0
0.5161290322567883 0.6129032258065529 0
0.5161290322567883 0.6451612903226174 0
0.5161290322567883 0.6774193548386821 0
0.5161290322567883 0.7096774193547467 0
0.5161290322567883 0.7419354838708113 0
0.5161290322567883 0.774193548386876 0
0.5161290322567883 0.8064516129029407 0
0.5161290322567883 0.8387096774190054 0
0.5161290322567883 0.870967741935075 0
0.5161290322567883 0.9032258064512861 0
0.5161290322567883 0.9354838709675242 0
0.5161290322567883 0.9677419354837622 0
0.5483870967730027 0.03225806451615585 0
0.5483870967730025 0.06451612903230776 0
0.5483870967730027 0.09677419354846975 0
0.5483870967730025 0.1290322580646286 0
0.5483870967730025 0.1612903225807673 0
0.5483870967730025 0.1935483870969054 0
0.5483870967730025 0.2258064516130434 0
0.5483870967730025 0.2580645161291813 0
0.5483870967730025 0.2903225806453194 0
0.5483870967730025 0.3225806451614575 0
0.5483870967730025 0.3548387096775955 0
0.5483870967730025 0.3870967741937336 0
0.5483870967730025 0.4193548387098714 0
0.5483870967730025 0.4516129032260096 0
0.5483870967730025 0.4838709677421477 0
0.5483870967730025 0.5161290322582541 0
0.5483870967730025 0.5483870967743286 0
0.5483870967730025 0.5806451612904034 0
0.5483870967730025 0.6129032258064778 0
0.5483870967730025 0.6451612903225523 0
0.5483870967730025 0.677419354838627 0
0.5483870967730025 0.7096774193547019 0
0.5483870967730025 0.7419354838707765 0
0.5483870967730025 0.7741935483868512 0
0.5483870967730025 0.8064516129029256 0
0.5483870967730025 0.838709677419 0
0.5483870967730025 0.8709677419350796 0
0.5483870967730025 0.903225806451291 0
0.5483870967730025 0.9354838709675273 0
0.5483870967730025 0.9677419354837637 0
0.5806451612892165 0.03225806451614952 0
0.5806451612892165 0.06451612903229488 0
0.5806451612892165 0.09677419354845093 0
0.5806451612892165 0.1290322580646036 0
0.5806451612892165 0.161290322580735 0
0.5806451612892165 0.1935483870968657 0
0.5806451612892165 0.2258064516129963 0
0.5806451612892165 0.2580645161291269 0
0.5806451612892165 0.2903225806452576 0
0.5806451612892165 0.3225806451613882 0
0.5806451612892165 0.354838709677519 0
0.5806451612892165 0.3870967741936496 0
0.5806451612892165 0.4193548387097803 0
0.5806451612892165 0.451612903225911 0
0.5806451612892165 0.4838709677420416 0
0.5806451612892165 0.5161290322581493 0
0.5806451612892165 0.548387096774234 0
0.5806451612892165 0.5806451612903186 0
0.5806451612892165 0.6129032258064032 0
0.5806451612892165 0.6451612903224877 0
0.5806451612892165 0.6774193548385724 0
0.5806451612892165 0.709677419354657 0
0.5806451612892165 0.7419354838707416 0
0.5806451612892165 0.7741935483868261 0
0.5806451612892165 0.8064516129029107 0
0.5806451612892165 0.8387096774189952 0
0.5806451612892165 0.8709677419350841 0
0.5806451612892165 0.9032258064512959 0
0.5806451612892165 0.9354838709675306 0
0.5806451612892165 0.9677419354837653 0
0.6129032258054304 0.03225806451614321 0
0.6129032258054307 0.064516129032282 0
0.6129032258054306 0.09677419354843209 0
0.6129032258054308 0.1290322580645786 0
0.6129032258054306 0.1612903225807027 0
0.6129032258054307 0.193548387096826 0
0.6129032258054307 0.2258064516129493 0
0.6129032258054307 0.2580645161290725 0
0.6129032258054308 0.2903225806451958 0
0.6129032258054307 0.3225806451613192 0
0.6129032258054307 0.3548387096774425 0
0.6129032258054307 0.3870967741935658 0
0.6129032258054307 0.419354838709689 0
0.6129032258054307 0.4516129032258124 0
0.6129032258054307 0.4838709677419357 0
0.6129032258054307 0.5161290322580445 0
0.6129032258054307 0.5483870967741392 0
0.6129032258054307 0.5806451612902338 0
0.6129032258054307 0.6129032258063282 0
0.6129032258054307 0.6451612903224226 0
0.6129032258054307 0.6774193548385173 0
0.6129032258054307 0.7096774193546121 0
0.6129032258054307 0.7419354838707065 0
0.6129032258054307 0.774193548386801 0
0.6129032258054307 0.8064516129028956 0
0.6129032258054308 0.8387096774189902 0
0.6129032258054307 0.8709677419350887 0
0.6129032258054307 0.9032258064513006 0
0.6129032258054307 0.9354838709675337 0
0.6129032258054307 0.9677419354837669 0
0.6451612903216447 0.03225806451613689 0
0.6451612903216445 0.06451612903226912 0
0.6451612903216447 0.09677419354841327 0
0.6451612903216447 0.1290322580645536 0
0.6451612903216448 0.1612903225806704 0
0.6451612903216446 0.1935483870967863 0
0.6451612903216447 0.2258064516129022 0
0.6451612903216446 0.2580645161290181 0
0.6451612903216448 0.2903225806451341 0
0.6451612903216447 0.32258064516125 0
0.6451612903216447 0.3548387096773659 0
0.6451612903216447 0.3870967741934819 0
0.6451612903216447 0.4193548387095978 0
0.6451612903216447 0.4516129032257137 0
0.6451612903216447 0.4838709677418297 0
0.6451612903216447 0.5161290322579399 0
0.6451612903216447 0.5483870967740444 0
0.6451612903216447 0.580645161290149 0
0.6451612903216447 0.6129032258062536 0
0.6451612903216447 0.645161290322358 0
0.6451612903216447 0.6774193548384627 0
0.6451612903216447 0.7096774193545671 0
0.6451612903216447 0.7419354838706714 0
0.6451612903216447 0.7741935483867761 0
0.6451612903216447 0.8064516129028807 0
0.6451612903216447 0.8387096774189849 0
0.6451612903216447 0.8709677419350932 0
0.6451612903216447 0.9032258064513052 0
0.6451612903216447 0.9354838709675368 0
0.6451612903216447 0.9677419354837684 0
0.6774193548378589 0.03225806451613056 0
0.6774193548378589 0.06451612903225627 0
0.6774193548378589 0.09677419354839442 0
0.6774193548378589 0.1290322580645286 0
0.6774193548378589 0.1612903225806381 0
0.6774193548378589 0.1935483870967467 0
0.6774193548378589 0.2258064516128552 0
0.6774193548378589 0.2580645161289637 0
0.6774193548378589 0.2903225806450724 0
0.6774193548378589 0.3225806451611808 0
0.6774193548378591 0.3548387096772895 0
0.6774193548378589 0.3870967741933981 0
0.6774193548378589 0.4193548387095065 0
0.6774193548378589 0.4516129032256151 0
0.6774193548378589 0.4838709677417237 0
0.6774193548378589 0.5161290322578354 0
0.6774193548378589 0.5483870967739498 0
0.6774193548378589 0.5806451612900642 0
0.6774193548378589 0.6129032258061787 0
0.6774193548378589 0.645161290322293 0
0.6774193548378589 0.6774193548384077 0
0.6774193548378589 0.709677419354522 0
0.6774193548378589 0.7419354838706366 0
0.6774193548378589 0.774193548386751 0
0.6774193548378589 0.8064516129028656 0
0.6774193548378589 0.8387096774189801 0
0.6774193548378589 0.8709677419350979 0
0.6774193548378589 0.9032258064513101 0
0.6774193548378589 0.9354838709675402 0
0.6774193548378589 0.96774193548377 0
0.7096774193540729 0.03225806451612424 0
0.709677419354073 0.06451612903224342 0
0.709677419354073 0.0967741935483756 0
0.709677419354073 0.1290322580645037 0
0.709677419354073 0.1612903225806058 0
0.7096774193540729 0.193548387096707 0
0.709677419354073 0.2258064516128082 0
0.7096774193540731 0.2580645161289093 0
0.7096774193540728 0.2903225806450105 0
0.709677419354073 0.3225806451611118 0
0.7096774193540729 0.3548387096772129 0
0.7096774193540728 0.3870967741933141 0
0.7096774193540732 0.4193548387094153 0
0.709677419354073 0.4516129032255165 0
0.709677419354073 0.4838709677416176 0
0.709677419354073 0.5161290322577305 0
0.709677419354073 0.548387096773855 0
0.709677419354073 0.5806451612899793 0
0.709677419354073 0.6129032258061039 0
0.709677419354073 0.6451612903222281 0
0.709677419354073 0.6774193548383528 0
0.709677419354073 0.7096774193544771 0
0.709677419354073 0.7419354838706017 0
0.709677419354073 0.7741935483867262 0
0.7096774193540729 0.8064516129028505 0
0.709677419354073 0.838709677418975 0
0.709677419354073 0.8709677419351025 0
0.709677419354073 0.903225806451315 0
0.709677419354073 0.935483870967543 0
0.709677419354073 0.9677419354837715 0
0.7419354838702871 0.03225806451611791 0
0.7419354838702868 0.06451612903223054 0
0.7419354838702871 0.09677419354835678 0
0.741935483870287 0.1290322580644787 0
0.7419354838702868 0.1612903225805735 0
0.741935483870287 0.1935483870966673 0
0.7419354838702871 0.2258064516127611 0
0.7419354838702872 0.2580645161288549 0
0.7419354838702872 0.2903225806449487 0
0.7419354838702872 0.3225806451610425 0
0.7419354838702873 0.3548387096771364 0
0.7419354838702871 0.3870967741932302 0
0.7419354838702871 0.419354838709324 0
0.7419354838702871 0.4516129032254179 0
0.7419354838702871 0.4838709677415117 0
0.7419354838702873 0.5161290322576257 0
0.7419354838702868 0.5483870967737602 0
0.7419354838702871 0.5806451612898945 0
0.7419354838702871 0.6129032258060291 0
0.7419354838702871 0.6451612903221635 0
0.741935483870287 0.6774193548382981 0
0.7419354838702871 0.7096774193544323 0
0.7419354838702871 0.7419354838705666 0
0.7419354838702872 0.7741935483867011 0
0.7419354838702871 0.8064516129028354 0
0.7419354838702871 0.8387096774189698 0
0.7419354838702872 0.870967741935107 0
0.7419354838702871 0.9032258064513197 0
0.7419354838702871 0.9354838709675464 0
0.7419354838702871 0.9677419354837733 0
0.7741935483865012 0.03225806451611159 0
0.7741935483865012 0.06451612903221766 0
0.7741935483865012 0.09677419354833797 0
0.7741935483865013 0.1290322580644538 0
0.7741935483865012 0.1612903225805412 0
0.7741935483865011 0.1935483870966276 0
0.7741935483865012 0.2258064516127141 0
0.7741935483865012 0.2580645161288005 0
0.7741935483865012 0.290322580644887 0
0.7741935483865013 0.3225806451609735 0
0.7741935483865012 0.35483870967706 0
0.7741935483865012 0.3870967741931464 0
0.7741935483865012 0.4193548387092328 0
0.7741935483865012 0.4516129032253192 0
0.7741935483865012 0.4838709677414057 0
0.7741935483865012 0.5161290322575212 0
0.7741935483865012 0.5483870967736656 0
0.7741935483865012 0.5806451612898097 0
0.7741935483865012 0.6129032258059542 0
0.7741935483865012 0.6451612903220985 0
0.7741935483865012 0.6774193548382429 0
0.7741935483865012 0.7096774193543874 0
0.7741935483865012 0.7419354838705318 0
0.7741935483865012 0.7741935483866762 0
0.7741935483865012 0.8064516129028205 0
0.7741935483865012 0.8387096774189648 0
0.7741935483865012 0.8709677419351116 0
0.7741935483865012 0.9032258064513243 0
0.7741935483865012 0.9354838709675495 0
0.7741935483865012 0.9677419354837749 0
0.8064516129027154 0.03225806451610527 0
0.8064516129027154 0.06451612903220479 0
0.8064516129027153 0.09677419354831912 0
0.8064516129027154 0.1290322580644288 0
0.8064516129027154 0.1612903225805089 0
0.8064516129027156 0.193548387096588 0
0.8064516129027152 0.225806451612667 0
0.8064516129027154 0.2580645161287461 0
0.8064516129027155 0.2903225806448252 0
0.8064516129027156 0.3225806451609043 0
0.8064516129027152 0.3548387096769834 0
0.8064516129027156 0.3870967741930625 0
0.8064516129027154 0.4193548387091416 0
0.8064516129027154 0.4516129032252206 0
0.8064516129027154 0.4838709677412997 0
0.8064516129027154 0.5161290322574166 0
0.8064516129027156 0.5483870967735708 0
0.8064516129027154 0.5806451612897251 0
0.8064516129027152 0.6129032258058796 0
0.8064516129027152 0.6451612903220336 0
0.8064516129027156 0.6774193548381883 0
0.8064516129027154 0.7096774193543426 0
0.8064516129027156 0.7419354838704969 0
0.8064516129027154 0.7741935483866511 0
0.8064516129027154 0.8064516129028056 0
0.8064516129027154 0.8387096774189596 0
0.8064516129027154 0.8709677419351163 0
0.8064516129027154 0.9032258064513292 0
0.8064516129027154 0.9354838709675528 0
0.8064516129027154 0.9677419354837764 0
0.8387096774189294 0.03225806451609895 0
0.8387096774189292 0.06451612903219191 0
0.8387096774189293 0.0967741935483003 0
0.8387096774189294 0.1290322580644038 0
0.8387096774189297 0.1612903225804766 0
0.8387096774189294 0.1935483870965483 0
0.8387096774189294 0.22580645161262 0
0.8387096774189294 0.2580645161286917 0
0.8387096774189297 0.2903225806447634 0
0.8387096774189295 0.3225806451608351 0
0.8387096774189294 0.3548387096769069 0
0.8387096774189292 0.3870967741929786 0
0.8387096774189294 0.4193548387090503 0
0.8387096774189294 0.451612903225122 0
0.8387096774189294 0.4838709677411938 0
0.8387096774189294 0.5161290322573118 0
0.8387096774189294 0.548387096773476 0
0.8387096774189294 0.5806451612896405 0
0.8387096774189293 0.6129032258058046 0
0.8387096774189297 0.6451612903219688 0
0.8387096774189294 0.6774193548381332 0
0.8387096774189294 0.7096774193542977 0
0.8387096774189294 0.7419354838704618 0
0.8387096774189293 0.774193548386626 0
0.8387096774189293 0.8064516129027905 0
0.8387096774189294 0.8387096774189547 0
0.8387096774189295 0.8709677419351207 0
0.8387096774189294 0.9032258064513339 0
0.8387096774189294 0.9354838709675559 0
0.8387096774189294 0.967741935483778 0
0.8709677419351436 0.03225806451609262 0
0.8709677419351436 0.06451612903217903 0
0.8709677419351434 0.09677419354828148 0
0.8709677419351436 0.1290322580643788 0
0.8709677419351437 0.1612903225804443 0
0.8709677419351438 0.1935483870965086 0
0.8709677419351436 0.225806451612573 0
0.8709677419351436 0.2580645161286373 0
0.8709677419351436 0.2903225806447017 0
0.8709677419351434 0.322580645160766 0
0.8709677419351436 0.3548387096768303 0
0.8709677419351436 0.3870967741928947 0
0.8709677419351434 0.4193548387089591 0
0.8709677419351436 0.4516129032250235 0
0.8709677419351436 0.4838709677410877 0
0.8709677419351436 0.516129032257207 0
0.8709677419351436 0.5483870967733814 0
0.8709677419351436 0.5806451612895557 0
0.8709677419351436 0.61290322580573 0
0.8709677419351436 0.6451612903219039 0
0.8709677419351436 0.6774193548380784 0
0.8709677419351436 0.7096774193542527 0
0.8709677419351436 0.7419354838704267 0
0.8709677419351436 0.7741935483866011 0
0.8709677419351436 0.8064516129027754 0
0.8709677419351436 0.83870967741895 0
0.8709677419351436 0.8709677419351252 0
0.8709677419351436 0.9032258064513385 0
0.8709677419351436 0.935483870967559 0
0.8709677419351436 0.9677419354837795 0
0.9032258064513576 0.03225806451608629 0
0.9032258064513577 0.06451612903216615 0
0.9032258064513575 0.09677419354826264 0
0.9032258064513576 0.1290322580643538 0
0.9032258064513579 0.161290322580412 0
0.9032258064513579 0.193548387096469 0
0.9032258064513577 0.2258064516125259 0
0.9032258064513579 0.2580645161285829 0
0.9032258064513579 0.2903225806446398 0
0.9032258064513579 0.3225806451606968 0
0.9032258064513577 0.3548387096767538 0
0.9032258064513575 0.3870967741928109 0
0.9032258064513577 0.4193548387088678 0
0.9032258064513577 0.4516129032249248 0
0.9032258064513575 0.4838709677409817 0
0.9032258064513577 0.5161290322571024 0
0.9032258064513575 0.5483870967732868 0
0.9032258064513576 0.5806451612894709 0
0.9032258064513577 0.6129032258056551 0
0.9032258064513577 0.6451612903218391 0
0.9032258064513576 0.6774193548380235 0
0.9032258064513577 0.7096774193542078 0
0.9032258064513577 0.7419354838703921 0
0.9032258064513577 0.7741935483865763 0
0.9032258064513579 0.8064516129027604 0
0.9032258064513577 0.8387096774189445 0
0.903225806451358 0.8709677419351298 0
0.9032258064513576 0.9032258064513434 0
0.9032258064513577 0.9354838709675621 0
0.9032258064513579 0.9677419354837813 0
0.935483870967572 0.03225806451607998 0
0.9354838709675716 0.0645161290321533 0
0.935483870967572 0.09677419354824382 0
0.9354838709675718 0.1290322580643289 0
0.9354838709675719 0.1612903225803797 0
0.9354838709675718 0.1935483870964292 0
0.9354838709675718 0.2258064516124789 0
0.9354838709675717 0.2580645161285285 0
0.9354838709675719 0.2903225806445781 0
0.9354838709675718 0.3225806451606277 0
0.9354838709675717 0.3548387096766774 0
0.935483870967572 0.3870967741927269 0
0.9354838709675716 0.4193548387087765 0
0.9354838709675719 0.4516129032248262 0
0.9354838709675718 0.4838709677408758 0
0.9354838709675716 0.5161290322569978 0
0.9354838709675717 0.548387096773192 0
0.9354838709675717 0.580645161289386 0
0.9354838709675716 0.6129032258055803 0
0.9354838709675717 0.6451612903217743 0
0.9354838709675719 0.6774193548379687 0
0.9354838709675718 0.7096774193541627 0
0.9354838709675717 0.741935483870357 0
0.9354838709675718 0.7741935483865512 0
0.9354838709675718 0.8064516129027453 0
0.935483870967572 0.8387096774189396 0
0.9354838709675718 0.8709677419351345 0
0.9354838709675718 0.9032258064513483 0
0.9354838709675718 0.9354838709675655 0
0.9354838709675718 0.9677419354837826 0
0.9677419354837862 0.03225806451607365 0
0.967741935483786 0.06451612903214042 0
0.9677419354837862 0.096774193548225 0
0.967741935483786 0.1290322580643039 0
0.967741935483786 0.1612903225803474 0
0.967741935483786 0.1935483870963896 0
0.9677419354837857 0.2258064516124318 0
0.9677419354837858 0.2580645161284741 0
0.967741935483786 0.2903225806445163 0
0.967741935483786 0.3225806451605586 0
0.9677419354837861 0.3548387096766009 0
0.967741935483786 0.3870967741926431 0
0.967741935483786 0.4193548387086853 0
0.967741935483786 0.4516129032247276 0
0.967741935483786 0.4838709677407698 0
0.967741935483786 0.516129032256893 0
0.967741935483786 0.5483870967730972 0
0.967741935483786 0.5806451612893012 0
0.967741935483786 0.6129032258055055 0
0.967741935483786 0.6451612903217094 0
0.967741935483786 0.6774193548379138 0
0.967741935483786 0.7096774193541179 0
0.967741935483786 0.7419354838703219 0
0.967741935483786 0.7741935483865261 0
0.967741935483786 0.8064516129027304 0
0.967741935483786 0.8387096774189343 0
0.967741935483786 0.8709677419351389 0
0.967741935483786 0.903225806451353 0
0.967741935483786 0.9354838709675686 0
0.967741935483786 0.9677419354837844 0
2 2 0 900
1147
1148
1149
1150
1151
1152
1153
1154
1155
1156
1157
1158
1159
1160
1161
1162
1163
1164
1165
1166
1167
1168
1169
1170
1171
1172
1173
1174
1175
1176
1177
1178
1179
1180
1181
1182
1183
1184
1185
1186
1187
1188
1189
1190
1191
1192
1193
1194
1195
1196
1197
1198
1199
1200
1201
1202
1203
1204
1205
1206
1207
1208
1209
1210
1211
1212
1213
1214
1215
1216
1217
1218
1219
1220
1221
1222
1223
1224
1225
1226
1227
1228
1229
1230
1231
1232
1233
1234
1235
1236
1237
1238
1239
1240
1241
1242
1243
1244
1245
1246
1247
1248
1249
1250
1251
1252
1253
1254
1255
1256
1257
1258
1259
1260
1261
1262
1263
1264
1265
1266
1267
1268
1269
1270
1271
1272
1273
1274
1275
1276
1277
1278
1279
1280
1281
1282
1283
1284
1285
1286
1287
1288
1289
1290
1291
1292
1293
1294
1295
1296
1297
1298
1299
1300
1301
1302
1303
1304
1305
1306
1307
1308
1309
1310
1311
1312
1313
1314
1315
1316
1317
1318
1319
1320
1321
1322
1323
1324
1325
1326
1327
1328
1329
1330
1331
1332
1333
1334
1335
1336
1337
1338
1339
1340
1341
1342
1343
1344
1345
1346
1347
1348
1349
1350
1351
1352
1353
1354
1355
1356
1357
1358
1359
1360
1361
1362
1363
1364
1365
1366
1367
1368
1369
1370
1371
1372
1373
1374
1375
1376
1377
1378
1379
1380
1381
1382
1383
1384
1385
1386
1387
1388
1389
1390
1391
1392
1393
1394
1395
1396
1397
1398
1399
1400
1401
1402
1403
1404
1405
1406
1407
1408
1409
1410
1411
1412
1413
1414
1415
1416
1417
1418
1419
1420
1421
1422
1423
1424
1425
1426
1427
1428
1429
1430
1431
1432
1433
1434
1435
1436
1437
1438
1439
1440
1441
1442
1443
1444
1445
1446
1447
1448
1449
1450
1451
1452
1453
1454
1455
1456
1457
1458
1459
1460
1461
1462
1463
1464
1465
1466
1467
1468
1469
1470
1471
1472
1473
1474
1475
1476
1477
1478
1479
1480
1481
1482
1483
1484
1485
1486
1487
1488
1489
1490
1491
1492
1493
1494
1495
1496
1497
1498
1499
1500
1501
1502
1503
1504
1505
1506
1507
1508
1509
1510
1511
1512
1513
1514
1515
1516
1517
1518
1519
1520
1521
1522
1523
1524
1525
1526
1527
1528
1529
1530
1531
1532
1533
1534
1535
1536
1537
1538
1539
1540
1541
1542
1543
1544
1545
1546
1547
1548
1549
1550
1551
1552
1553
1554
1555
1556
1557
1558
1559
1560
1561
1562
1563
1564
1565
1566
1567
1568
1569
1570
1571
1572
1573
1574
1575
1576
1577
1578
1579
1580
1581
1582
1583
1584
1585
1586
1587
1588
1589
1590
1591
1592
1593
1594
1595
1596
1597
1598
1599
1600
1601
1602
1603
1604
1605
1606
1607
1608
1609
1610
1611
1612
1613
1614
1615
1616
1617
1618
1619
1620
1621
1622
1623
1624
1625
1626
1627
1628
1629
1630
1631
1632
1633
1634
1635
1636
1637
1638
1639
1640
1641
1642
1643
1644
1645
1646
1647
1648
1649
1650
1651
1652
1653
1654
1655
1656
1657
1658
1659
1660
1661
1662
1663
1664
1665
1666
1667
1668
1669
1670
1671
1672
1673
1674
1675
1676
1677
1678
1679
1680
1681
1682
1683
1684
1685
1686
1687
1688
1689
1690
1691
1692
1693
1694
1695
1696
1697
1698
1699
1700
1701
1702
1703
1704
1705
1706
1707
1708
1709
1710
1711
1712
1713
1714
1715
1716
1717
1718
1719
1720
1721
1722
1723
1724
1725
1726
1727
1728
1729
1730
1731
1732
1733
1734
1735
1736
1737
1738
1739
1740
1741
1742
1743
1744
1745
1746
1747
1748
1749
1750
1751
1752
1753
1754
1755
1756
1757
1758
1759
1760
1761
1762
1763
1764
1765
1766
1767
1768
1769
1770
1771
1772
1773
1774
1775
1776
1777
1778
1779
1780
1781
1782
1783
1784
1785
1786
1787
1788
1789
1790
1791
1792
1793
1794
1795
1796
1797
1798
1799
1800
1801
1802
1803
1804
1805
1806
1807
1808
1809
1810
1811
1812
1813
1814
1815
1816
1817
1818
1819
1820
1821
1822
1823
1824
1825
1826
1827
1828
1829
1830
1831
1832
1833
1834
1835
1836
1837
1838
1839
1840
1841
1842
1843
1844
1845
1846
1847
1848
1849
1850
1851
1852
1853
1854
1855
1856
1857
1858
1859
1860
1861
1862
1863
1864
1865
1866
1867
1868
1869
1870
1871
1872
1873
1874
1875
1876
1877
1878
1879
1880
1881
1882
1883
1884
1885
1886
1887
1888
1889
1890
1891
1892
1893
1894
1895
1896
1897
1898
1899
1900
1901
1902
1903
1904
1905
1906
1907
1908
1909
1910
1911
1912
1913
1914
1915
1916
1917
1918
1919
1920
1921
1922
1923
1924
1925
1926
1927
1928
1929
1930
1931
1932
1933
1934
1935
1936
1937
1938
1939
1940
1941
1942
1943
1944
1945
1946
1947
1948
1949
1950
1951
1952
1953
1954
1955
1956
1957
1958
1959
1960
1961
1962
1963
1964
1965
1966
1967
1968
1969
1970
1971
1972
1973
1974
1975
1976
1977
1978
1979
1980
1981
1982
1983
1984
1985
1986
1987
1988
1989
1990
1991
1992
1993
1994
1995
1996
1997
1998
1999
2000
2001
2002
2003
2004
2005
2006
2007
2008
2009
2010
2011
2012
2013
2014
2015
2016
2017
2018
2019
2020
2021
2022
2023
2024
2025
2026
2027
2028
2029
2030
2031
2032
2033
2034
2035
2036
2037
2038
2039
2040
2041
2042
2043
2044
2045
2046
0.03225806451607365 1.032258064516129 0
0.03225806451607998 1.064516129032258 0
0.03225806451608629 1.096774193548387 0
0.03225806451609262 1.129032258064516 0
0.03225806451609895 1.161290322580645 0
0.03225806451610528 1.193548387096774 0
0.03225806451611159 1.225806451612903 0
0.03225806451611791 1.258064516129032 0
0.03225806451612424 1.290322580645161 0
0.03225806451613056 1.32258064516129 0
0.03225806451613688 1.354838709677419 0
0.03225806451614321 1.387096774193548 0
0.03225806451614952 1.419354838709677 0
0.03225806451615585 1.451612903225806 0
0.03225806451616218 1.483870967741935 0
0.03225806451616851 1.516129032258065 0
0.03225806451617482 1.548387096774194 0
0.03225806451618114 1.580645161290322 0
0.03225806451618746 1.612903225806452 0
0.03225806451619379 1.645161290322581 0
0.03225806451620011 1.67741935483871 0
0.03225806451620643 1.709677419354839 0
0.03225806451621276 1.741935483870968 0
0.03225806451621908 1.774193548387097 0
0.03225806451622541 1.806451612903226 0
0.03225806451623172 1.838709677419355 0
0.03225806451623805 1.870967741935484 0
0.03225806451624436 1.903225806451613 0
0.03225806451625069 1.935483870967742 0
0.03225806451625702 1.967741935483871 0
0.06451612903214042 1.032258064516129 0
0.0645161290321533 1.064516129032258 0
0.06451612903216618 1.096774193548387 0
0.06451612903217906 1.129032258064516 0
0.06451612903219191 1.161290322580645 0
0.06451612903220479 1.193548387096774 0
0.06451612903221766 1.225806451612903 0
0.06451612903223052 1.258064516129032 0
0.06451612903224339 1.290322580645161 0
0.06451612903225627 1.32258064516129 0
0.06451612903226915 1.354838709677419 0
0.064516129032282 1.387096774193548 0
0.06451612903229488 1.419354838709677 0
0.06451612903230776 1.451612903225806 0
0.06451612903232064 1.483870967741935 0
0.06451612903233349 1.516129032258065 0
0.06451612903234637 1.548387096774194 0
0.06451612903235925 1.580645161290323 0
0.0645161290323721 1.612903225806452 0
0.06451612903238498 1.645161290322581 0
0.06451612903239785 1.67741935483871 0
0.06451612903241073 1.709677419354839 0
0.06451612903242361 1.741935483870968 0
0.06451612903243649 1.774193548387097 0
0.06451612903244934 1.806451612903226 0
0.06451612903246222 1.838709677419355 0
0.0645161290324751 1.870967741935484 0
0.06451612903248795 1.903225806451613 0
0.06451612903250083 1.935483870967742 0
0.06451612903251371 1.967741935483871 0
0.096774193548225 1.032258064516129 0
0.09677419354824382 1.064516129032258 0
0.09677419354826267 1.096774193548387 0
0.09677419354828146 1.129032258064516 0
0.09677419354830033 1.161290322580645 0
0.09677419354831912 1.193548387096774 0
0.09677419354833797 1.225806451612903 0
0.09677419354835678 1.258064516129032 0
0.0967741935483756 1.290322580645161 0
0.09677419354839445 1.32258064516129 0
0.09677419354841324 1.354838709677419 0
0.09677419354843211 1.387096774193548 0
0.09677419354845093 1.419354838709677 0
0.09677419354846975 1.451612903225806 0
0.09677419354848857 1.483870967741935 0
0.09677419354850739 1.516129032258065 0
0.09677419354852621 1.548387096774194 0
0.09677419354854508 1.580645161290323 0
0.0967741935485639 1.612903225806452 0
0.09677419354858272 1.645161290322581 0
0.09677419354860153 1.677419354838709 0
0.09677419354862035 1.709677419354839 0
0.09677419354863917 1.741935483870968 0
0.09677419354865799 1.774193548387097 0
0.09677419354867683 1.806451612903226 0
0.09677419354869565 1.838709677419355 0
0.0967741935487145 1.870967741935484 0
0.09677419354873332 1.903225806451613 0
0.09677419354875214 1.935483870967742 0
0.09677419354877095 1.967741935483871 0
0.1290322580643039 1.032258064516129 0
0.1290322580643289 1.064516129032258 0
0.1290322580643538 1.096774193548387 0
0.1290322580643788 1.129032258064516 0
0.1290322580644038 1.161290322580645 0
0.1290322580644288 1.193548387096774 0
0.1290322580644538 1.225806451612903 0
0.1290322580644787 1.258064516129032 0
0.1290322580645037 1.290322580645161 0
0.1290322580645286 1.32258064516129 0
0.1290322580645536 1.354838709677419 0
0.1290322580645786 1.387096774193548 0
0.1290322580646036 1.419354838709677 0
0.1290322580646286 1.451612903225806 0
0.1290322580646535 1.483870967741935 0
0.1290322580646785 1.516129032258065 0
0.1290322580647034 1.548387096774194 0
0.1290322580647285 1.580645161290323 0
0.1290322580647534 1.612903225806452 0
0.1290322580647784 1.645161290322581 0
0.1290322580648034 1.67741935483871 0
0.1290322580648283 1.709677419354839 0
0.1290322580648533 1.741935483870968 0
0.1290322580648783 1.774193548387097 0
0.1290322580649033 1.806451612903226 0
0.1290322580649283 1.838709677419355 0
0.1290322580649532 1.870967741935484 0
0.1290322580649782 1.903225806451613 0
0.1290322580650032 1.935483870967742 0
0.1290322580650282 1.967741935483871 0
0.1612903225803474 1.032258064516129 0
0.1612903225803797 1.064516129032258 0
0.161290322580412 1.096774193548387 0
0.1612903225804443 1.129032258064516 0
0.1612903225804766 1.161290322580645 0
0.1612903225805088 1.193548387096774 0
0.1612903225805412 1.225806451612903 0
0.1612903225805735 1.258064516129032 0
0.1612903225806058 1.290322580645161 0
0.1612903225806381 1.32258064516129 0
0.1612903225806704 1.354838709677419 0
0.1612903225807027 1.387096774193548 0
0.161290322580735 1.419354838709677 0
0.1612903225807673 1.451612903225806 0
0.1612903225807996 1.483870967741935 0
0.1612903225808319 1.516129032258065 0
0.1612903225808642 1.548387096774194 0
0.1612903225808965 1.580645161290323 0
0.1612903225809288 1.612903225806452 0
0.1612903225809611 1.645161290322581 0
0.1612903225809934 1.67741935483871 0
0.1612903225810257 1.709677419354838 0
0.161290322581058 1.741935483870968 0
0.1612903225810904 1.774193548387097 0
0.1612903225811226 1.806451612903226 0
0.161290322581155 1.838709677419354 0
0.1612903225811873 1.870967741935484 0
0.1612903225812196 1.903225806451613 0
0.1612903225812519 1.935483870967742 0
0.1612903225812842 1.967741935483871 0
0.1935483870963896 1.032258064516129 0
0.1935483870964292 1.064516129032258 0
0.1935483870964689 1.096774193548387 0
0.1935483870965086 1.129032258064516 0
0.1935483870965483 1.161290322580645 0
0.193548387096588 1.193548387096774 0
0.1935483870966277 1.225806451612903 0
0.1935483870966674 1.258064516129032 0
0.193548387096707 1.290322580645161 0
0.1935483870967467 1.32258064516129 0
0.1935483870967863 1.354838709677419 0
0.193548387096826 1.387096774193548 0
0.1935483870968657 1.419354838709677 0
0.1935483870969054 1.451612903225806 0
0.1935483870969451 1.483870967741935 0
0.1935483870969847 1.516129032258065 0
0.1935483870970244 1.548387096774194 0
0.1935483870970641 1.580645161290323 0
0.1935483870971038 1.612903225806452 0
0.1935483870971434 1.645161290322581 0
0.1935483870971831 1.677419354838709 0
0.1935483870972227 1.709677419354839 0
0.1935483870972624 1.741935483870968 0
0.1935483870973021 1.774193548387097 0
0.1935483870973418 1.806451612903226 0
0.1935483870973815 1.838709677419355 0
0.1935483870974211 1.870967741935484 0
0.1935483870974608 1.903225806451613 0
0.1935483870975005 1.935483870967742 0
0.1935483870975401 1.967741935483871 0
0.2258064516124318 1.032258064516129 0
0.2258064516124789 1.064516129032258 0
0.2258064516125259 1.096774193548387 0
0.225806451612573 1.129032258064516 0
0.22580645161262 1.161290322580645 0
0.2258064516126671 1.193548387096774 0
0.2258064516127141 1.225806451612903 0
0.2258064516127611 1.258064516129032 0
0.2258064516128082 1.290322580645161 0
0.2258064516128552 1.32258064516129 0
0.2258064516129023 1.354838709677419 0
0.2258064516129493 1.387096774193548 0
0.2258064516129963 1.419354838709677 0
0.2258064516130434 1.451612903225806 0
0.2258064516130904 1.483870967741935 0
0.2258064516131374 1.516129032258065 0
0.2258064516131845 1.548387096774194 0
0.2258064516132315 1.580645161290323 0
0.2258064516132786 1.612903225806452 0
0.2258064516133256 1.645161290322581 0
0.2258064516133726 1.67741935483871 0
0.2258064516134197 1.709677419354839 0
0.2258064516134667 1.741935483870968 0
0.2258064516135138 1.774193548387097 0
0.2258064516135608 1.806451612903226 0
0.2258064516136078 1.838709677419354 0
0.2258064516136549 1.870967741935484 0
0.2258064516137019 1.903225806451613 0
0.225806451613749 1.935483870967742 0
0.225806451613796 1.967741935483871 0
0.2580645161284741 1.032258064516129 0
0.2580645161285285 1.064516129032258 0
0.2580645161285829 1.096774193548387 0
0.2580645161286373 1.129032258064516 0
0.2580645161286917 1.161290322580645 0
0.2580645161287461 1.193548387096774 0
0.2580645161288005 1.225806451612903 0
0.2580645161288549 1.258064516129032 0
0.2580645161289093 1.290322580645161 0
0.2580645161289638 1.32258064516129 0
0.2580645161290182 1.354838709677419 0
0.2580645161290725 1.387096774193548 0
0.258064516129127 1.419354838709677 0
0.2580645161291814 1.451612903225806 0
0.2580645161292358 1.483870967741935 0
0.2580645161292902 1.516129032258065 0
0.2580645161293446 1.548387096774194 0
0.258064516129399 1.580645161290323 0
0.2580645161294534 1.612903225806452 0
0.2580645161295078 1.645161290322581 0
0.2580645161295622 1.677419354838709 0
0.2580645161296166 1.709677419354839 0
0.258064516129671 1.741935483870967 0
0.2580645161297254 1.774193548387097 0
0.2580645161297798 1.806451612903225 0
0.2580645161298343 1.838709677419354 0
0.2580645161298886 1.870967741935484 0
0.2580645161299431 1.903225806451613 0
0.2580645161299975 1.935483870967742 0
0.2580645161300518 1.967741935483871 0
0.2903225806445163 1.032258064516129 0
0.2903225806445781 1.064516129032258 0
0.2903225806446399 1.096774193548387 0
0.2903225806447017 1.129032258064516 0
0.2903225806447634 1.161290322580645 0
0.2903225806448251 1.193548387096774 0
0.290322580644887 1.225806451612903 0
0.2903225806449488 1.258064516129032 0
0.2903225806450105 1.290322580645161 0
0.2903225806450723 1.32258064516129 0
0.2903225806451341 1.354838709677419 0
0.2903225806451958 1.387096774193548 0
0.2903225806452577 1.419354838709677 0
0.2903225806453194 1.451612903225806 0
0.2903225806453812 1.483870967741935 0
0.290322580645443 1.516129032258065 0
0.2903225806455047 1.548387096774194 0
0.2903225806455665 1.580645161290323 0
0.2903225806456283 1.612903225806452 0
0.2903225806456901 1.645161290322581 0
0.2903225806457518 1.67741935483871 0
0.2903225806458136 1.709677419354839 0
0.2903225806458754 1.741935483870968 0
0.2903225806459371 1.774193548387097 0
0.290322580645999 1.806451612903226 0
0.2903225806460607 1.838709677419355 0
0.2903225806461226 1.870967741935484 0
0.2903225806461843 1.903225806451613 0
0.2903225806462461 1.935483870967742 0
0.2903225806463078 1.967741935483871 0
0.3225806451605586 1.032258064516129 0
0.3225806451606277 1.064516129032258 0
0.3225806451606968 1.096774193548387 0
0.3225806451607661 1.129032258064516 0
0.3225806451608351 1.161290322580645 0
0.3225806451609043 1.193548387096774 0
0.3225806451609735 1.225806451612903 0
0.3225806451610425 1.258064516129032 0
0.3225806451611118 1.290322580645161 0
0.3225806451611808 1.322580645161291 0
0.32258064516125 1.354838709677419 0
0.3225806451613192 1.387096774193548 0
0.3225806451613882 1.419354838709677 0
0.3225806451614575 1.451612903225806 0
0.3225806451615266 1.483870967741935 0
0.3225806451615957 1.516129032258065 0
0.3225806451616649 1.548387096774194 0
0.3225806451617341 1.580645161290323 0
0.3225806451618032 1.612903225806452 0
0.3225806451618724 1.645161290322581 0
0.3225806451619415 1.67741935483871 0
0.3225806451620106 1.709677419354839 0
0.3225806451620798 1.741935483870967 0
0.322580645162149 1.774193548387097 0
0.322580645162218 1.806451612903225 0
0.3225806451622873 1.838709677419355 0
0.3225806451623563 1.870967741935484 0
0.3225806451624255 1.903225806451613 0
0.3225806451624947 1.935483870967742 0
0.3225806451625637 1.967741935483871 0
0.3548387096766009 1.032258064516129 0
0.3548387096766774 1.064516129032258 0
0.3548387096767538 1.096774193548387 0
0.3548387096768303 1.129032258064516 0
0.3548387096769068 1.161290322580645 0
0.3548387096769834 1.193548387096774 0
0.3548387096770598 1.225806451612903 0
0.3548387096771364 1.258064516129032 0
0.3548387096772129 1.290322580645161 0
0.3548387096772894 1.32258064516129 0
0.3548387096773659 1.354838709677419 0
0.3548387096774425 1.387096774193548 0
0.354838709677519 1.419354838709677 0
0.3548387096775956 1.451612903225806 0
0.354838709677672 1.483870967741935 0
0.3548387096777486 1.516129032258065 0
0.354838709677825 1.548387096774194 0
0.3548387096779016 1.580645161290323 0
0.3548387096779781 1.612903225806452 0
0.3548387096780546 1.645161290322581 0
0.3548387096781312 1.67741935483871 0
0.3548387096782076 1.709677419354839 0
0.3548387096782842 1.741935483870968 0
0.3548387096783607 1.774193548387097 0
0.3548387096784372 1.806451612903226 0
0.3548387096785137 1.838709677419355 0
0.3548387096785903 1.870967741935484 0
0.3548387096786668 1.903225806451613 0
0.3548387096787433 1.935483870967742 0
0.3548387096788199 1.967741935483871 0
0.387096774192643 1.032258064516129 0
0.3870967741927269 1.064516129032258 0
0.3870967741928109 1.096774193548387 0
0.3870967741928947 1.129032258064516 0
0.3870967741929786 1.161290322580645 0
0.3870967741930625 1.193548387096774 0
0.3870967741931464 1.225806451612903 0
0.3870967741932303 1.258064516129032 0
0.3870967741933142 1.290322580645161 0
0.3870967741933981 1.32258064516129 0
0.387096774193482 1.354838709677419 0
0.3870967741935658 1.387096774193548 0
0.3870967741936496 1.419354838709677 0
0.3870967741937336 1.451612903225806 0
0.3870967741938175 1.483870967741935 0
0.3870967741939014 1.516129032258065 0
0.3870967741939852 1.548387096774194 0
0.3870967741940692 1.580645161290323 0
0.387096774194153 1.612903225806452 0
0.3870967741942369 1.645161290322581 0
0.3870967741943209 1.67741935483871 0
0.3870967741944046 1.709677419354839 0
0.3870967741944885 1.741935483870968 0
0.3870967741945724 1.774193548387097 0
0.3870967741946564 1.806451612903226 0
0.3870967741947402 1.838709677419355 0
0.387096774194824 1.870967741935484 0
0.387096774194908 1.903225806451613 0
0.3870967741949919 1.935483870967742 0
0.3870967741950758 1.967741935483871 0
0.4193548387086853 1.032258064516129 0
0.4193548387087764 1.064516129032258 0
0.4193548387088678 1.096774193548387 0
0.4193548387089591 1.129032258064516 0
0.4193548387090503 1.161290322580645 0
0.4193548387091415 1.193548387096774 0
0.4193548387092328 1.225806451612903 0
0.419354838709324 1.258064516129032 0
0.4193548387094153 1.290322580645161 0
0.4193548387095065 1.32258064516129 0
0.4193548387095978 1.354838709677419 0
0.419354838709689 1.387096774193548 0
0.4193548387097802 1.419354838709677 0
0.4193548387098716 1.451612903225806 0
0.4193548387099628 1.483870967741935 0
0.419354838710054 1.516129032258065 0
0.4193548387101452 1.548387096774194 0
0.4193548387102365 1.580645161290323 0
0.4193548387103277 1.612903225806452 0
0.419354838710419 1.645161290322581 0
0.4193548387105103 1.67741935483871 0
0.4193548387106015 1.709677419354839 0
0.4193548387106928 1.741935483870968 0
0.4193548387107841 1.774193548387096 0
0.4193548387108752 1.806451612903225 0
0.4193548387109666 1.838709677419355 0
0.4193548387110578 1.870967741935484 0
0.4193548387111491 1.903225806451613 0
0.4193548387112402 1.935483870967742 0
0.4193548387113316 1.967741935483871 0
0.4516129032247276 1.032258064516129 0
0.4516129032248263 1.064516129032258 0
0.4516129032249249 1.096774193548387 0
0.4516129032250235 1.129032258064516 0
0.4516129032251219 1.161290322580645 0
0.4516129032252205 1.193548387096774 0
0.4516129032253192 1.225806451612903 0
0.4516129032254178 1.258064516129032 0
0.4516129032255164 1.290322580645161 0
0.4516129032256151 1.32258064516129 0
0.4516129032257138 1.354838709677419 0
0.4516129032258124 1.387096774193548 0
0.451612903225911 1.419354838709677 0
0.4516129032260097 1.451612903225806 0
0.4516129032261083 1.483870967741935 0
0.4516129032262068 1.516129032258065 0
0.4516129032263054 1.548387096774194 0
0.451612903226404 1.580645161290323 0
0.4516129032265027 1.612903225806452 0
0.4516129032266013 1.645161290322581 0
0.4516129032266999 1.67741935483871 0
0.4516129032267986 1.709677419354839 0
0.4516129032268972 1.741935483870968 0
0.4516129032269958 1.774193548387097 0
0.4516129032270944 1.806451612903226 0
0.4516129032271929 1.838709677419355 0
0.4516129032272916 1.870967741935484 0
0.4516129032273902 1.903225806451613 0
0.4516129032274889 1.935483870967742 0
0.4516129032275875 1.967741935483871 0
0.4838709677407699 1.032258064516129 0
0.4838709677408758 1.064516129032258 0
0.4838709677409818 1.096774193548387 0
0.4838709677410878 1.129032258064516 0
0.4838709677411938 1.161290322580645 0
0.4838709677412997 1.193548387096774 0
0.4838709677414057 1.225806451612903 0
0.4838709677415117 1.258064516129032 0
0.4838709677416176 1.290322580645161 0
0.4838709677417237 1.32258064516129 0
0.4838709677418297 1.354838709677419 0
0.4838709677419356 1.387096774193548 0
0.4838709677420416 1.419354838709677 0
0.4838709677421477 1.451612903225806 0
0.4838709677422536 1.483870967741935 0
0.4838709677423596 1.516129032258065 0
0.4838709677424656 1.548387096774194 0
0.4838709677425715 1.580645161290323 0
0.4838709677426777 1.612903225806452 0
0.4838709677427836 1.645161290322581 0
0.4838709677428895 1.67741935483871 0
0.4838709677429955 1.709677419354839 0
0.4838709677431016 1.741935483870968 0
0.4838709677432075 1.774193548387097 0
0.4838709677433135 1.806451612903226 0
0.4838709677434195 1.838709677419355 0
0.4838709677435254 1.870967741935484 0
0.4838709677436316 1.903225806451613 0
0.4838709677437374 1.935483870967742 0
0.4838709677438434 1.967741935483871 0
0.516129032256893 1.032258064516129 0
0.5161290322569976 1.064516129032258 0
0.5161290322571024 1.096774193548387 0
0.516129032257207 1.129032258064516 0
0.5161290322573118 1.161290322580645 0
0.5161290322574164 1.193548387096774 0
0.5161290322575212 1.225806451612903 0
0.5161290322576257 1.258064516129032 0
0.5161290322577305 1.290322580645161 0
0.5161290322578351 1.322580645161291 0
0.5161290322579399 1.354838709677419 0
0.5161290322580445 1.387096774193548 0
0.5161290322581493 1.419354838709677 0
0.5161290322582539 1.451612903225806 0
0.5161290322583587 1.483870967741935 0
0.5161290322584633 1.516129032258065 0
0.5161290322585681 1.548387096774194 0
0.5161290322586727 1.580645161290323 0
0.5161290322587775 1.612903225806452 0
0.5161290322588821 1.645161290322581 0
0.5161290322589869 1.67741935483871 0
0.5161290322590915 1.709677419354839 0
0.5161290322591963 1.741935483870968 0
0.5161290322593008 1.774193548387097 0
0.5161290322594057 1.806451612903226 0
0.5161290322595102 1.838709677419355 0
0.516129032259615 1.870967741935484 0
0.5161290322597196 1.903225806451613 0
0.5161290322598244 1.935483870967742 0
0.516129032259929 1.967741935483871 0
0.5483870967730972 1.032258064516129 0
0.548387096773192 1.064516129032258 0
0.5483870967732868 1.096774193548387 0
0.5483870967733814 1.129032258064516 0
0.548387096773476 1.161290322580645 0
0.5483870967735708 1.193548387096774 0
0.5483870967736656 1.225806451612903 0
0.5483870967737604 1.258064516129032 0
0.548387096773855 1.290322580645161 0
0.5483870967739498 1.32258064516129 0
0.5483870967740444 1.354838709677419 0
0.5483870967741392 1.387096774193548 0
0.548387096774234 1.419354838709677 0
0.5483870967743286 1.451612903225806 0
0.5483870967744234 1.483870967741935 0
0.548387096774518 1.516129032258065 0
0.5483870967746128 1.548387096774194 0
0.5483870967747074 1.580645161290323 0
0.5483870967748022 1.612903225806452 0
0.5483870967748971 1.645161290322581 0
0.5483870967749916 1.677419354838709 0
0.5483870967750865 1.709677419354839 0
0.548387096775181 1.741935483870968 0
0.5483870967752759 1.774193548387097 0
0.5483870967753707 1.806451612903226 0
0.5483870967754655 1.838709677419355 0
0.5483870967755601 1.870967741935484 0
0.5483870967756547 1.903225806451613 0
0.5483870967757497 1.935483870967742 0
0.5483870967758443 1.967741935483871 0
0.5806451612893012 1.032258064516129 0
0.5806451612893863 1.064516129032258 0
0.5806451612894709 1.096774193548387 0
0.5806451612895555 1.129032258064516 0
0.5806451612896403 1.161290322580645 0
0.5806451612897251 1.193548387096774 0
0.5806451612898099 1.225806451612903 0
0.5806451612898947 1.258064516129032 0
0.5806451612899793 1.290322580645161 0
0.5806451612900642 1.32258064516129 0
0.580645161290149 1.354838709677419 0
0.5806451612902338 1.387096774193548 0
0.5806451612903184 1.419354838709677 0
0.5806451612904032 1.451612903225806 0
0.5806451612904878 1.483870967741935 0
0.5806451612905729 1.516129032258065 0
0.5806451612906575 1.548387096774194 0
0.5806451612907423 1.580645161290323 0
0.5806451612908271 1.612903225806452 0
0.5806451612909119 1.645161290322581 0
0.5806451612909967 1.67741935483871 0
0.5806451612910813 1.709677419354839 0
0.5806451612911662 1.741935483870968 0
0.580645161291251 1.774193548387097 0
0.5806451612913358 1.806451612903226 0
0.5806451612914204 1.838709677419354 0
0.5806451612915052 1.870967741935484 0
0.5806451612915901 1.903225806451613 0
0.5806451612916749 1.935483870967742 0
0.5806451612917595 1.967741935483871 0
0.6129032258055055 1.032258064516129 0
0.6129032258055803 1.064516129032258 0
0.6129032258056551 1.096774193548387 0
0.6129032258057298 1.129032258064516 0
0.6129032258058046 1.161290322580645 0
0.6129032258058794 1.193548387096774 0
0.6129032258059542 1.225806451612903 0
0.6129032258060291 1.258064516129032 0
0.6129032258061039 1.290322580645161 0
0.6129032258061787 1.32258064516129 0
0.6129032258062536 1.354838709677419 0
0.6129032258063284 1.387096774193548 0
0.612903225806403 1.419354838709677 0
0.6129032258064778 1.451612903225806 0
0.6129032258065529 1.483870967741935 0
0.6129032258066275 1.516129032258065 0
0.6129032258067023 1.548387096774193 0
0.6129032258067771 1.580645161290323 0
0.612903225806852 1.612903225806452 0
0.6129032258069268 1.645161290322581 0
0.6129032258070016 1.67741935483871 0
0.6129032258070765 1.709677419354839 0
0.6129032258071511 1.741935483870967 0
0.6129032258072259 1.774193548387097 0
0.6129032258073007 1.806451612903226 0
0.6129032258073756 1.838709677419354 0
0.6129032258074504 1.870967741935484 0
0.6129032258075252 1.903225806451613 0
0.6129032258076 1.935483870967742 0
0.6129032258076746 1.967741935483871 0
0.6451612903217094 1.032258064516129 0
0.6451612903217745 1.064516129032258 0
0.6451612903218393 1.096774193548387 0
0.6451612903219039 1.129032258064516 0
0.6451612903219688 1.161290322580645 0
0.6451612903220338 1.193548387096774 0
0.6451612903220987 1.225806451612903 0
0.6451612903221633 1.258064516129032 0
0.6451612903222281 1.290322580645161 0
0.645161290322293 1.32258064516129 0
0.645161290322358 1.354838709677419 0
0.6451612903224226 1.387096774193548 0
0.6451612903224875 1.419354838709677 0
0.6451612903225525 1.451612903225806 0
0.6451612903226174 1.483870967741935 0
0.6451612903226822 1.516129032258065 0
0.645161290322747 1.548387096774194 0
0.6451612903228119 1.580645161290323 0
0.6451612903228767 1.612903225806452 0
0.6451612903229416 1.645161290322581 0
0.6451612903230064 1.67741935483871 0
0.6451612903230712 1.709677419354839 0
0.6451612903231361 1.741935483870968 0
0.6451612903232009 1.774193548387097 0
0.6451612903232655 1.806451612903225 0
0.6451612903233306 1.838709677419354 0
0.6451612903233954 1.870967741935484 0
0.6451612903234603 1.903225806451613 0
0.6451612903235251 1.935483870967742 0
0.6451612903235899 1.967741935483871 0
0.6774193548379138 1.032258064516129 0
0.6774193548379687 1.064516129032258 0
0.6774193548380235 1.096774193548387 0
0.6774193548380782 1.129032258064516 0
0.6774193548381332 1.161290322580645 0
0.6774193548381883 1.193548387096774 0
0.6774193548382431 1.225806451612903 0
0.677419354838298 1.258064516129032 0
0.6774193548383528 1.290322580645161 0
0.6774193548384077 1.32258064516129 0
0.6774193548384627 1.354838709677419 0
0.6774193548385173 1.387096774193548 0
0.6774193548385724 1.419354838709677 0
0.677419354838627 1.451612903225806 0
0.6774193548386821 1.483870967741935 0
0.6774193548387369 1.516129032258065 0
0.6774193548387918 1.548387096774194 0
0.6774193548388466 1.580645161290323 0
0.6774193548389017 1.612903225806452 0
0.6774193548389565 1.645161290322581 0
0.6774193548390114 1.677419354838709 0
0.6774193548390662 1.709677419354839 0
0.6774193548391211 1.741935483870968 0
0.6774193548391759 1.774193548387097 0
0.677419354839231 1.806451612903226 0
0.6774193548392856 1.838709677419355 0
0.6774193548393406 1.870967741935484 0
0.6774193548393955 1.903225806451613 0
0.6774193548394504 1.935483870967742 0
0.6774193548395054 1.967741935483871 0
0.7096774193541179 1.032258064516129 0
0.709677419354163 1.064516129032258 0
0.7096774193542076 1.096774193548387 0
0.7096774193542529 1.129032258064516 0
0.7096774193542977 1.161290322580645 0
0.7096774193543424 1.193548387096774 0
0.7096774193543874 1.225806451612903 0
0.7096774193544323 1.258064516129032 0
0.709677419354477 1.290322580645161 0
0.7096774193545222 1.322580645161291 0
0.7096774193545671 1.354838709677419 0
0.7096774193546121 1.387096774193548 0
0.709677419354657 1.419354838709677 0
0.7096774193547016 1.451612903225807 0
0.7096774193547467 1.483870967741935 0
0.7096774193547916 1.516129032258065 0
0.7096774193548366 1.548387096774194 0
0.7096774193548815 1.580645161290323 0
0.7096774193549266 1.612903225806452 0
0.7096774193549714 1.645161290322581 0
0.7096774193550163 1.677419354838709 0
0.709677419355061 1.709677419354839 0
0.709677419355106 1.741935483870968 0
0.7096774193551508 1.774193548387096 0
0.7096774193551957 1.806451612903226 0
0.7096774193552408 1.838709677419355 0
0.7096774193552858 1.870967741935484 0
0.7096774193553307 1.903225806451613 0
0.7096774193553755 1.935483870967742 0
0.7096774193554204 1.967741935483871 0
0.7419354838703219 1.032258064516129 0
0.741935483870357 1.064516129032258 0
0.7419354838703919 1.096774193548387 0
0.741935483870427 1.129032258064516 0
0.7419354838704617 1.161290322580645 0
0.7419354838704968 1.193548387096774 0
0.7419354838705314 1.225806451612903 0
0.7419354838705667 1.258064516129032 0
0.7419354838706018 1.290322580645161 0
0.7419354838706366 1.32258064516129 0
0.7419354838706717 1.354838709677419 0
0.7419354838707065 1.387096774193548 0
0.7419354838707414 1.419354838709677 0
0.7419354838707762 1.451612903225806 0
0.7419354838708115 1.483870967741935 0
0.7419354838708464 1.516129032258065 0
0.7419354838708813 1.548387096774194 0
0.7419354838709161 1.580645161290323 0
0.7419354838709512 1.612903225806452 0
0.7419354838709863 1.645161290322581 0
0.7419354838710212 1.67741935483871 0
0.7419354838710561 1.709677419354839 0
0.7419354838710912 1.741935483870968 0
0.7419354838711261 1.774193548387097 0
0.7419354838711607 1.806451612903226 0
0.7419354838711958 1.838709677419355 0
0.7419354838712308 1.870967741935484 0
0.7419354838712658 1.903225806451613 0
0.7419354838713007 1.935483870967742 0
0.7419354838713358 1.967741935483871 0
0.7741935483865263 1.032258064516129 0
0.7741935483865512 1.064516129032258 0
0.7741935483865761 1.096774193548387 0
0.7741935483866011 1.129032258064516 0
0.7741935483866262 1.161290322580645 0
0.7741935483866511 1.193548387096774 0
0.7741935483866762 1.225806451612903 0
0.7741935483867013 1.258064516129032 0
0.7741935483867262 1.290322580645161 0
0.774193548386751 1.32258064516129 0
0.7741935483867761 1.35483870967742 0
0.774193548386801 1.387096774193548 0
0.7741935483868259 1.419354838709677 0
0.7741935483868509 1.451612903225806 0
0.774193548386876 1.483870967741935 0
0.7741935483869009 1.516129032258065 0
0.774193548386926 1.548387096774194 0
0.7741935483869509 1.580645161290323 0
0.774193548386976 1.612903225806452 0
0.7741935483870011 1.64516129032258 0
0.7741935483870261 1.677419354838709 0
0.774193548387051 1.709677419354839 0
0.7741935483870759 1.741935483870968 0
0.774193548387101 1.774193548387097 0
0.7741935483871261 1.806451612903226 0
0.7741935483871509 1.838709677419355 0
0.7741935483871758 1.870967741935484 0
0.7741935483872009 1.903225806451613 0
0.774193548387226 1.935483870967742 0
0.7741935483872509 1.967741935483871 0
0.8064516129027306 1.032258064516129 0
0.8064516129027457 1.064516129032258 0
0.8064516129027604 1.096774193548387 0
0.8064516129027754 1.129032258064516 0
0.8064516129027905 1.161290322580645 0
0.8064516129028054 1.193548387096774 0
0.8064516129028205 1.225806451612903 0
0.8064516129028356 1.258064516129032 0
0.8064516129028507 1.290322580645161 0
0.8064516129028656 1.32258064516129 0
0.8064516129028805 1.354838709677419 0
0.8064516129028954 1.387096774193548 0
0.8064516129029105 1.419354838709677 0
0.8064516129029256 1.451612903225806 0
0.8064516129029407 1.483870967741935 0
0.8064516129029558 1.516129032258065 0
0.8064516129029708 1.548387096774194 0
0.8064516129029857 1.580645161290323 0
0.8064516129030008 1.612903225806452 0
0.8064516129030157 1.645161290322581 0
0.8064516129030308 1.67741935483871 0
0.8064516129030459 1.709677419354839 0
0.806451612903061 1.741935483870968 0
0.8064516129030759 1.774193548387097 0
0.8064516129030908 1.806451612903226 0
0.8064516129031059 1.838709677419355 0
0.806451612903121 1.870967741935484 0
0.8064516129031361 1.903225806451613 0
0.8064516129031509 1.935483870967742 0
0.8064516129031658 1.967741935483871 0
0.8387096774189345 1.032258064516129 0
0.8387096774189394 1.064516129032258 0
0.8387096774189448 1.096774193548387 0
0.8387096774189496 1.129032258064516 0
0.8387096774189547 1.161290322580645 0
0.8387096774189596 1.193548387096774 0
0.8387096774189651 1.225806451612903 0
0.8387096774189698 1.258064516129032 0
0.8387096774189752 1.290322580645161 0
0.8387096774189801 1.32258064516129 0
0.8387096774189848 1.354838709677419 0
0.8387096774189904 1.387096774193549 0
0.8387096774189952 1.419354838709677 0
0.8387096774190003 1.451612903225806 0
0.8387096774190054 1.483870967741935 0
0.8387096774190103 1.516129032258065 0
0.8387096774190156 1.548387096774194 0
0.8387096774190205 1.580645161290323 0
0.8387096774190255 1.612903225806452 0
0.8387096774190306 1.645161290322581 0
0.8387096774190356 1.677419354838709 0
0.8387096774190407 1.709677419354839 0
0.8387096774190458 1.741935483870968 0
0.838709677419051 1.774193548387097 0
0.838709677419056 1.806451612903226 0
0.8387096774190609 1.838709677419354 0
0.838709677419066 1.870967741935484 0
0.8387096774190711 1.903225806451613 0
0.838709677419076 1.935483870967742 0
0.8387096774190811 1.967741935483871 0
0.8709677419351392 1.032258064516129 0
0.8709677419351345 1.064516129032258 0
0.8709677419351298 1.096774193548387 0
0.8709677419351254 1.129032258064516 0
0.8709677419351207 1.161290322580645 0
0.8709677419351163 1.193548387096774 0
0.8709677419351114 1.225806451612903 0
0.870967741935107 1.258064516129032 0
0.8709677419351025 1.290322580645161 0
0.8709677419350981 1.32258064516129 0
0.8709677419350932 1.354838709677419 0
0.8709677419350887 1.387096774193548 0
0.8709677419350841 1.419354838709677 0
0.8709677419350796 1.451612903225807 0
0.870967741935075 1.483870967741935 0
0.8709677419350705 1.516129032258065 0
0.8709677419350661 1.548387096774193 0
0.8709677419350612 1.580645161290323 0
0.8709677419350565 1.612903225806452 0
0.8709677419350521 1.645161290322581 0
0.8709677419350474 1.67741935483871 0
0.870967741935043 1.709677419354839 0
0.8709677419350383 1.741935483870968 0
0.8709677419350339 1.774193548387097 0
0.8709677419350292 1.806451612903225 0
0.8709677419350248 1.838709677419355 0
0.8709677419350201 1.870967741935484 0
0.8709677419350155 1.903225806451613 0
0.870967741935011 1.935483870967742 0
0.8709677419350064 1.967741935483871 0
0.9032258064513532 1.032258064516129 0
0.9032258064513481 1.064516129032258 0
0.9032258064513436 1.096774193548387 0
0.9032258064513385 1.129032258064516 0
0.9032258064513339 1.161290322580645 0
0.9032258064513292 1.193548387096774 0
0.9032258064513243 1.225806451612903 0
0.9032258064513197 1.258064516129032 0
0.9032258064513148 1.290322580645161 0
0.9032258064513099 1.32258064516129 0
0.9032258064513052 1.354838709677419 0
0.9032258064513006 1.387096774193548 0
0.9032258064512959 1.419354838709677 0
0.903225806451291 1.451612903225806 0
0.9032258064512864 1.483870967741935 0
0.9032258064512815 1.516129032258065 0
0.9032258064512768 1.548387096774194 0
0.9032258064512719 1.580645161290323 0
0.903225806451267 1.612903225806452 0
0.9032258064512626 1.645161290322581 0
0.9032258064512577 1.67741935483871 0
0.9032258064512528 1.709677419354839 0
0.9032258064512479 1.741935483870968 0
0.9032258064512433 1.774193548387097 0
0.9032258064512386 1.806451612903226 0
0.9032258064512337 1.838709677419355 0
0.9032258064512289 1.870967741935484 0
0.9032258064512242 1.903225806451613 0
0.9032258064512195 1.935483870967742 0
0.9032258064512146 1.967741935483871 0
0.9354838709675686 1.032258064516129 0
0.9354838709675655 1.064516129032258 0
0.9354838709675624 1.096774193548387 0
0.935483870967559 1.129032258064516 0
0.9354838709675559 1.161290322580645 0
0.9354838709675526 1.193548387096774 0
0.9354838709675497 1.225806451612903 0
0.9354838709675464 1.258064516129032 0
0.935483870967543 1.290322580645161 0
0.9354838709675399 1.322580645161291 0
0.9354838709675368 1.354838709677419 0
0.9354838709675337 1.387096774193548 0
0.9354838709675304 1.419354838709677 0
0.9354838709675275 1.451612903225806 0
0.9354838709675242 1.483870967741935 0
0.9354838709675208 1.516129032258065 0
0.9354838709675177 1.548387096774194 0
0.9354838709675146 1.580645161290323 0
0.9354838709675115 1.612903225806452 0
0.9354838709675084 1.645161290322581 0
0.9354838709675048 1.677419354838709 0
0.9354838709675017 1.709677419354839 0
0.9354838709674986 1.741935483870968 0
0.9354838709674955 1.774193548387097 0
0.9354838709674924 1.806451612903226 0
0.9354838709674891 1.838709677419355 0
0.9354838709674862 1.870967741935484 0
0.9354838709674829 1.903225806451613 0
0.9354838709674795 1.935483870967742 0
0.9354838709674764 1.967741935483871 0
0.9677419354837842 1.032258064516129 0
0.9677419354837826 1.064516129032258 0
0.9677419354837813 1.096774193548387 0
0.9677419354837797 1.129032258064516 0
0.967741935483778 1.161290322580645 0
0.9677419354837764 1.193548387096774 0
0.9677419354837749 1.225806451612903 0
0.9677419354837733 1.258064516129032 0
0.9677419354837717 1.290322580645161 0
0.9677419354837702 1.32258064516129 0
0.9677419354837684 1.354838709677419 0
0.9677419354837669 1.387096774193549 0
0.9677419354837653 1.419354838709677 0
0.9677419354837637 1.451612903225806 0
0.9677419354837622 1.483870967741935 0
0.9677419354837604 1.516129032258065 0
0.9677419354837591 1.548387096774194 0
0.9677419354837573 1.580645161290323 0
0.9677419354837555 1.612903225806452 0
0.9677419354837542 1.645161290322581 0
0.9677419354837524 1.677419354838709 0
0.9677419354837511 1.709677419354839 0
0.9677419354837493 1.741935483870968 0
0.967741935483748 1.774193548387097 0
0.9677419354837462 1.806451612903226 0
0.9677419354837447 1.838709677419355 0
0.9677419354837429 1.870967741935484 0
0.9677419354837413 1.903225806451613 0
0.96774193548374 1.935483870967742 0
0.9677419354837382 1.967741935483871 0
$EndNodes
$Elements
10 4092 1 4092
1 1 1 31
1 1 7 
2 7 8 
3 8 9 
4 9 10 
5 10 11 
6 11 12 
7 12 13 
8 13 14 
9 14 15 
10 15 16 
11 16 17 
12 17 18 
13 18 19 
14 19 20 
15 20 21 
16 21 22 
17 22 23 
18 23 24 
19 24 25 
20 25 26 
21 26 27 
22 27 28 
23 28 29 
24 29 30 
25 30 31 
26 31 32 
27 32 33 
28 33 34 
29 34 35 
30 35 36 
31 36 2 
1 2 1 31
32 2 37 
33 37 38 
34 38 39 
35 39 40 
36 40 41 
37 41 42 
38 42 43 
39 43 44 
40 44 45 
41 45 46 
42 46 47 
43 47 48 
44 48 49 
45 49 50 
46 50 51 
47 51 52 
48 52 53 
49 53 54 
50 54 55 
51 55 56 
52 56 57 
53 57 58 
54 58 59 
55 59 60 
56 60 61 
57 61 62 
58 62 63 
59 63 64 
60 64 65 
61 65 66 
62 66 6 
1 3 1 31
63 5 67 
64 67 68 
65 68 69 
66 69 70 
67 70 71 
68 71 72 
69 72 73 
70 73 74 
71 74 75 
72 75 76 
73 76 77 
74 77 78 
75 78 79 
76 79 80 
77 80 81 
78 81 82 
79 82 83 
80 83 84 
81 84 85 
82 85 86 
83 86 87 
84 87 88 
85 88 89 
86 89 90 
87 90 91 
88 91 92 
89 92 93 
90 93 94 
91 94 95 
92 95 96 
93 96 6 
1 4 1 31
94 5 97 
95 97 98 
96 98 99 
97 99 100 
98 100 101 
99 101 102 
100 102 103 
101 103 104 
102 104 105 
103 105 106 
104 106 107 
105 107 108 
106 108 109 
107 109 110 
108 110 111 
109 111 112 
110 112 113 
111 113 114 
112 114 115 
113 115 116 
114 116 117 
115 117 118 
116 118 119 
117 119 120 
118 120 121 
119 121 122 
120 122 123 
121 123 124 
122 124 125 
123 125 126 
124 126 1 
1 5 1 31
125 5 127 
126 127 128 
127 128 129 
128 129 130 
129 130 131 
130 131 132 
131 132 133 
132 133 134 
133 134 135 
134 135 136 
135 136 137 
136 137 138 
137 138 139 
138 139 140 
139 140 141 
140 141 142 
141 142 143 
142 143 144 
143 144 145 
144 145 146 
145 146 147 
146 147 148 
147 148 149 
148 149 150 
149 150 151 
150 151 152 
151 152 153 
152 153 154 
153 154 155 
154 155 156 
155 156 6 
1 6 1 31
156 6 157 
157 157 158 
158 158 159 
159 159 160 
160 160 161 
161 161 162 
162 162 163 
163 163 164 
164 164 165 
165 165 166 
166 166 167 
167 167 168 
168 168 169 
169 169 170 
170 170 171 
171 171 172 
172 172 173 
173 173 174 
174 174 175 
175 175 176 
176 176 177 
177 177 178 
178 178 179 
179 179 180 
180 180 181 
181 181 182 
182 182 183 
183 183 184 
184 184 185 
185 185 186 
186 186 3 
1 7 1 31
187 3 187 
188 187 188 
189 188 189 
190 189 190 
191 190 191 
192 191 192 
193 192 193 
194 193 194 
195 194 195 
196 195 196 
197 196 197 
198 197 198 
199 198 199 
200 199 200 
201 200 201 
202 201 202 
203 202 203 
204 203 204 
205 204 205 
206 205 206 
207 206 207 
208 207 208 
209 208 209 
210 209 210 
211 210 211 
212 211 212 
213 212 213 
214 213 214 
215 214 215 
216 215 216 
217 216 4 
1 8 1 31
218 4 217 
219 217 218 
220 218 219 
221 219 220 
222 220 221 
223 221 222 
224 222 223 
225 223 224 
226 224 225 
227 225 226 
228 226 227 
229 227 228 
230 228 229 
231 229 230 
232 230 231 
233 231 232 
234 232 233 
235 233 234 
236 234 235 
237 235 236 
238 236 237 
239 237 238 
240 238 239 
241 239 240 
242 240 241 
243 241 242 
244 242 243 
245 243 244 
246 244 245 
247 245 246 
248 246 5 
2 1 2 1922
249 1 7 247 
250 247 126 1 
251 126 247 248 
252 248 125 126 
253 125 248 249 
254 249 124 125 
255 124 249 250 
256 250 123 124 
257 123 250 251 
258 251 122 123 
259 122 251 252 
260 252 121 122 
261 121 252 253 
262 253 120 121 
263 120 253 254 
264 254 119 120 
265 119 254 255 
266 255 118 119 
267 118 255 256 
268 256 117 118 
269 117 256 257 
270 257 116 117 
271 116 257 258 
272 258 115 116 
273 115 258 259 
274 259 114 115 
275 114 259 260 
276 260 113 114 
277 113 260 261 
278 261 112 113 
279 112 261 262 
280 262 111 112 
281 111 262 263 
282 263 110 111 
283 110 263 264 
284 264 109 110 
285 109 264 265 
286 265 108 109 
287 108 265 266 
288 266 107 108 
289 107 266 267 
290 267 106 107 
291 106 267 268 
292 268 105 106 
293 105 268 269 
294 269 104 105 
295 104 269 270 
296 270 103 104 
297 103 270 271 
298 271 102 103 
299 102 271 272 
300 272 101 102 
301 101 272 273 
302 273 100 101 
303 100 273 274 
304 274 99 100 
305 99 274 275 
306 275 98 99 
307 98 275 276 
308 276 97 98 
309 97 276 67 
310 67 5 97 
311 7 8 277 
312 277 247 7 
313 247 277 278 
314 278 248 247 
315 248 278 279 
316 279 249 248 
317 249 279 280 
318 280 250 249 
319 250 280 281 
320 281 251 250 
321 251 281 282 
322 282 252 251 
323 252 282 283 
324 283 253 252 
325 253 283 284 
326 284 254 253 
327 254 284 285 
328 285 255 254 
329 255 285 286 
330 286 256 255 
331 256 286 287 
332 287 257 256 
333 257 287 288 
334 288 258 257 
335 258 288 289 
336 289 259 258 
337 259 289 290 
338 290 260 259 
339 260 290 291 
340 291 261 260 
341 261 291 292 
342 292 262 261 
343 262 292 293 
344 293 263 262 
345 263 293 294 
346 294 264 263 
347 264 294 295 
348 295 265 264 
349 265 295 296 
350 296 266 265 
351 266 296 297 
352 297 267 266 
353 267 297 298 
354 298 268 267 
355 268 298 299 
356 299 269 268 
357 269 299 300 
358 300 270 269 
359 270 300 301 
360 301 271 270 
361 271 301 302 
362 302 272 271 
363 272 302 303 
364 303 273 272 
365 273 303 304 
366 304 274 273 
367 274 304 305 
368 305 275 274 
369 275 305 306 
370 306 276 275 
371 276 306 68 
372 68 67 276 
373 8 9 307 
374 307 277 8 
375 277 307 308 
376 308 278 277 
377 278 308 309 
378 309 279 278 
379 279 309 310 
380 310 280 279 
381 280 310 311 
382 311 281 280 
383 281 311 312 
384 312 282 281 
385 282 312 313 
386 313 283 282 
387 283 313 314 
388 314 284 283 
389 284 314 315 
390 315 285 284 
391 285 315 316 
392 316 286 285 
393 286 316 317 
394 317 287 286 
395 287 317 318 
396 318 288 287 
397 288 318 319 
398 319 289 288 
399 289 319 320 
400 320 290 289 
401 290 320 321 
402 321 291 290 
403 291 321 322 
404 322 292 291 
405 292 322 323 
406 323 293 292 
407 293 323 324 
408 324 294 293 
409 294 324 325 
410 325 295 294 
411 295 325 326 
412 326 296 295 
413 296 326 327 
414 327 297 296 
415 297 327 328 
416 328 298 297 
417 298 328 329 
418 329 299 298 
419 299 329 330 
420 330 300 299 
421 300 330 331 
422 331 301 300 
423 301 331 332 
424 332 302 301 
425 302 332 333 
426 333 303 302 
427 303 333 334 
428 334 304 303 
429 304 334 335 
430 335 305 304 
431 305 335 336 
432 336 306 305 
433 306 336 69 
434 69 68 306 
435 9 10 337 
436 337 307 9 
437 307 337 338 
438 338 308 307 
439 308 338 339 
440 339 309 308 
441 309 339 340 
442 340 310 309 
443 310 340 341 
444 341 311 310 
445 311 341 342 
446 342 312 311 
447 312 342 343 
448 343 313 312 
449 313 343 344 
450 344 314 313 
451 314 344 345 
452 345 315 314 
453 315 345 346 
454 346 316 315 
455 316 346 347 
456 347 317 316 
457 317 347 348 
458 348 318 317 
459 318 348 349 
460 349 319 318 
461 319 349 350 
462 350 320 319 
463 320 350 351 
464 351 321 320 
465 321 351 352 
466 352 322 321 
467 322 352 353 
468 353 323 322 
469 323 353 354 
470 354 324 323 
471 324 354 355 
472 355 325 324 
473 325 355 356 
474 356 326 325 
475 326 356 357 
476 357 327 326 
477 327 357 358 
478 358 328 327 
479 328 358 359 
480 359 329 328 
481 329 359 360 
482 360 330 329 
483 330 360 361 
484 361 331 330 
485 331 361 362 
486 362 332 331 
487 332 362 363 
488 363 333 332 
489 333 363 364 
490 364 334 333 
491 334 364 365 
492 365 335 334 
493 335 365 366 
494 366 336 335 
495 336 366 70 
496 70 69 336 
497 10 11 367 
498 367 337 10 
499 337 367 368 
500 368 338 337 
501 338 368 369 
502 369 339 338 
503 339 369 370 
504 370 340 339 
505 340 370 371 
506 371 341 340 
507 341 371 372 
508 372 342 341 
509 342 372 373 
510 373 343 342 
511 343 373 374 
512 374 344 343 
513 344 374 375 
514 375 345 344 
515 345 375 376 
516 376 346 345 
517 346 376 377 
518 377 347 346 
519 347 377 378 
520 378 348 347 
521 348 378 379 
522 379 349 348 
523 349 379 380 
524 380 350 349 
525 350 380 381 
526 381 351 350 
527 351 381 382 
528 382 352 351 
529 352 382 383 
530 383 353 352 
531 353 383 384 
532 384 354 353 
533 354 384 385 
534 385 355 354 
535 355 385 386 
536 386 356 355 
537 356 386 387 
538 387 357 356 
539 357 387 388 
540 388 358 357 
541 358 388 389 
542 389 359 358 
543 359 389 390 
544 390 360 359 
545 360 390 391 
546 391 361 360 
547 361 391 392 
548 392 362 361 
549 362 392 393 
550 393 363 362 
551 363 393 394 
552 394 364 363 
553 364 394 395 
554 395 365 364 
555 365 395 396 
556 396 366 365 
557 366 396 71 
558 71 70 366 
559 11 12 397 
560 397 367 11 
561 367 397 398 
562 398 368 367 
563 368 398 399 
564 399 369 368 
565 369 399 400 
566 400 370 369 
567 370 400 401 
568 401 371 370 
569 371 401 402 
570 402 372 371 
571 372 402 403 
572 403 373 372 
573 373 403 404 
574 404 374 373 
575 374 404 405 
576 405 375 374 
577 375 405 406 
578 406 376 375 
579 376 406 407 
580 407 377 376 
581 377 407 408 
582 408 378 377 
583 378 408 409 
584 409 379 378 
585 379 409 410 
586 410 380 379 
587 380 410 411 
588 411 381 380 
589 381 411 412 
590 412 382 381 
591 382 412 413 
592 413 383 382 
593 383 413 414 
594 414 384 383 
595 384 414 415 
596 415 385 384 
597 385 415 416 
598 416 386 385 
599 386 416 417 
600 417 387 386 
601 387 417 418 
602 418 388 387 
603 388 418 419 
604 419 389 388 
605 389 419 420 
606 420 390 389 
607 390 420 421 
608 421 391 390 
609 391 421 422 
610 422 392 391 
611 392 422 423 
612 423 393 392 
613 393 423 424 
614 424 394 393 
615 394 424 425 
616 425 395 394 
617 395 425 426 
618 426 396 395 
619 396 426 72 
620 72 71 396 
621 12 13 427 
622 427 397 12 
623 397 427 428 
624 428 398 397 
625 398 428 429 
626 429 399 398 
627 399 429 430 
628 430 400 399 
629 400 430 431 
630 431 401 400 
631 401 431 432 
632 432 402 401 
633 402 432 433 
634 433 403 402 
635 403 433 434 
636 434 404 403 
637 404 434 435 
638 435 405 404 
639 405 435 436 
640 436 406 405 
641 406 436 437 
642 437 407 406 
643 407 437 438 
644 438 408 407 
645 408 438 439 
646 439 409 408 
647 409 439 440 
648 440 410 409 
649 410 440 441 
650 441 411 410 
651 411 441 442 
652 442 412 411 
653 412 442 443 
654 443 413 412 
655 413 443 444 
656 444 414 413 
657 414 444 445 
658 445 415 414 
659 415 445 446 
660 446 416 415 
661 416 446 447 
662 447 417 416 
663 417 447 448 
664 448 418 417 
665 418 448 449 
666 449 419 418 
667 419 449 450 
668 450 420 419 
669 420 450 451 
670 451 421 420 
671 421 451 452 
672 452 422 421 
673 422 452 453 
674 453 423 422 
675 423 453 454 
676 454 424 423 
677 424 454 455 
678 455 425 424 
679 425 455 456 
680 456 426 425 
681 426 456 73 
682 73 72 426 
683 13 14 457 
684 457 427 13 
685 427 457 458 
686 458 428 427 
687 428 458 459 
688 459 429 428 
689 429 459 460 
690 460 430 429 
691 430 460 461 
692 461 431 430 
693 431 461 462 
694 462 432 431 
695 432 462 463 
696 463 433 432 
697 433 463 464 
698 464 434 433 
699 434 464 465 
700 465 435 434 
701 435 465 466 
702 466 436 435 
703 436 466 467 
704 467 437 436 
705 437 467 468 
706 468 438 437 
707 438 468 469 
708 469 439 438 
709 439 469 470 
710 470 440 439 
711 440 470 471 
712 471 441 440 
713 441 471 472 
714 472 442 441 
715 442 472 473 
716 473 443 442 
717 443 473 474 
718 474 444 443 
719 444 474 475 
720 475 445 444 
721 445 475 476 
722 476 446 445 
723 446 476 477 
724 477 447 446 
725 447 477 478 
726 478 448 447 
727 448 478 479 
728 479 449 448 
729 449 479 480 
730 480 450 449 
731 450 480 481 
732 481 451 450 
733 451 481 482 
734 482 452 451 
735 452 482 483 
736 483 453 452 
737 453 483 484 
738 484 454 453 
739 454 484 485 
740 485 455 454 
741 455 485 486 
742 486 456 455 
743 456 486 74 
744 74 73 456 
745 14 15 487 
746 487 457 14 
747 457 487 488 
748 488 458 457 
749 458 488 489 
750 489 459 458 
751 459 489 490 
752 490 460 459 
753 460 490 491 
754 491 461 460 
755 461 491 492 
756 492 462 461 
757 462 492 493 
758 493 463 462 
759 463 493 494 
760 494 464 463 
761 464 494 495 
762 495 465 464 
763 465 495 496 
764 496 466 465 
765 466 496 497 
766 497 467 466 
767 467 497 498 
768 498 468 467 
769 468 498 499 
770 499 469 468 
771 469 499 500 
772 500 470 469 
773 470 500 501 
774 501 471 470 
775 471 501 502 
776 502 472 471 
777 472 502 503 
778 503 473 472 
779 473 503 504 
780 504 474 473 
781 474 504 505 
782 505 475 474 
783 475 505 506 
784 506 476 475 
785 476 506 507 
786 507 477 476 
787 477 507 508 
788 508 478 477 
789 478 508 509 
790 509 479 478 
791 479 509 510 
792 510 480 479 
793 480 510 511 
794 511 481 480 
795 481 511 512 
796 512 482 481 
797 482 512 513 
798 513 483 482 
799 483 513 514 
800 514 484 483 
801 484 514 515 
802 515 485 484 
803 485 515 516 
804 516 486 485 
805 486 516 75 
806 75 74 486 
807 15 16 517 
808 517 487 15 
809 487 517 518 
810 518 488 487 
811 488 518 519 
812 519 489 488 
813 489 519 520 
814 520 490 489 
815 490 520 521 
816 521 491 490 
817 491 521 522 
818 522 492 491 
819 492 522 523 
820 523 493 492 
821 493 523 524 
822 524 494 493 
823 494 524 525 
824 525 495 494 
825 495 525 526 
826 526 496 495 
827 496 526 527 
828 527 497 496 
829 497 527 528 
830 528 498 497 
831 498 528 529 
832 529 499 498 
833 499 529 530 
834 530 500 499 
835 500 530 531 
836 531 501 500 
837 501 531 532 
838 532 502 501 
839 502 532 533 
840 533 503 502 
841 503 533 534 
842 534 504 503 
843 504 534 535 
844 535 505 504 
845 505 535 536 
846 536 506 505 
847 506 536 537 
848 537 507 506 
849 507 537 538 
850 538 508 507 
851 508 538 539 
852 539 509 508 
853 509 539 540 
854 540 510 509 
855 510 540 541 
856 541 511 510 
857 511 541 542 
858 542 512 511 
859 512 542 543 
860 543 513 512 
861 513 543 544 
862 544 514 513 
863 514 544 545 
864 545 515 514 
865 515 545 546 
866 546 516 515 
867 516 546 76 
868 76 75 516 
869 16 17 547 
870 547 517 16 
871 517 547 548 
872 548 518 517 
873 518 548 549 
874 549 519 518 
875 519 549 550 
876 550 520 519 
877 520 550 551 
878 551 521 520 
879 521 551 552 
880 552 522 521 
881 522 552 553 
882 553 523 522 
883 523 553 554 
884 554 524 523 
885 524 554 555 
886 555 525 524 
887 525 555 556 
888 556 526 525 
889 526 556 557 
890 557 527 526 
891 527 557 558 
892 558 528 527 
893 528 558 559 
894 559 529 528 
895 529 559 560 
896 560 530 529 
897 530 560 561 
898 561 531 530 
899 531 561 562 
900 562 532 531 
901 532 562 563 
902 563 533 532 
903 533 563 564 
904 564 534 533 
905 534 564 565 
906 565 535 534 
907 535 565 566 
908 566 536 535 
909 536 566 567 
910 567 537 536 
911 537 567 568 
912 568 538 537 
913 538 568 569 
914 569 539 538 
915 539 569 570 
916 570 540 539 
917 540 570 571 
918 571 541 540 
919 541 571 572 
920 572 542 541 
921 542 572 573 
922 573 543 542 
923 543 573 574 
924 574 544 543 
925 544 574 575 
926 575 545 544 
927 545 575 576 
928 576 546 545 
929 546 576 77 
930 77 76 546 
931 17 18 577 
932 577 547 17 
933 547 577 578 
934 578 548 547 
935 548 578 579 
936 579 549 548 
937 549 579 580 
938 580 550 549 
939 550 580 581 
940 581 551 550 
941 551 581 582 
942 582 552 551 
943 552 582 583 
944 583 553 552 
945 553 583 584 
946 584 554 553 
947 554 584 585 
948 585 555 554 
949 555 585 586 
950 586 556 555 
951 556 586 587 
952 587 557 556 
953 557 587 588 
954 588 558 557 
955 558 588 589 
956 589 559 558 
957 559 589 590 
958 590 560 559 
959 560 590 591 
960 591 561 560 
961 561 591 592 
962 592 562 561 
963 562 592 593 
964 593 563 562 
965 563 593 594 
966 594 564 563 
967 564 594 595 
968 595 565 564 
969 565 595 596 
970 596 566 565 
971 566 596 597 
972 597 567 566 
973 567 597 598 
974 598 568 567 
975 568 598 599 
976 599 569 568 
977 569 599 600 
978 600 570 569 
979 570 600 601 
980 601 571 570 
981 571 601 602 
982 602 572 571 
983 572 602 603 
984 603 573 572 
985 573 603 604 
986 604 574 573 
987 574 604 605 
988 605 575 574 
989 575 605 606 
990 606 576 575 
991 576 606 78 
992 78 77 576 
993 18 19 607 
994 607 577 18 
995 577 607 608 
996 608 578 577 
997 578 608 609 
998 609 579 578 
999 579 609 610 
1000 610 580 579 
1001 580 610 611 
1002 611 581 580 
1003 581 611 612 
1004 612 582 581 
1005 582 612 613 
1006 613 583 582 
1007 583 613 614 
1008 614 584 583 
1009 584 614 615 
1010 615 585 584 
1011 585 615 616 
1012 616 586 585 
1013 586 616 617 
1014 617 587 586 
1015 587 617 618 
1016 618 588 587 
1017 588 618 619 
1018 619 589 588 
1019 589 619 620 
1020 620 590 589 
1021 590 620 621 
1022 621 591 590 
1023 591 621 622 
1024 622 592 591 
1025 592 622 623 
1026 623 593 592 
1027 593 623 624 
1028 624 594 593 
1029 594 624 625 
1030 625 595 594 
1031 595 625 626 
1032 626 596 595 
1033 596 626 627 
1034 627 597 596 
1035 597 627 628 
1036 628 598 597 
1037 598 628 629 
1038 629 599 598 
1039 599 629 630 
1040 630 600 599 
1041 600 630 631 
1042 631 601 600 
1043 601 631 632 
1044 632 602 601 
1045 602 632 633 
1046 633 603 602 
1047 603 633 634 
1048 634 604 603 
1049 604 634 635 
1050 635 605 604 
1051 605 635 636 
1052 636 606 605 
1053 606 636 79 
1054 79 78 606 
1055 19 20 637 
1056 637 607 19 
1057 607 637 638 
1058 638 608 607 
1059 608 638 639 
1060 639 609 608 
1061 609 639 640 
1062 640 610 609 
1063 610 640 641 
1064 641 611 610 
1065 611 641 642 
1066 642 612 611 
1067 612 642 643 
1068 643 613 612 
1069 613 643 644 
1070 644 614 613 
1071 614 644 645 
1072 645 615 614 
1073 615 645 646 
1074 646 616 615 
1075 616 646 647 
1076 647 617 616 
1077 617 647 648 
1078 648 618 617 
1079 618 648 649 
1080 649 619 618 
1081 619 649 650 
1082 650 620 619 
1083 620 650 651 
1084 651 621 620 
1085 621 651 652 
1086 652 622 621 
1087 622 652 653 
1088 653 623 622 
1089 623 653 654 
1090 654 624 623 
1091 624 654 655 
1092 655 625 624 
1093 625 655 656 
1094 656 626 625 
1095 626 656 657 
1096 657 627 626 
1097 627 657 658 
1098 658 628 627 
1099 628 658 659 
1100 659 629 628 
1101 629 659 660 
1102 660 630 629 
1103 630 660 661 
1104 661 631 630 
1105 631 661 662 
1106 662 632 631 
1107 632 662 663 
1108 663 633 632 
1109 633 663 664 
1110 664 634 633 
1111 634 664 665 
1112 665 635 634 
1113 635 665 666 
1114 666 636 635 
1115 636 666 80 
1116 80 79 636 
1117 20 21 667 
1118 667 637 20 
1119 637 667 668 
1120 668 638 637 
1121 638 668 669 
1122 669 639 638 
1123 639 669 670 
1124 670 640 639 
1125 640 670 671 
1126 671 641 640 
1127 641 671 672 
1128 672 642 641 
1129 642 672 673 
1130 673 643 642 
1131 643 673 674 
1132 674 644 643 
1133 644 674 675 
1134 675 645 644 
1135 645 675 676 
1136 676 646 645 
1137 646 676 677 
1138 677 647 646 
1139 647 677 678 
1140 678 648 647 
1141 648 678 679 
1142 679 649 648 
1143 649 679 680 
1144 680 650 649 
1145 650 680 681 
1146 681 651 650 
1147 651 681 682 
1148 682 652 651 
1149 652 682 683 
1150 683 653 652 
1151 653 683 684 
1152 684 654 653 
1153 654 684 685 
1154 685 655 654 
1155 655 685 686 
1156 686 656 655 
1157 656 686 687 
1158 687 657 656 
1159 657 687 688 
1160 688 658 657 
1161 658 688 689 
1162 689 659 658 
1163 659 689 690 
1164 690 660 659 
1165 660 690 691 
1166 691 661 660 
1167 661 691 692 
1168 692 662 661 
1169 662 692 693 
1170 693 663 662 
1171 663 693 694 
1172 694 664 663 
1173 664 694 695 
1174 695 665 664 
1175 665 695 696 
1176 696 666 665 
1177 666 696 81 
1178 81 80 666 
1179 21 22 697 
1180 697 667 21 
1181 667 697 698 
1182 698 668 667 
1183 668 698 699 
1184 699 669 668 
1185 669 699 700 
1186 700 670 669 
1187 670 700 701 
1188 701 671 670 
1189 671 701 702 
1190 702 672 671 
1191 672 702 703 
1192 703 673 672 
1193 673 703 704 
1194 704 674 673 
1195 674 704 705 
1196 705 675 674 
1197 675 705 706 
1198 706 676 675 
1199 676 706 707 
1200 707 677 676 
1201 677 707 708 
1202 708 678 677 
1203 678 708 709 
1204 709 679 678 
1205 679 709 710 
1206 710 680 679 
1207 680 710 711 
1208 711 681 680 
1209 681 711 712 
1210 712 682 681 
1211 682 712 713 
1212 713 683 682 
1213 683 713 714 
1214 714 684 683 
1215 684 714 715 
1216 715 685 684 
1217 685 715 716 
1218 716 686 685 
1219 686 716 717 
1220 717 687 686 
1221 687 717 718 
1222 718 688 687 
1223 688 718 719 
1224 719 689 688 
1225 689 719 720 
1226 720 690 689 
1227 690 720 721 
1228 721 691 690 
1229 691 721 722 
1230 722 692 691 
1231 692 722 723 
1232 723 693 692 
1233 693 723 724 
1234 724 694 693 
1235 694 724 725 
1236 725 695 694 
1237 695 725 726 
1238 726 696 695 
1239 696 726 82 
1240 82 81 696 
1241 22 23 727 
1242 727 697 22 
1243 697 727 728 
1244 728 698 697 
1245 698 728 729 
1246 729 699 698 
1247 699 729 730 
1248 730 700 699 
1249 700 730 731 
1250 731 701 700 
1251 701 731 732 
1252 732 702 701 
1253 702 732 733 
1254 733 703 702 
1255 703 733 734 
1256 734 704 703 
1257 704 734 735 
1258 735 705 704 
1259 705 735 736 
1260 736 706 705 
1261 706 736 737 
1262 737 707 706 
1263 707 737 738 
1264 738 708 707 
1265 708 738 739 
1266 739 709 708 
1267 709 739 740 
1268 740 710 709 
1269 710 740 741 
1270 741 711 710 
1271 711 741 742 
1272 742 712 711 
1273 712 742 743 
1274 743 713 712 
1275 713 743 744 
1276 744 714 713 
1277 714 744 745 
1278 745 715 714 
1279 715 745 746 
1280 746 716 715 
1281 716 746 747 
1282 747 717 716 
1283 717 747 748 
1284 748 718 717 
1285 718 748 749 
1286 749 719 718 
1287 719 749 750 
1288 750 720 719 
1289 720 750 751 
1290 751 721 720 
1291 721 751 752 
1292 752 722 721 
1293 722 752 753 
1294 753 723 722 
1295 723 753 754 
1296 754 724 723 
1297 724 754 755 
1298 755 725 724 
1299 725 755 756 
1300 756 726 725 
1301 726 756 83 
1302 83 82 726 
1303 23 24 757 
1304 757 727 23 
1305 727 757 758 
1306 758 728 727 
1307 728 758 759 
1308 759 729 728 
1309 729 759 760 
1310 760 730 729 
1311 730 760 761 
1312 761 731 730 
1313 731 761 762 
1314 762 732 731 
1315 732 762 763 
1316 763 733 732 
1317 733 763 764 
1318 764 734 733 
1319 734 764 765 
1320 765 735 734 
1321 735 765 766 
1322 766 736 735 
1323 736 766 767 
1324 767 737 736 
1325 737 767 768 
1326 768 738 737 
1327 738 768 769 
1328 769 739 738 
1329 739 769 770 
1330 770 740 739 
1331 740 770 771 
1332 771 741 740 
1333 741 771 772 
1334 772 742 741 
1335 742 772 773 
1336 773 743 742 
1337 743 773 774 
1338 774 744 743 
1339 744 774 775 
1340 775 745 744 
1341 745 775 776 
1342 776 746 745 
1343 746 776 777 
1344 777 747 746 
1345 747 777 778 
1346 778 748 747 
1347 748 778 779 
1348 779 749 748 
1349 749 779 780 
1350 780 750 749 
1351 750 780 781 
1352 781 751 750 
1353 751 781 782 
1354 782 752 751 
1355 752 782 783 
1356 783 753 752 
1357 753 783 784 
1358 784 754 753 
1359 754 784 785 
1360 785 755 754 
1361 755 785 786 
1362 786 756 755 
1363 756 786 84 
1364 84 83 756 
1365 24 25 787 
1366 787 757 24 
1367 757 787 788 
1368 788 758 757 
1369 758 788 789 
1370 789 759 758 
1371 759 789 790 
1372 790 760 759 
1373 760 790 791 
1374 791 761 760 
1375 761 791 792 
1376 792 762 761 
1377 762 792 793 
1378 793 763 762 
1379 763 793 794 
1380 794 764 763 
1381 764 794 795 
1382 795 765 764 
1383 765 795 796 
1384 796 766 765 
1385 766 796 797 
1386 797 767 766 
1387 767 797 798 
1388 798 768 767 
1389 768 798 799 
1390 799 769 768 
1391 769 799 800 
1392 800 770 769 
1393 770 800 801 
1394 801 771 770 
1395 771 801 802 
1396 802 772 771 
1397 772 802 803 
1398 803 773 772 
1399 773 803 804 
1400 804 774 773 
1401 774 804 805 
1402 805 775 774 
1403 775 805 806 
1404 806 776 775 
1405 776 806 807 
1406 807 777 776 
1407 777 807 808 
1408 808 778 777 
1409 778 808 809 
1410 809 779 778 
1411 779 809 810 
1412 810 780 779 
1413 780 810 811 
1414 811 781 780 
1415 781 811 812 
1416 812 782 781 
1417 782 812 813 
1418 813 783 782 
1419 783 813 814 
1420 814 784 783 
1421 784 814 815 
1422 815 785 784 
1423 785 815 816 
1424 816 786 785 
1425 786 816 85 
1426 85 84 786 
1427 25 26 817 
1428 817 787 25 
1429 787 817 818 
1430 818 788 787 
1431 788 818 819 
1432 819 789 788 
1433 789 819 820 
1434 820 790 789 
1435 790 820 821 
1436 821 791 790 
1437 791 821 822 
1438 822 792 791 
1439 792 822 823 
1440 823 793 792 
1441 793 823 824 
1442 824 794 793 
1443 794 824 825 
1444 825 795 794 
1445 795 825 826 
1446 826 796 795 
1447 796 826 827 
1448 827 797 796 
1449 797 827 828 
1450 828 798 797 
1451 798 828 829 
1452 829 799 798 
1453 799 829 830 
1454 830 800 799 
1455 800 830 831 
1456 831 801 800 
1457 801 831 832 
1458 832 802 801 
1459 802 832 833 
1460 833 803 802 
1461 803 833 834 
1462 834 804 803 
1463 804 834 835 
1464 835 805 804 
1465 805 835 836 
1466 836 806 805 
1467 806 836 837 
1468 837 807 806 
1469 807 837 838 
1470 838 808 807 
1471 808 838 839 
1472 839 809 808 
1473 809 839 840 
1474 840 810 809 
1475 810 840 841 
1476 841 811 810 
1477 811 841 842 
1478 842 812 811 
1479 812 842 843 
1480 843 813 812 
1481 813 843 844 
1482 844 814 813 
1483 814 844 845 
1484 845 815 814 
1485 815 845 846 
1486 846 816 815 
1487 816 846 86 
1488 86 85 816 
1489 26 27 847 
1490 847 817 26 
1491 817 847 848 
1492 848 818 817 
1493 818 848 849 
1494 849 819 818 
1495 819 849 850 
1496 850 820 819 
1497 820 850 851 
1498 851 821 820 
1499 821 851 852 
1500 852 822 821 
1501 822 852 853 
1502 853 823 822 
1503 823 853 854 
1504 854 824 823 
1505 824 854 855 
1506 855 825 824 
1507 825 855 856 
1508 856 826 825 
1509 826 856 857 
1510 857 827 826 
1511 827 857 858 
1512 858 828 827 
1513 828 858 859 
1514 859 829 828 
1515 829 859 860 
1516 860 830 829 
1517 830 860 861 
1518 861 831 830 
1519 831 861 862 
1520 862 832 831 
1521 832 862 863 
1522 863 833 832 
1523 833 863 864 
1524 864 834 833 
1525 834 864 865 
1526 865 835 834 
1527 835 865 866 
1528 866 836 835 
1529 836 866 867 
1530 867 837 836 
1531 837 867 868 
1532 868 838 837 
1533 838 868 869 
1534 869 839 838 
1535 839 869 870 
1536 870 840 839 
1537 840 870 871 
1538 871 841 840 
1539 841 871 872 
1540 872 842 841 
1541 842 872 873 
1542 873 843 842 
1543 843 873 874 
1544 874 844 843 
1545 844 874 875 
1546 875 845 844 
1547 845 875 876 
1548 876 846 845 
1549 846 876 87 
1550 87 86 846 
1551 27 28 877 
1552 877 847 27 
1553 847 877 878 
1554 878 848 847 
1555 848 878 879 
1556 879 849 848 
1557 849 879 880 
1558 880 850 849 
1559 850 880 881 
1560 881 851 850 
1561 851 881 882 
1562 882 852 851 
1563 852 882 883 
1564 883 853 852 
1565 853 883 884 
1566 884 854 853 
1567 854 884 885 
1568 885 855 854 
1569 855 885 886 
1570 886 856 855 
1571 856 886 887 
1572 887 857 856 
1573 857 887 888 
1574 888 858 857 
1575 858 888 889 
1576 889 859 858 
1577 859 889 890 
1578 890 860 859 
1579 860 890 891 
1580 891 861 860 
1581 861 891 892 
1582 892 862 861 
1583 862 892 893 
1584 893 863 862 
1585 863 893 894 
1586 894 864 863 
1587 864 894 895 
1588 895 865 864 
1589 865 895 896 
1590 896 866 865 
1591 866 896 897 
1592 897 867 866 
1593 867 897 898 
1594 898 868 867 
1595 868 898 899 
1596 899 869 868 
1597 869 899 900 
1598 900 870 869 
1599 870 900 901 
1600 901 871 870 
1601 871 901 902 
1602 902 872 871 
1603 872 902 903 
1604 903 873 872 
1605 873 903 904 
1606 904 874 873 
1607 874 904 905 
1608 905 875 874 
1609 875 905 906 
1610 906 876 875 
1611 876 906 88 
1612 88 87 876 
1613 28 29 907 
1614 907 877 28 
1615 877 907 908 
1616 908 878 877 
1617 878 908 909 
1618 909 879 878 
1619 879 909 910 
1620 910 880 879 
1621 880 910 911 
1622 911 881 880 
1623 881 911 912 
1624 912 882 881 
1625 882 912 913 
1626 913 883 882 
1627 883 913 914 
1628 914 884 883 
1629 884 914 915 
1630 915 885 884 
1631 885 915 916 
1632 916 886 885 
1633 886 916 917 
1634 917 887 886 
1635 887 917 918 
1636 918 888 887 
1637 888 918 919 
1638 919 889 888 
1639 889 919 920 
1640 920 890 889 
1641 890 920 921 
1642 921 891 890 
1643 891 921 922 
1644 922 892 891 
1645 892 922 923 
1646 923 893 892 
1647 893 923 924 
1648 924 894 893 
1649 894 924 925 
1650 925 895 894 
1651 895 925 926 
1652 926 896 895 
1653 896 926 927 
1654 927 897 896 
1655 897 927 928 
1656 928 898 897 
1657 898 928 929 
1658 929 899 898 
1659 899 929 930 
1660 930 900 899 
1661 900 930 931 
1662 931 901 900 
1663 901 931 932 
1664 932 902 901 
1665 902 932 933 
1666 933 903 902 
1667 903 933 934 
1668 934 904 903 
1669 904 934 935 
1670 935 905 904 
1671 905 935 936 
1672 936 906 905 
1673 906 936 89 
1674 89 88 906 
1675 29 30 937 
1676 937 907 29 
1677 907 937 938 
1678 938 908 907 
1679 908 938 939 
1680 939 909 908 
1681 909 939 940 
1682 940 910 909 
1683 910 940 941 
1684 941 911 910 
1685 911 941 942 
1686 942 912 911 
1687 912 942 943 
1688 943 913 912 
1689 913 943 944 
1690 944 914 913 
1691 914 944 945 
1692 945 915 914 
1693 915 945 946 
1694 946 916 915 
1695 916 946 947 
1696 947 917 916 
1697 917 947 948 
1698 948 918 917 
1699 918 948 949 
1700 949 919 918 
1701 919 949 950 
1702 950 920 919 
1703 920 950 951 
1704 951 921 920 
1705 921 951 952 
1706 952 922 921 
1707 922 952 953 
1708 953 923 922 
1709 923 953 954 
1710 954 924 923 
1711 924 954 955 
1712 955 925 924 
1713 925 955 956 
1714 956 926 925 
1715 926 956 957 
1716 957 927 926 
1717 927 957 958 
1718 958 928 927 
1719 928 958 959 
1720 959 929 928 
1721 929 959 960 
1722 960 930 929 
1723 930 960 961 
1724 961 931 930 
1725 931 961 962 
1726 962 932 931 
1727 932 962 963 
1728 963 933 932 
1729 933 963 964 
1730 964 934 933 
1731 934 964 965 
1732 965 935 934 
1733 935 965 966 
1734 966 936 935 
1735 936 966 90 
1736 90 89 936 
1737 30 31 967 
1738 967 937 30 
1739 937 967 968 
1740 968 938 937 
1741 938 968 969 
1742 969 939 938 
1743 939 969 970 
1744 970 940 939 
1745 940 970 971 
1746 971 941 940 
1747 941 971 972 
1748 972 942 941 
1749 942 972 973 
1750 973 943 942 
1751 943 973 974 
1752 974 944 943 
1753 944 974 975 
1754 975 945 944 
1755 945 975 976 
1756 976 946 945 
1757 946 976 977 
1758 977 947 946 
1759 947 977 978 
1760 978 948 947 
1761 948 978 979 
1762 979 949 948 
1763 949 979 980 
1764 980 950 949 
1765 950 980 981 
1766 981 951 950 
1767 951 981 982 
1768 982 952 951 
1769 952 982 983 
1770 983 953 952 
1771 953 983 984 
1772 984 954 953 
1773 954 984 985 
1774 985 955 954 
1775 955 985 986 
1776 986 956 955 
1777 956 986 987 
1778 987 957 956 
1779 957 987 988 
1780 988 958 957 
1781 958 988 989 
1782 989 959 958 
1783 959 989 990 
1784 990 960 959 
1785 960 990 991 
1786 991 961 960 
1787 961 991 992 
1788 992 962 961 
1789 962 992 993 
1790 993 963 962 
1791 963 993 994 
1792 994 964 963 
1793 964 994 995 
1794 995 965 964 
1795 965 995 996 
1796 996 966 965 
1797 966 996 91 
1798 91 90 966 
1799 31 32 997 
1800 997 967 31 
1801 967 997 998 
1802 998 968 967 
1803 968 998 999 
1804 999 969 968 
1805 969 999 1000 
1806 1000 970 969 
1807 970 1000 1001 
1808 1001 971 970 
1809 971 1001 1002 
1810 1002 972 971 
1811 972 1002 1003 
1812 1003 973 972 
1813 973 1003 1004 
1814 1004 974 973 
1815 974 1004 1005 
1816 1005 975 974 
1817 975 1005 1006 
1818 1006 976 975 
1819 976 1006 1007 
1820 1007 977 976 
1821 977 1007 1008 
1822 1008 978 977 
1823 978 1008 1009 
1824 1009 979 978 
1825 979 1009 1010 
1826 1010 980 979 
1827 980 1010 1011 
1828 1011 981 980 
1829 981 1011 1012 
1830 1012 982 981 
1831 982 1012 1013 
1832 1013 983 982 
1833 983 1013 1014 
1834 1014 984 983 
1835 984 1014 1015 
1836 1015 985 984 
1837 985 1015 1016 
1838 1016 986 985 
1839 986 1016 1017 
1840 1017 987 986 
1841 987 1017 1018 
1842 1018 988 987 
1843 988 1018 1019 
1844 1019 989 988 
1845 989 1019 1020 
1846 1020 990 989 
1847 990 1020 1021 
1848 1021 991 990 
1849 991 1021 1022 
1850 1022 992 991 
1851 992 1022 1023 
1852 1023 993 992 
1853 993 1023 1024 
1854 1024 994 993 
1855 994 1024 1025 
1856 1025 995 994 
1857 995 1025 1026 
1858 1026 996 995 
1859 996 1026 92 
1860 92 91 996 
1861 32 33 1027 
1862 1027 997 32 
1863 997 1027 1028 
1864 1028 998 997 
1865 998 1028 1029 
1866 1029 999 998 
1867 999 1029 1030 
1868 1030 1000 999 
1869 1000 1030 1031 
1870 1031 1001 1000 
1871 1001 1031 1032 
1872 1032 1002 1001 
1873 1002 1032 1033 
1874 1033 1003 1002 
1875 1003 1033 1034 
1876 1034 1004 1003 
1877 1004 1034 1035 
1878 1035 1005 1004 
1879 1005 1035 1036 
1880 1036 1006 1005 
1881 1006 1036 1037 
1882 1037 1007 1006 
1883 1007 1037 1038 
1884 1038 1008 1007 
1885 1008 1038 1039 
1886 1039 1009 1008 
1887 1009 1039 1040 
1888 1040 1010 1009 
1889 1010 1040 1041 
1890 1041 1011 1010 
1891 1011 1041 1042 
1892 1042 1012 1011 
1893 1012 1042 1043 
1894 1043 1013 1012 
1895 1013 1043 1044 
1896 1044 1014 1013 
1897 1014 1044 1045 
1898 1045 1015 1014 
1899 1015 1045 1046 
1900 1046 1016 1015 
1901 1016 1046 1047 
1902 1047 1017 1016 
1903 1017 1047 1048 
1904 1048 1018 1017 
1905 1018 1048 1049 
1906 1049 1019 1018 
1907 1019 1049 1050 
1908 1050 1020 1019 
1909 1020 1050 1051 
1910 1051 1021 1020 
1911 1021 1051 1052 
1912 1052 1022 1021 
1913 1022 1052 1053 
1914 1053 1023 1022 
1915 1023 1053 1054 
1916 1054 1024 1023 
1917 1024 1054 1055 
1918 1055 1025 1024 
1919 1025 1055 1056 
1920 1056 1026 1025 
1921 1026 1056 93 
1922 93 92 1026 
1923 33 34 1057 
1924 1057 1027 33 
1925 1027 1057 1058 
1926 1058 1028 1027 
1927 1028 1058 1059 
1928 1059 1029 1028 
1929 1029 1059 1060 
1930 1060 1030 1029 
1931 1030 1060 1061 
1932 1061 1031 1030 
1933 1031 1061 1062 
1934 1062 1032 1031 
1935 1032 1062 1063 
1936 1063 1033 1032 
1937 1033 1063 1064 
1938 1064 1034 1033 
1939 1034 1064 1065 
1940 1065 1035 1034 
1941 1035 1065 1066 
1942 1066 1036 1035 
1943 1036 1066 1067 
1944 1067 1037 1036 
1945 1037 1067 1068 
1946 1068 1038 1037 
1947 1038 1068 1069 
1948 1069 1039 1038 
1949 1039 1069 1070 
1950 1070 1040 1039 
1951 1040 1070 1071 
1952 1071 1041 1040 
1953 1041 1071 1072 
1954 1072 1042 1041 
1955 1042 1072 1073 
1956 1073 1043 1042 
1957 1043 1073 1074 
1958 1074 1044 1043 
1959 1044 1074 1075 
1960 1075 1045 1044 
1961 1045 1075 1076 
1962 1076 1046 1045 
1963 1046 1076 1077 
1964 1077 1047 1046 
1965 1047 1077 1078 
1966 1078 1048 1047 
1967 1048 1078 1079 
1968 1079 1049 1048 
1969 1049 1079 1080 
1970 1080 1050 1049 
1971 1050 1080 1081 
1972 1081 1051 1050 
1973 1051 1081 1082 
1974 1082 1052 1051 
1975 1052 1082 1083 
1976 1083 1053 1052 
1977 1053 1083 1084 
1978 1084 1054 1053 
1979 1054 1084 1085 
1980 1085 1055 1054 
1981 1055 1085 1086 
1982 1086 1056 1055 
1983 1056 1086 94 
1984 94 93 1056 
1985 34 35 1087 
1986 1087 1057 34 
1987 1057 1087 1088 
1988 1088 1058 1057 
1989 1058 1088 1089 
1990 1089 1059 1058 
1991 1059 1089 1090 
1992 1090 1060 1059 
1993 1060 1090 1091 
1994 1091 1061 1060 
1995 1061 1091 1092 
1996 1092 1062 1061 
1997 1062 1092 1093 
1998 1093 1063 1062 
1999 1063 1093 1094 
2000 1094 1064 1063 
2001 1064 1094 1095 
2002 1095 1065 1064 
2003 1065 1095 1096 
2004 1096 1066 1065 
2005 1066 1096 1097 
2006 1097 1067 1066 
2007 1067 1097 1098 
2008 1098 1068 1067 
2009 1068 1098 1099 
2010 1099 1069 1068 
2011 1069 1099 1100 
2012 1100 1070 1069 
2013 1070 1100 1101 
2014 1101 1071 1070 
2015 1071 1101 1102 
2016 1102 1072 1071 
2017 1072 1102 1103 
2018 1103 1073 1072 
2019 1073 1103 1104 
2020 1104 1074 1073 
2021 1074 1104 1105 
2022 1105 1075 1074 
2023 1075 1105 1106 
2024 1106 1076 1075 
2025 1076 1106 1107 
2026 1107 1077 1076 
2027 1077 1107 1108 
2028 1108 1078 1077 
2029 1078 1108 1109 
2030 1109 1079 1078 
2031 1079 1109 1110 
2032 1110 1080 1079 
2033 1080 1110 1111 
2034 1111 1081 1080 
2035 1081 1111 1112 
2036 1112 1082 1081 
2037 1082 1112 1113 
2038 1113 1083 1082 
2039 1083 1113 1114 
2040 1114 1084 1083 
2041 1084 1114 1115 
2042 1115 1085 1084 
2043 1085 1115 1116 
2044 1116 1086 1085 
2045 1086 1116 95 
2046 95 94 1086 
2047 35 36 1117 
2048 1117 1087 35 
2049 1087 1117 1118 
2050 1118 1088 1087 
2051 1088 1118 1119 
2052 1119 1089 1088 
2053 1089 1119 1120 
2054 1120 1090 1089 
2055 1090 1120 1121 
2056 1121 1091 1090 
2057 1091 1121 1122 
2058 1122 1092 1091 
2059 1092 1122 1123 
2060 1123 1093 1092 
2061 1093 1123 1124 
2062 1124 1094 1093 
2063 1094 1124 1125 
2064 1125 1095 1094 
2065 1095 1125 1126 
2066 1126 1096 1095 
2067 1096 1126 1127 
2068 1127 1097 1096 
2069 1097 1127 1128 
2070 1128 1098 1097 
2071 1098 1128 1129 
2072 1129 1099 1098 
2073 1099 1129 1130 
2074 1130 1100 1099 
2075 1100 1130 1131 
2076 1131 1101 1100 
2077 1101 1131 1132 
2078 1132 1102 1101 
2079 1102 1132 1133 
2080 1133 1103 1102 
2081 1103 1133 1134 
2082 1134 1104 1103 
2083 1104 1134 1135 
2084 1135 1105 1104 
2085 1105 1135 1136 
2086 1136 1106 1105 
2087 1106 1136 1137 
2088 1137 1107 1106 
2089 1107 1137 1138 
2090 1138 1108 1107 
2091 1108 1138 1139 
2092 1139 1109 1108 
2093 1109 1139 1140 
2094 1140 1110 1109 
2095 1110 1140 1141 
2096 1141 1111 1110 
2097 1111 1141 1142 
2098 1142 1112 1111 
2099 1112 1142 1143 
2100 1143 1113 1112 
2101 1113 1143 1144 
2102 1144 1114 1113 
2103 1114 1144 1145 
2104 1145 1115 1114 
2105 1115 1145 1146 
2106 1146 1116 1115 
2107 1116 1146 96 
2108 96 95 1116 
2109 36 2 37 
2110 37 1117 36 
2111 1117 37 38 
2112 38 1118 1117 
2113 1118 38 39 
2114 39 1119 1118 
2115 1119 39 40 
2116 40 1120 1119 
2117 1120 40 41 
2118 41 1121 1120 
2119 1121 41 42 
2120 42 1122 1121 
2121 1122 42 43 
2122 43 1123 1122 
2123 1123 43 44 
2124 44 1124 1123 
2125 1124 44 45 
2126 45 1125 1124 
2127 1125 45 46 
2128 46 1126 1125 
2129 1126 46 47 
2130 47 1127 1126 
2131 1127 47 48 
2132 48 1128 1127 
2133 1128 48 49 
2134 49 1129 1128 
2135 1129 49 50 
2136 50 1130 1129 
2137 1130 50 51 
2138 51 1131 1130 
2139 1131 51 52 
2140 52 1132 1131 
2141 1132 52 53 
2142 53 1133 1132 
2143 1133 53 54 
2144 54 1134 1133 
2145 1134 54 55 
2146 55 1135 1134 
2147 1135 55 56 
2148 56 1136 1135 
2149 1136 56 57 
2150 57 1137 1136 
2151 1137 57 58 
2152 58 1138 1137 
2153 1138 58 59 
2154 59 1139 1138 
2155 1139 59 60 
2156 60 1140 1139 
2157 1140 60 61 
2158 61 1141 1140 
2159 1141 61 62 
2160 62 1142 1141 
2161 1142 62 63 
2162 63 1143 1142 
2163 1143 63 64 
2164 64 1144 1143 
2165 1144 64 65 
2166 65 1145 1144 
2167 1145 65 66 
2168 66 1146 1145 
2169 1146 66 6 
2170 6 96 1146 
2 2 2 1922
2171 5 127 246 
2172 246 127 1147 
2173 246 1147 245 
2174 245 1147 1148 
2175 245 1148 244 
2176 244 1148 1149 
2177 244 1149 243 
2178 243 1149 1150 
2179 243 1150 242 
2180 242 1150 1151 
2181 242 1151 241 
2182 241 1151 1152 
2183 241 1152 240 
2184 240 1152 1153 
2185 240 1153 239 
2186 239 1153 1154 
2187 239 1154 238 
2188 238 1154 1155 
2189 238 1155 237 
2190 237 1155 1156 
2191 237 1156 236 
2192 236 1156 1157 
2193 236 1157 235 
2194 235 1157 1158 
2195 235 1158 234 
2196 234 1158 1159 
2197 234 1159 233 
2198 233 1159 1160 
2199 233 1160 232 
2200 232 1160 1161 
2201 232 1161 231 
2202 231 1161 1162 
2203 231 1162 230 
2204 230 1162 1163 
2205 230 1163 229 
2206 229 1163 1164 
2207 229 1164 228 
2208 228 1164 1165 
2209 228 1165 227 
2210 227 1165 1166 
2211 227 1166 226 
2212 226 1166 1167 
2213 226 1167 225 
2214 225 1167 1168 
2215 225 1168 224 
2216 224 1168 1169 
2217 224 1169 223 
2218 223 1169 1170 
2219 223 1170 222 
2220 222 1170 1171 
2221 222 1171 221 
2222 221 1171 1172 
2223 221 1172 220 
2224 220 1172 1173 
2225 220 1173 219 
2226 219 1173 1174 
2227 219 1174 218 
2228 218 1174 1175 
2229 218 1175 217 
2230 217 1175 1176 
2231 217 1176 4 
2232 4 1176 216 
2233 127 128 1147 
2234 1147 128 1177 
2235 1147 1177 1148 
2236 1148 1177 1178 
2237 1148 1178 1149 
2238 1149 1178 1179 
2239 1149 1179 1150 
2240 1150 1179 1180 
2241 1150 1180 1151 
2242 1151 1180 1181 
2243 1151 1181 1152 
2244 1152 1181 1182 
2245 1152 1182 1153 
2246 1153 1182 1183 
2247 1153 1183 1154 
2248 1154 1183 1184 
2249 1154 1184 1155 
2250 1155 1184 1185 
2251 1155 1185 1156 
2252 1156 1185 1186 
2253 1156 1186 1157 
2254 1157 1186 1187 
2255 1157 1187 1158 
2256 1158 1187 1188 
2257 1158 1188 1159 
2258 1159 1188 1189 
2259 1159 1189 1160 
2260 1160 1189 1190 
2261 1160 1190 1161 
2262 1161 1190 1191 
2263 1161 1191 1162 
2264 1162 1191 1192 
2265 1162 1192 1163 
2266 1163 1192 1193 
2267 1163 1193 1164 
2268 1164 1193 1194 
2269 1164 1194 1165 
2270 1165 1194 1195 
2271 1165 1195 1166 
2272 1166 1195 1196 
2273 1166 1196 1167 
2274 1167 1196 1197 
2275 1167 1197 1168 
2276 1168 1197 1198 
2277 1168 1198 1169 
2278 1169 1198 1199 
2279 1169 1199 1170 
2280 1170 1199 1200 
2281 1170 1200 1171 
2282 1171 1200 1201 
2283 1171 1201 1172 
2284 1172 1201 1202 
2285 1172 1202 1173 
2286 1173 1202 1203 
2287 1173 1203 1174 
2288 1174 1203 1204 
2289 1174 1204 1175 
2290 1175 1204 1205 
2291 1175 1205 1176 
2292 1176 1205 1206 
2293 1176 1206 216 
2294 216 1206 215 
2295 128 129 1177 
2296 1177 129 1207 
2297 1177 1207 1178 
2298 1178 1207 1208 
2299 1178 1208 1179 
2300 1179 1208 1209 
2301 1179 1209 1180 
2302 1180 1209 1210 
2303 1180 1210 1181 
2304 1181 1210 1211 
2305 1181 1211 1182 
2306 1182 1211 1212 
2307 1182 1212 1183 
2308 1183 1212 1213 
2309 1183 1213 1184 
2310 1184 1213 1214 
2311 1184 1214 1185 
2312 1185 1214 1215 
2313 1185 1215 1186 
2314 1186 1215 1216 
2315 1186 1216 1187 
2316 1187 1216 1217 
2317 1187 1217 1188 
2318 1188 1217 1218 
2319 1188 1218 1189 
2320 1189 1218 1219 
2321 1189 1219 1190 
2322 1190 1219 1220 
2323 1190 1220 1191 
2324 1191 1220 1221 
2325 1191 1221 1192 
2326 1192 1221 1222 
2327 1192 1222 1193 
2328 1193 1222 1223 
2329 1193 1223 1194 
2330 1194 1223 1224 
2331 1194 1224 1195 
2332 1195 1224 1225 
2333 1195 1225 1196 
2334 1196 1225 1226 
2335 1196 1226 1197 
2336 1197 1226 1227 
2337 1197 1227 1198 
2338 1198 1227 1228 
2339 1198 1228 1199 
2340 1199 1228 1229 
2341 1199 1229 1200 
2342 1200 1229 1230 
2343 1200 1230 1201 
2344 1201 1230 1231 
2345 1201 1231 1202 
2346 1202 1231 1232 
2347 1202 1232 1203 
2348 1203 1232 1233 
2349 1203 1233 1204 
2350 1204 1233 1234 
2351 1204 1234 1205 
2352 1205 1234 1235 
2353 1205 1235 1206 
2354 1206 1235 1236 
2355 1206 1236 215 
2356 215 1236 214 
2357 129 130 1207 
2358 1207 130 1237 
2359 1207 1237 1208 
2360 1208 1237 1238 
2361 1208 1238 1209 
2362 1209 1238 1239 
2363 1209 1239 1210 
2364 1210 1239 1240 
2365 1210 1240 1211 
2366 1211 1240 1241 
2367 1211 1241 1212 
2368 1212 1241 1242 
2369 1212 1242 1213 
2370 1213 1242 1243 
2371 1213 1243 1214 
2372 1214 1243 1244 
2373 1214 1244 1215 
2374 1215 1244 1245 
2375 1215 1245 1216 
2376 1216 1245 1246 
2377 1216 1246 1217 
2378 1217 1246 1247 
2379 1217 1247 1218 
2380 1218 1247 1248 
2381 1218 1248 1219 
2382 1219 1248 1249 
2383 1219 1249 1220 
2384 1220 1249 1250 
2385 1220 1250 1221 
2386 1221 1250 1251 
2387 1221 1251 1222 
2388 1222 1251 1252 
2389 1222 1252 1223 
2390 1223 1252 1253 
2391 1223 1253 1224 
2392 1224 1253 1254 
2393 1224 1254 1225 
2394 1225 1254 1255 
2395 1225 1255 1226 
2396 1226 1255 1256 
2397 1226 1256 1227 
2398 1227 1256 1257 
2399 1227 1257 1228 
2400 1228 1257 1258 
2401 1228 1258 1229 
2402 1229 1258 1259 
2403 1229 1259 1230 
2404 1230 1259 1260 
2405 1230 1260 1231 
2406 1231 1260 1261 
2407 1231 1261 1232 
2408 1232 1261 1262 
2409 1232 1262 1233 
2410 1233 1262 1263 
2411 1233 1263 1234 
2412 1234 1263 1264 
2413 1234 1264 1235 
2414 1235 1264 1265 
2415 1235 1265 1236 
2416 1236 1265 1266 
2417 1236 1266 214 
2418 214 1266 213 
2419 130 131 1237 
2420 1237 131 1267 
2421 1237 1267 1238 
2422 1238 1267 1268 
2423 1238 1268 1239 
2424 1239 1268 1269 
2425 1239 1269 1240 
2426 1240 1269 1270 
2427 1240 1270 1241 
2428 1241 1270 1271 
2429 1241 1271 1242 
2430 1242 1271 1272 
2431 1242 1272 1243 
2432 1243 1272 1273 
2433 1243 1273 1244 
2434 1244 1273 1274 
2435 1244 1274 1245 
2436 1245 1274 1275 
2437 1245 1275 1246 
2438 1246 1275 1276 
2439 1246 1276 1247 
2440 1247 1276 1277 
2441 1247 1277 1248 
2442 1248 1277 1278 
2443 1248 1278 1249 
2444 1249 1278 1279 
2445 1249 1279 1250 
2446 1250 1279 1280 
2447 1250 1280 1251 
2448 1251 1280 1281 
2449 1251 1281 1252 
2450 1252 1281 1282 
2451 1252 1282 1253 
2452 1253 1282 1283 
2453 1253 1283 1254 
2454 1254 1283 1284 
2455 1254 1284 1255 
2456 1255 1284 1285 
2457 1255 1285 1256 
2458 1256 1285 1286 
2459 1256 1286 1257 
2460 1257 1286 1287 
2461 1257 1287 1258 
2462 1258 1287 1288 
2463 1258 1288 1259 
2464 1259 1288 1289 
2465 1259 1289 1260 
2466 1260 1289 1290 
2467 1260 1290 1261 
2468 1261 1290 1291 
2469 1261 1291 1262 
2470 1262 1291 1292 
2471 1262 1292 1263 
2472 1263 1292 1293 
2473 1263 1293 1264 
2474 1264 1293 1294 
2475 1264 1294 1265 
2476 1265 1294 1295 
2477 1265 1295 1266 
2478 1266 1295 1296 
2479 1266 1296 213 
2480 213 1296 212 
2481 131 132 1267 
2482 1267 132 1297 
2483 1267 1297 1268 
2484 1268 1297 1298 
2485 1268 1298 1269 
2486 1269 1298 1299 
2487 1269 1299 1270 
2488 1270 1299 1300 
2489 1270 1300 1271 
2490 1271 1300 1301 
2491 1271 1301 1272 
2492 1272 1301 1302 
2493 1272 1302 1273 
2494 1273 1302 1303 
2495 1273 1303 1274 
2496 1274 1303 1304 
2497 1274 1304 1275 
2498 1275 1304 1305 
2499 1275 1305 1276 
2500 1276 1305 1306 
2501 1276 1306 1277 
2502 1277 1306 1307 
2503 1277 1307 1278 
2504 1278 1307 1308 
2505 1278 1308 1279 
2506 1279 1308 1309 
2507 1279 1309 1280 
2508 1280 1309 1310 
2509 1280 1310 1281 
2510 1281 1310 1311 
2511 1281 1311 1282 
2512 1282 1311 1312 
2513 1282 1312 1283 
2514 1283 1312 1313 
2515 1283 1313 1284 
2516 1284 1313 1314 
2517 1284 1314 1285 
2518 1285 1314 1315 
2519 1285 1315 1286 
2520 1286 1315 1316 
2521 1286 1316 1287 
2522 1287 1316 1317 
2523 1287 1317 1288 
2524 1288 1317 1318 
2525 1288 1318 1289 
2526 1289 1318 1319 
2527 1289 1319 1290 
2528 1290 1319 1320 
2529 1290 1320 1291 
2530 1291 1320 1321 
2531 1291 1321 1292 
2532 1292 1321 1322 
2533 1292 1322 1293 
2534 1293 1322 1323 
2535 1293 1323 1294 
2536 1294 1323 1324 
2537 1294 1324 1295 
2538 1295 1324 1325 
2539 1295 1325 1296 
2540 1296 1325 1326 
2541 1296 1326 212 
2542 212 1326 211 
2543 132 133 1297 
2544 1297 133 1327 
2545 1297 1327 1298 
2546 1298 1327 1328 
2547 1298 1328 1299 
2548 1299 1328 1329 
2549 1299 1329 1300 
2550 1300 1329 1330 
2551 1300 1330 1301 
2552 1301 1330 1331 
2553 1301 1331 1302 
2554 1302 1331 1332 
2555 1302 1332 1303 
2556 1303 1332 1333 
2557 1303 1333 1304 
2558 1304 1333 1334 
2559 1304 1334 1305 
2560 1305 1334 1335 
2561 1305 1335 1306 
2562 1306 1335 1336 
2563 1306 1336 1307 
2564 1307 1336 1337 
2565 1307 1337 1308 
2566 1308 1337 1338 
2567 1308 1338 1309 
2568 1309 1338 1339 
2569 1309 1339 1310 
2570 1310 1339 1340 
2571 1310 1340 1311 
2572 1311 1340 1341 
2573 1311 1341 1312 
2574 1312 1341 1342 
2575 1312 1342 1313 
2576 1313 1342 1343 
2577 1313 1343 1314 
2578 1314 1343 1344 
2579 1314 1344 1315 
2580 1315 1344 1345 
2581 1315 1345 1316 
2582 1316 1345 1346 
2583 1316 1346 1317 
2584 1317 1346 1347 
2585 1317 1347 1318 
2586 1318 1347 1348 
2587 1318 1348 1319 
2588 1319 1348 1349 
2589 1319 1349 1320 
2590 1320 1349 1350 
2591 1320 1350 1321 
2592 1321 1350 1351 
2593 1321 1351 1322 
2594 1322 1351 1352 
2595 1322 1352 1323 
2596 1323 1352 1353 
2597 1323 1353 1324 
2598 1324 1353 1354 
2599 1324 1354 1325 
2600 1325 1354 1355 
2601 1325 1355 1326 
2602 1326 1355 1356 
2603 1326 1356 211 
2604 211 1356 210 
2605 133 134 1327 
2606 1327 134 1357 
2607 1327 1357 1328 
2608 1328 1357 1358 
2609 1328 1358 1329 
2610 1329 1358 1359 
2611 1329 1359 1330 
2612 1330 1359 1360 
2613 1330 1360 1331 
2614 1331 1360 1361 
2615 1331 1361 1332 
2616 1332 1361 1362 
2617 1332 1362 1333 
2618 1333 1362 1363 
2619 1333 1363 1334 
2620 1334 1363 1364 
2621 1334 1364 1335 
2622 1335 1364 1365 
2623 1335 1365 1336 
2624 1336 1365 1366 
2625 1336 1366 1337 
2626 1337 1366 1367 
2627 1337 1367 1338 
2628 1338 1367 1368 
2629 1338 1368 1339 
2630 1339 1368 1369 
2631 1339 1369 1340 
2632 1340 1369 1370 
2633 1340 1370 1341 
2634 1341 1370 1371 
2635 1341 1371 1342 
2636 1342 1371 1372 
2637 1342 1372 1343 
2638 1343 1372 1373 
2639 1343 1373 1344 
2640 1344 1373 1374 
2641 1344 1374 1345 
2642 1345 1374 1375 
2643 1345 1375 1346 
2644 1346 1375 1376 
2645 1346 1376 1347 
2646 1347 1376 1377 
2647 1347 1377 1348 
2648 1348 1377 1378 
2649 1348 1378 1349 
2650 1349 1378 1379 
2651 1349 1379 1350 
2652 1350 1379 1380 
2653 1350 1380 1351 
2654 1351 1380 1381 
2655 1351 1381 1352 
2656 1352 1381 1382 
2657 1352 1382 1353 
2658 1353 1382 1383 
2659 1353 1383 1354 
2660 1354 1383 1384 
2661 1354 1384 1355 
2662 1355 1384 1385 
2663 1355 1385 1356 
2664 1356 1385 1386 
2665 1356 1386 210 
2666 210 1386 209 
2667 134 135 1357 
2668 1357 135 1387 
2669 1357 1387 1358 
2670 1358 1387 1388 
2671 1358 1388 1359 
2672 1359 1388 1389 
2673 1359 1389 1360 
2674 1360 1389 1390 
2675 1360 1390 1361 
2676 1361 1390 1391 
2677 1361 1391 1362 
2678 1362 1391 1392 
2679 1362 1392 1363 
2680 1363 1392 1393 
2681 1363 1393 1364 
2682 1364 1393 1394 
2683 1364 1394 1365 
2684 1365 1394 1395 
2685 1365 1395 1366 
2686 1366 1395 1396 
2687 1366 1396 1367 
2688 1367 1396 1397 
2689 1367 1397 1368 
2690 1368 1397 1398 
2691 1368 1398 1369 
2692 1369 1398 1399 
2693 1369 1399 1370 
2694 1370 1399 1400 
2695 1370 1400 1371 
2696 1371 1400 1401 
2697 1371 1401 1372 
2698 1372 1401 1402 
2699 1372 1402 1373 
2700 1373 1402 1403 
2701 1373 1403 1374 
2702 1374 1403 1404 
2703 1374 1404 1375 
2704 1375 1404 1405 
2705 1375 1405 1376 
2706 1376 1405 1406 
2707 1376 1406 1377 
2708 1377 1406 1407 
2709 1377 1407 1378 
2710 1378 1407 1408 
2711 1378 1408 1379 
2712 1379 1408 1409 
2713 1379 1409 1380 
2714 1380 1409 1410 
2715 1380 1410 1381 
2716 1381 1410 1411 
2717 1381 1411 1382 
2718 1382 1411 1412 
2719 1382 1412 1383 
2720 1383 1412 1413 
2721 1383 1413 1384 
2722 1384 1413 1414 
2723 1384 1414 1385 
2724 1385 1414 1415 
2725 1385 1415 1386 
2726 1386 1415 1416 
2727 1386 1416 209 
2728 209 1416 208 
2729 135 136 1387 
2730 1387 136 1417 
2731 1387 1417 1388 
2732 1388 1417 1418 
2733 1388 1418 1389 
2734 1389 1418 1419 
2735 1389 1419 1390 
2736 1390 1419 1420 
2737 1390 1420 1391 
2738 1391 1420 1421 
2739 1391 1421 1392 
2740 1392 1421 1422 
2741 1392 1422 1393 
2742 1393 1422 1423 
2743 1393 1423 1394 
2744 1394 1423 1424 
2745 1394 1424 1395 
2746 1395 1424 1425 
2747 1395 1425 1396 
2748 1396 1425 1426 
2749 1396 1426 1397 
2750 1397 1426 1427 
2751 1397 1427 1398 
2752 1398 1427 1428 
2753 1398 1428 1399 
2754 1399 1428 1429 
2755 1399 1429 1400 
2756 1400 1429 1430 
2757 1400 1430 1401 
2758 1401 1430 1431 
2759 1401 1431 1402 
2760 1402 1431 1432 
2761 1402 1432 1403 
2762 1403 1432 1433 
2763 1403 1433 1404 
2764 1404 1433 1434 
2765 1404 1434 1405 
2766 1405 1434 1435 
2767 1405 1435 1406 
2768 1406 1435 1436 
2769 1406 1436 1407 
2770 1407 1436 1437 
2771 1407 1437 1408 
2772 1408 1437 1438 
2773 1408 1438 1409 
2774 1409 1438 1439 
2775 1409 1439 1410 
2776 1410 1439 1440 
2777 1410 1440 1411 
2778 1411 1440 1441 
2779 1411 1441 1412 
2780 1412 1441 1442 
2781 1412 1442 1413 
2782 1413 1442 1443 
2783 1413 1443 1414 
2784 1414 1443 1444 
2785 1414 1444 1415 
2786 1415 1444 1445 
2787 1415 1445 1416 
2788 1416 1445 1446 
2789 1416 1446 208 
2790 208 1446 207 
2791 136 137 1417 
2792 1417 137 1447 
2793 1417 1447 1418 
2794 1418 1447 1448 
2795 1418 1448 1419 
2796 1419 1448 1449 
2797 1419 1449 1420 
2798 1420 1449 1450 
2799 1420 1450 1421 
2800 1421 1450 1451 
2801 1421 1451 1422 
2802 1422 1451 1452 
2803 1422 1452 1423 
2804 1423 1452 1453 
2805 1423 1453 1424 
2806 1424 1453 1454 
2807 1424 1454 1425 
2808 1425 1454 1455 
2809 1425 1455 1426 
2810 1426 1455 1456 
2811 1426 1456 1427 
2812 1427 1456 1457 
2813 1427 1457 1428 
2814 1428 1457 1458 
2815 1428 1458 1429 
2816 1429 1458 1459 
2817 1429 1459 1430 
2818 1430 1459 1460 
2819 1430 1460 1431 
2820 1431 1460 1461 
2821 1431 1461 1432 
2822 1432 1461 1462 
2823 1432 1462 1433 
2824 1433 1462 1463 
2825 1433 1463 1434 
2826 1434 1463 1464 
2827 1434 1464 1435 
2828 1435 1464 1465 
2829 1435 1465 1436 
2830 1436 1465 1466 
2831 1436 1466 1437 
2832 1437 1466 1467 
2833 1437 1467 1438 
2834 1438 1467 1468 
2835 1438 1468 1439 
2836 1439 1468 1469 
2837 1439 1469 1440 
2838 1440 1469 1470 
2839 1440 1470 1441 
2840 1441 1470 1471 
2841 1441 1471 1442 
2842 1442 1471 1472 
2843 1442 1472 1443 
2844 1443 1472 1473 
2845 1443 1473 1444 
2846 1444 1473 1474 
2847 1444 1474 1445 
2848 1445 1474 1475 
2849 1445 1475 1446 
2850 1446 1475 1476 
2851 1446 1476 207 
2852 207 1476 206 
2853 137 138 1447 
2854 1447 138 1477 
2855 1447 1477 1448 
2856 1448 1477 1478 
2857 1448 1478 1449 
2858 1449 1478 1479 
2859 1449 1479 1450 
2860 1450 1479 1480 
2861 1450 1480 1451 
2862 1451 1480 1481 
2863 1451 1481 1452 
2864 1452 1481 1482 
2865 1452 1482 1453 
2866 1453 1482 1483 
2867 1453 1483 1454 
2868 1454 1483 1484 
2869 1454 1484 1455 
2870 1455 1484 1485 
2871 1455 1485 1456 
2872 1456 1485 1486 
2873 1456 1486 1457 
2874 1457 1486 1487 
2875 1457 1487 1458 
2876 1458 1487 1488 
2877 1458 1488 1459 
2878 1459 1488 1489 
2879 1459 1489 1460 
2880 1460 1489 1490 
2881 1460 1490 1461 
2882 1461 1490 1491 
2883 1461 1491 1462 
2884 1462 1491 1492 
2885 1462 1492 1463 
2886 1463 1492 1493 
2887 1463 1493 1464 
2888 1464 1493 1494 
2889 1464 1494 1465 
2890 1465 1494 1495 
2891 1465 1495 1466 
2892 1466 1495 1496 
2893 1466 1496 1467 
2894 1467 1496 1497 
2895 1467 1497 1468 
2896 1468 1497 1498 
2897 1468 1498 1469 
2898 1469 1498 1499 
2899 1469 1499 1470 
2900 1470 1499 1500 
2901 1470 1500 1471 
2902 1471 1500 1501 
2903 1471 1501 1472 
2904 1472 1501 1502 
2905 1472 1502 1473 
2906 1473 1502 1503 
2907 1473 1503 1474 
2908 1474 1503 1504 
2909 1474 1504 1475 
2910 1475 1504 1505 
2911 1475 1505 1476 
2912 1476 1505 1506 
2913 1476 1506 206 
2914 206 1506 205 
2915 138 139 1477 
2916 1477 139 1507 
2917 1477 1507 1478 
2918 1478 1507 1508 
2919 1478 1508 1479 
2920 1479 1508 1509 
2921 1479 1509 1480 
2922 1480 1509 1510 
2923 1480 1510 1481 
2924 1481 1510 1511 
2925 1481 1511 1482 
2926 1482 1511 1512 
2927 1482 1512 1483 
2928 1483 1512 1513 
2929 1483 1513 1484 
2930 1484 1513 1514 
2931 1484 1514 1485 
2932 1485 1514 1515 
2933 1485 1515 1486 
2934 1486 1515 1516 
2935 1486 1516 1487 
2936 1487 1516 1517 
2937 1487 1517 1488 
2938 1488 1517 1518 
2939 1488 1518 1489 
2940 1489 1518 1519 
2941 1489 1519 1490 
2942 1490 1519 1520 
2943 1490 1520 1491 
2944 1491 1520 1521 
2945 1491 1521 1492 
2946 1492 1521 1522 
2947 1492 1522 1493 
2948 1493 1522 1523 
2949 1493 1523 1494 
2950 1494 1523 1524 
2951 1494 1524 1495 
2952 1495 1524 1525 
2953 1495 1525 1496 
2954 1496 1525 1526 
2955 1496 1526 1497 
2956 1497 1526 1527 
2957 1497 1527 1498 
2958 1498 1527 1528 
2959 1498 1528 1499 
2960 1499 1528 1529 
2961 1499 1529 1500 
2962 1500 1529 1530 
2963 1500 1530 1501 
2964 1501 1530 1531 
2965 1501 1531 1502 
2966 1502 1531 1532 
2967 1502 1532 1503 
2968 1503 1532 1533 
2969 1503 1533 1504 
2970 1504 1533 1534 
2971 1504 1534 1505 
2972 1505 1534 1535 
2973 1505 1535 1506 
2974 1506 1535 1536 
2975 1506 1536 205 
2976 205 1536 204 
2977 139 140 1507 
2978 1507 140 1537 
2979 1507 1537 1508 
2980 1508 1537 1538 
2981 1508 1538 1509 
2982 1509 1538 1539 
2983 1509 1539 1510 
2984 1510 1539 1540 
2985 1510 1540 1511 
2986 1511 1540 1541 
2987 1511 1541 1512 
2988 1512 1541 1542 
2989 1512 1542 1513 
2990 1513 1542 1543 
2991 1513 1543 1514 
2992 1514 1543 1544 
2993 1514 1544 1515 
2994 1515 1544 1545 
2995 1515 1545 1516 
2996 1516 1545 1546 
2997 1516 1546 1517 
2998 1517 1546 1547 
2999 1517 1547 1518 
3000 1518 1547 1548 
3001 1518 1548 1519 
3002 1519 1548 1549 
3003 1519 1549 1520 
3004 1520 1549 1550 
3005 1520 1550 1521 
3006 1521 1550 1551 
3007 1521 1551 1522 
3008 1522 1551 1552 
3009 1522 1552 1523 
3010 1523 1552 1553 
3011 1523 1553 1524 
3012 1524 1553 1554 
3013 1524 1554 1525 
3014 1525 1554 1555 
3015 1525 1555 1526 
3016 1526 1555 1556 
3017 1526 1556 1527 
3018 1527 1556 1557 
3019 1527 1557 1528 
3020 1528 1557 1558 
3021 1528 1558 1529 
3022 1529 1558 1559 
3023 1529 1559 1530 
3024 1530 1559 1560 
3025 1530 1560 1531 
3026 1531 1560 1561 
3027 1531 1561 1532 
3028 1532 1561 1562 
3029 1532 1562 1533 
3030 1533 1562 1563 
3031 1533 1563 1534 
3032 1534 1563 1564 
3033 1534 1564 1535 
3034 1535 1564 1565 
3035 1535 1565 1536 
3036 1536 1565 1566 
3037 1536 1566 204 
3038 204 1566 203 
3039 140 141 1537 
3040 1537 141 1567 
3041 1537 1567 1538 
3042 1538 1567 1568 
3043 1538 1568 1539 
3044 1539 1568 1569 
3045 1539 1569 1540 
3046 1540 1569 1570 
3047 1540 1570 1541 
3048 1541 1570 1571 
3049 1541 1571 1542 
3050 1542 1571 1572 
3051 1542 1572 1543 
3052 1543 1572 1573 
3053 1543 1573 1544 
3054 1544 1573 1574 
3055 1544 1574 1545 
3056 1545 1574 1575 
3057 1545 1575 1546 
3058 1546 1575 1576 
3059 1546 1576 1547 
3060 1547 1576 1577 
3061 1547 1577 1548 
3062 1548 1577 1578 
3063 1548 1578 1549 
3064 1549 1578 1579 
3065 1549 1579 1550 
3066 1550 1579 1580 
3067 1550 1580 1551 
3068 1551 1580 1581 
3069 1551 1581 1552 
3070 1552 1581 1582 
3071 1552 1582 1553 
3072 1553 1582 1583 
3073 1553 1583 1554 
3074 1554 1583 1584 
3075 1554 1584 1555 
3076 1555 1584 1585 
3077 1555 1585 1556 
3078 1556 1585 1586 
3079 1556 1586 1557 
3080 1557 1586 1587 
3081 1557 1587 1558 
3082 1558 1587 1588 
3083 1558 1588 1559 
3084 1559 1588 1589 
3085 1559 1589 1560 
3086 1560 1589 1590 
3087 1560 1590 1561 
3088 1561 1590 1591 
3089 1561 1591 1562 
3090 1562 1591 1592 
3091 1562 1592 1563 
3092 1563 1592 1593 
3093 1563 1593 1564 
3094 1564 1593 1594 
3095 1564 1594 1565 
3096 1565 1594 1595 
3097 1565 1595 1566 
3098 1566 1595 1596 
3099 1566 1596 203 
3100 203 1596 202 
3101 141 142 1567 
3102 1567 142 1597 
3103 1567 1597 1568 
3104 1568 1597 1598 
3105 1568 1598 1569 
3106 1569 1598 1599 
3107 1569 1599 1570 
3108 1570 1599 1600 
3109 1570 1600 1571 
3110 1571 1600 1601 
3111 1571 1601 1572 
3112 1572 1601 1602 
3113 1572 1602 1573 
3114 1573 1602 1603 
3115 1573 1603 1574 
3116 1574 1603 1604 
3117 1574 1604 1575 
3118 1575 1604 1605 
3119 1575 1605 1576 
3120 1576 1605 1606 
3121 1576 1606 1577 
3122 1577 1606 1607 
3123 1577 1607 1578 
3124 1578 1607 1608 
3125 1578 1608 1579 
3126 1579 1608 1609 
3127 1579 1609 1580 
3128 1580 1609 1610 
3129 1580 1610 1581 
3130 1581 1610 1611 
3131 1581 1611 1582 
3132 1582 1611 1612 
3133 1582 1612 1583 
3134 1583 1612 1613 
3135 1583 1613 1584 
3136 1584 1613 1614 
3137 1584 1614 1585 
3138 1585 1614 1615 
3139 1585 1615 1586 
3140 1586 1615 1616 
3141 1586 1616 1587 
3142 1587 1616 1617 
3143 1587 1617 1588 
3144 1588 1617 1618 
3145 1588 1618 1589 
3146 1589 1618 1619 
3147 1589 1619 1590 
3148 1590 1619 1620 
3149 1590 1620 1591 
3150 1591 1620 1621 
3151 1591 1621 1592 
3152 1592 1621 1622 
3153 1592 1622 1593 
3154 1593 1622 1623 
3155 1593 1623 1594 
3156 1594 1623 1624 
3157 1594 1624 1595 
3158 1595 1624 1625 
3159 1595 1625 1596 
3160 1596 1625 1626 
3161 1596 1626 202 
3162 202 1626 201 
3163 142 143 1597 
3164 1597 143 1627 
3165 1597 1627 1598 
3166 1598 1627 1628 
3167 1598 1628 1599 
3168 1599 1628 1629 
3169 1599 1629 1600 
3170 1600 1629 1630 
3171 1600 1630 1601 
3172 1601 1630 1631 
3173 1601 1631 1602 
3174 1602 1631 1632 
3175 1602 1632 1603 
3176 1603 1632 1633 
3177 1603 1633 1604 
3178 1604 1633 1634 
3179 1604 1634 1605 
3180 1605 1634 1635 
3181 1605 1635 1606 
3182 1606 1635 1636 
3183 1606 1636 1607 
3184 1607 1636 1637 
3185 1607 1637 1608 
3186 1608 1637 1638 
3187 1608 1638 1609 
3188 1609 1638 1639 
3189 1609 1639 1610 
3190 1610 1639 1640 
3191 1610 1640 1611 
3192 1611 1640 1641 
3193 1611 1641 1612 
3194 1612 1641 1642 
3195 1612 1642 1613 
3196 1613 1642 1643 
3197 1613 1643 1614 
3198 1614 1643 1644 
3199 1614 1644 1615 
3200 1615 1644 1645 
3201 1615 1645 1616 
3202 1616 1645 1646 
3203 1616 1646 1617 
3204 1617 1646 1647 
3205 1617 1647 1618 
3206 1618 1647 1648 
3207 1618 1648 1619 
3208 1619 1648 1649 
3209 1619 1649 1620 
3210 1620 1649 1650 
3211 1620 1650 1621 
3212 1621 1650 1651 
3213 1621 1651 1622 
3214 1622 1651 1652 
3215 1622 1652 1623 
3216 1623 1652 1653 
3217 1623 1653 1624 
3218 1624 1653 1654 
3219 1624 1654 1625 
3220 1625 1654 1655 
3221 1625 1655 1626 
3222 1626 1655 1656 
3223 1626 1656 201 
3224 201 1656 200 
3225 143 144 1627 
3226 1627 144 1657 
3227 1627 1657 1628 
3228 1628 1657 1658 
3229 1628 1658 1629 
3230 1629 1658 1659 
3231 1629 1659 1630 
3232 1630 1659 1660 
3233 1630 1660 1631 
3234 1631 1660 1661 
3235 1631 1661 1632 
3236 1632 1661 1662 
3237 1632 1662 1633 
3238 1633 1662 1663 
3239 1633 1663 1634 
3240 1634 1663 1664 
3241 1634 1664 1635 
3242 1635 1664 1665 
3243 1635 1665 1636 
3244 1636 1665 1666 
3245 1636 1666 1637 
3246 1637 1666 1667 
3247 1637 1667 1638 
3248 1638 1667 1668 
3249 1638 1668 1639 
3250 1639 1668 1669 
3251 1639 1669 1640 
3252 1640 1669 1670 
3253 1640 1670 1641 
3254 1641 1670 1671 
3255 1641 1671 1642 
3256 1642 1671 1672 
3257 1642 1672 1643 
3258 1643 1672 1673 
3259 1643 1673 1644 
3260 1644 1673 1674 
3261 1644 1674 1645 
3262 1645 1674 1675 
3263 1645 1675 1646 
3264 1646 1675 1676 
3265 1646 1676 1647 
3266 1647 1676 1677 
3267 1647 1677 1648 
3268 1648 1677 1678 
3269 1648 1678 1649 
3270 1649 1678 1679 
3271 1649 1679 1650 
3272 1650 1679 1680 
3273 1650 1680 1651 
3274 1651 1680 1681 
3275 1651 1681 1652 
3276 1652 1681 1682 
3277 1652 1682 1653 
3278 1653 1682 1683 
3279 1653 1683 1654 
3280 1654 1683 1684 
3281 1654 1684 1655 
3282 1655 1684 1685 
3283 1655 1685 1656 
3284 1656 1685 1686 
3285 1656 1686 200 
3286 200 1686 199 
3287 144 145 1657 
3288 1657 145 1687 
3289 1657 1687 1658 
3290 1658 1687 1688 
3291 1658 1688 1659 
3292 1659 1688 1689 
3293 1659 1689 1660 
3294 1660 1689 1690 
3295 1660 1690 1661 
3296 1661 1690 1691 
3297 1661 1691 1662 
3298 1662 1691 1692 
3299 1662 1692 1663 
3300 1663 1692 1693 
3301 1663 1693 1664 
3302 1664 1693 1694 
3303 1664 1694 1665 
3304 1665 1694 1695 
3305 1665 1695 1666 
3306 1666 1695 1696 
3307 1666 1696 1667 
3308 1667 1696 1697 
3309 1667 1697 1668 
3310 1668 1697 1698 
3311 1668 1698 1669 
3312 1669 1698 1699 
3313 1669 1699 1670 
3314 1670 1699 1700 
3315 1670 1700 1671 
3316 1671 1700 1701 
3317 1671 1701 1672 
3318 1672 1701 1702 
3319 1672 1702 1673 
3320 1673 1702 1703 
3321 1673 1703 1674 
3322 1674 1703 1704 
3323 1674 1704 1675 
3324 1675 1704 1705 
3325 1675 1705 1676 
3326 1676 1705 1706 
3327 1676 1706 1677 
3328 1677 1706 1707 
3329 1677 1707 1678 
3330 1678 1707 1708 
3331 1678 1708 1679 
3332 1679 1708 1709 
3333 1679 1709 1680 
3334 1680 1709 1710 
3335 1680 1710 1681 
3336 1681 1710 1711 
3337 1681 1711 1682 
3338 1682 1711 1712 
3339 1682 1712 1683 
3340 1683 1712 1713 
3341 1683 1713 1684 
3342 1684 1713 1714 
3343 1684 1714 1685 
3344 1685 1714 1715 
3345 1685 1715 1686 
3346 1686 1715 1716 
3347 1686 1716 199 
3348 199 1716 198 
3349 145 146 1687 
3350 1687 146 1717 
3351 1687 1717 1688 
3352 1688 1717 1718 
3353 1688 1718 1689 
3354 1689 1718 1719 
3355 1689 1719 1690 
3356 1690 1719 1720 
3357 1690 1720 1691 
3358 1691 1720 1721 
3359 1691 1721 1692 
3360 1692 1721 1722 
3361 1692 1722 1693 
3362 1693 1722 1723 
3363 1693 1723 1694 
3364 1694 1723 1724 
3365 1694 1724 1695 
3366 1695 1724 1725 
3367 1695 1725 1696 
3368 1696 1725 1726 
3369 1696 1726 1697 
3370 1697 1726 1727 
3371 1697 1727 1698 
3372 1698 1727 1728 
3373 1698 1728 1699 
3374 1699 1728 1729 
3375 1699 1729 1700 
3376 1700 1729 1730 
3377 1700 1730 1701 
3378 1701 1730 1731 
3379 1701 1731 1702 
3380 1702 1731 1732 
3381 1702 1732 1703 
3382 1703 1732 1733 
3383 1703 1733 1704 
3384 1704 1733 1734 
3385 1704 1734 1705 
3386 1705 1734 1735 
3387 1705 1735 1706 
3388 1706 1735 1736 
3389 1706 1736 1707 
3390 1707 1736 1737 
3391 1707 1737 1708 
3392 1708 1737 1738 
3393 1708 1738 1709 
3394 1709 1738 1739 
3395 1709 1739 1710 
3396 1710 1739 1740 
3397 1710 1740 1711 
3398 1711 1740 1741 
3399 1711 1741 1712 
3400 1712 1741 1742 
3401 1712 1742 1713 
3402 1713 1742 1743 
3403 1713 1743 1714 
3404 1714 1743 1744 
3405 1714 1744 1715 
3406 1715 1744 1745 
3407 1715 1745 1716 
3408 1716 1745 1746 
3409 1716 1746 198 
3410 198 1746 197 
3411 146 147 1717 
3412 1717 147 1747 
3413 1717 1747 1718 
3414 1718 1747 1748 
3415 1718 1748 1719 
3416 1719 1748 1749 
3417 1719 1749 1720 
3418 1720 1749 1750 
3419 1720 1750 1721 
3420 1721 1750 1751 
3421 1721 1751 1722 
3422 1722 1751 1752 
3423 1722 1752 1723 
3424 1723 1752 1753 
3425 1723 1753 1724 
3426 1724 1753 1754 
3427 1724 1754 1725 
3428 1725 1754 1755 
3429 1725 1755 1726 
3430 1726 1755 1756 
3431 1726 1756 1727 
3432 1727 1756 1757 
3433 1727 1757 1728 
3434 1728 1757 1758 
3435 1728 1758 1729 
3436 1729 1758 1759 
3437 1729 1759 1730 
3438 1730 1759 1760 
3439 1730 1760 1731 
3440 1731 1760 1761 
3441 1731 1761 1732 
3442 1732 1761 1762 
3443 1732 1762 1733 
3444 1733 1762 1763 
3445 1733 1763 1734 
3446 1734 1763 1764 
3447 1734 1764 1735 
3448 1735 1764 1765 
3449 1735 1765 1736 
3450 1736 1765 1766 
3451 1736 1766 1737 
3452 1737 1766 1767 
3453 1737 1767 1738 
3454 1738 1767 1768 
3455 1738 1768 1739 
3456 1739 1768 1769 
3457 1739 1769 1740 
3458 1740 1769 1770 
3459 1740 1770 1741 
3460 1741 1770 1771 
3461 1741 1771 1742 
3462 1742 1771 1772 
3463 1742 1772 1743 
3464 1743 1772 1773 
3465 1743 1773 1744 
3466 1744 1773 1774 
3467 1744 1774 1745 
3468 1745 1774 1775 
3469 1745 1775 1746 
3470 1746 1775 1776 
3471 1746 1776 197 
3472 197 1776 196 
3473 147 148 1747 
3474 1747 148 1777 
3475 1747 1777 1748 
3476 1748 1777 1778 
3477 1748 1778 1749 
3478 1749 1778 1779 
3479 1749 1779 1750 
3480 1750 1779 1780 
3481 1750 1780 1751 
3482 1751 1780 1781 
3483 1751 1781 1752 
3484 1752 1781 1782 
3485 1752 1782 1753 
3486 1753 1782 1783 
3487 1753 1783 1754 
3488 1754 1783 1784 
3489 1754 1784 1755 
3490 1755 1784 1785 
3491 1755 1785 1756 
3492 1756 1785 1786 
3493 1756 1786 1757 
3494 1757 1786 1787 
3495 1757 1787 1758 
3496 1758 1787 1788 
3497 1758 1788 1759 
3498 1759 1788 1789 
3499 1759 1789 1760 
3500 1760 1789 1790 
3501 1760 1790 1761 
3502 1761 1790 1791 
3503 1761 1791 1762 
3504 1762 1791 1792 
3505 1762 1792 1763 
3506 1763 1792 1793 
3507 1763 1793 1764 
3508 1764 1793 1794 
3509 1764 1794 1765 
3510 1765 1794 1795 
3511 1765 1795 1766 
3512 1766 1795 1796 
3513 1766 1796 1767 
3514 1767 1796 1797 
3515 1767 1797 1768 
3516 1768 1797 1798 
3517 1768 1798 1769 
3518 1769 1798 1799 
3519 1769 1799 1770 
3520 1770 1799 1800 
3521 1770 1800 1771 
3522 1771 1800 1801 
3523 1771 1801 1772 
3524 1772 1801 1802 
3525 1772 1802 1773 
3526 1773 1802 1803 
3527 1773 1803 1774 
3528 1774 1803 1804 
3529 1774 1804 1775 
3530 1775 1804 1805 
3531 1775 1805 1776 
3532 1776 1805 1806 
3533 1776 1806 196 
3534 196 1806 195 
3535 148 149 1777 
3536 1777 149 1807 
3537 1777 1807 1778 
3538 1778 1807 1808 
3539 1778 1808 1779 
3540 1779 1808 1809 
3541 1779 1809 1780 
3542 1780 1809 1810 
3543 1780 1810 1781 
3544 1781 1810 1811 
3545 1781 1811 1782 
3546 1782 1811 1812 
3547 1782 1812 1783 
3548 1783 1812 1813 
3549 1783 1813 1784 
3550 1784 1813 1814 
3551 1784 1814 1785 
3552 1785 1814 1815 
3553 1785 1815 1786 
3554 1786 1815 1816 
3555 1786 1816 1787 
3556 1787 1816 1817 
3557 1787 1817 1788 
3558 1788 1817 1818 
3559 1788 1818 1789 
3560 1789 1818 1819 
3561 1789 1819 1790 
3562 1790 1819 1820 
3563 1790 1820 1791 
3564 1791 1820 1821 
3565 1791 1821 1792 
3566 1792 1821 1822 
3567 1792 1822 1793 
3568 1793 1822 1823 
3569 1793 1823 1794 
3570 1794 1823 1824 
3571 1794 1824 1795 
3572 1795 1824 1825 
3573 1795 1825 1796 
3574 1796 1825 1826 
3575 1796 1826 1797 
3576 1797 1826 1827 
3577 1797 1827 1798 
3578 1798 1827 1828 
3579 1798 1828 1799 
3580 1799 1828 1829 
3581 1799 1829 1800 
3582 1800 1829 1830 
3583 1800 1830 1801 
3584 1801 1830 1831 
3585 1801 1831 1802 
3586 1802 1831 1832 
3587 1802 1832 1803 
3588 1803 1832 1833 
3589 1803 1833 1804 
3590 1804 1833 1834 
3591 1804 1834 1805 
3592 1805 1834 1835 
3593 1805 1835 1806 
3594 1806 1835 1836 
3595 1806 1836 195 
3596 195 1836 194 
3597 149 150 1807 
3598 1807 150 1837 
3599 1807 1837 1808 
3600 1808 1837 1838 
3601 1808 1838 1809 
3602 1809 1838 1839 
3603 1809 1839 1810 
3604 1810 1839 1840 
3605 1810 1840 1811 
3606 1811 1840 1841 
3607 1811 1841 1812 
3608 1812 1841 1842 
3609 1812 1842 1813 
3610 1813 1842 1843 
3611 1813 1843 1814 
3612 1814 1843 1844 
3613 1814 1844 1815 
3614 1815 1844 1845 
3615 1815 1845 1816 
3616 1816 1845 1846 
3617 1816 1846 1817 
3618 1817 1846 1847 
3619 1817 1847 1818 
3620 1818 1847 1848 
3621 1818 1848 1819 
3622 1819 1848 1849 
3623 1819 1849 1820 
3624 1820 1849 1850 
3625 1820 1850 1821 
3626 1821 1850 1851 
3627 1821 1851 1822 
3628 1822 1851 1852 
3629 1822 1852 1823 
3630 1823 1852 1853 
3631 1823 1853 1824 
3632 1824 1853 1854 
3633 1824 1854 1825 
3634 1825 1854 1855 
3635 1825 1855 1826 
3636 1826 1855 1856 
3637 1826 1856 1827 
3638 1827 1856 1857 
3639 1827 1857 1828 
3640 1828 1857 1858 
3641 1828 1858 1829 
3642 1829 1858 1859 
3643 1829 1859 1830 
3644 1830 1859 1860 
3645 1830 1860 1831 
3646 1831 1860 1861 
3647 1831 1861 1832 
3648 1832 1861 1862 
3649 1832 1862 1833 
3650 1833 1862 1863 
3651 1833 1863 1834 
3652 1834 1863 1864 
3653 1834 1864 1835 
3654 1835 1864 1865 
3655 1835 1865 1836 
3656 1836 1865 1866 
3657 1836 1866 194 
3658 194 1866 193 
3659 150 151 1837 
3660 1837 151 1867 
3661 1837 1867 1838 
3662 1838 1867 1868 
3663 1838 1868 1839 
3664 1839 1868 1869 
3665 1839 1869 1840 
3666 1840 1869 1870 
3667 1840 1870 1841 
3668 1841 1870 1871 
3669 1841 1871 1842 
3670 1842 1871 1872 
3671 1842 1872 1843 
3672 1843 1872 1873 
3673 1843 1873 1844 
3674 1844 1873 1874 
3675 1844 1874 1845 
3676 1845 1874 1875 
3677 1845 1875 1846 
3678 1846 1875 1876 
3679 1846 1876 1847 
3680 1847 1876 1877 
3681 1847 1877 1848 
3682 1848 1877 1878 
3683 1848 1878 1849 
3684 1849 1878 1879 
3685 1849 1879 1850 
3686 1850 1879 1880 
3687 1850 1880 1851 
3688 1851 1880 1881 
3689 1851 1881 1852 
3690 1852 1881 1882 
3691 1852 1882 1853 
3692 1853 1882 1883 
3693 1853 1883 1854 
3694 1854 1883 1884 
3695 1854 1884 1855 
3696 1855 1884 1885 
3697 1855 1885 1856 
3698 1856 1885 1886 
3699 1856 1886 1857 
3700 1857 1886 1887 
3701 1857 1887 1858 
3702 1858 1887 1888 
3703 1858 1888 1859 
3704 1859 1888 1889 
3705 1859 1889 1860 
3706 1860 1889 1890 
3707 1860 1890 1861 
3708 1861 1890 1891 
3709 1861 1891 1862 
3710 1862 1891 1892 
3711 1862 1892 1863 
3712 1863 1892 1893 
3713 1863 1893 1864 
3714 1864 1893 1894 
3715 1864 1894 1865 
3716 1865 1894 1895 
3717 1865 1895 1866 
3718 1866 1895 1896 
3719 1866 1896 193 
3720 193 1896 192 
3721 151 152 1867 
3722 1867 152 1897 
3723 1867 1897 1868 
3724 1868 1897 1898 
3725 1868 1898 1869 
3726 1869 1898 1899 
3727 1869 1899 1870 
3728 1870 1899 1900 
3729 1870 1900 1871 
3730 1871 1900 1901 
3731 1871 1901 1872 
3732 1872 1901 1902 
3733 1872 1902 1873 
3734 1873 1902 1903 
3735 1873 1903 1874 
3736 1874 1903 1904 
3737 1874 1904 1875 
3738 1875 1904 1905 
3739 1875 1905 1876 
3740 1876 1905 1906 
3741 1876 1906 1877 
3742 1877 1906 1907 
3743 1877 1907 1878 
3744 1878 1907 1908 
3745 1878 1908 1879 
3746 1879 1908 1909 
3747 1879 1909 1880 
3748 1880 1909 1910 
3749 1880 1910 1881 
3750 1881 1910 1911 
3751 1881 1911 1882 
3752 1882 1911 1912 
3753 1882 1912 1883 
3754 1883 1912 1913 
3755 1883 1913 1884 
3756 1884 1913 1914 
3757 1884 1914 1885 
3758 1885 1914 1915 
3759 1885 1915 1886 
3760 1886 1915 1916 
3761 1886 1916 1887 
3762 1887 1916 1917 
3763 1887 1917 1888 
3764 1888 1917 1918 
3765 1888 1918 1889 
3766 1889 1918 1919 
3767 1889 1919 1890 
3768 1890 1919 1920 
3769 1890 1920 1891 
3770 1891 1920 1921 
3771 1891 1921 1892 
3772 1892 1921 1922 
3773 1892 1922 1893 
3774 1893 1922 1923 
3775 1893 1923 1894 
3776 1894 1923 1924 
3777 1894 1924 1895 
3778 1895 1924 1925 
3779 1895 1925 1896 
3780 1896 1925 1926 
3781 1896 1926 192 
3782 192 1926 191 
3783 152 153 1897 
3784 1897 153 1927 
3785 1897 1927 1898 
3786 1898 1927 1928 
3787 1898 1928 1899 
3788 1899 1928 1929 
3789 1899 1929 1900 
3790 1900 1929 1930 
3791 1900 1930 1901 
3792 1901 1930 1931 
3793 1901 1931 1902 
3794 1902 1931 1932 
3795 1902 1932 1903 
3796 1903 1932 1933 
3797 1903 1933 1904 
3798 1904 1933 1934 
3799 1904 1934 1905 
3800 1905 1934 1935 
3801 1905 1935 1906 
3802 1906 1935 1936 
3803 1906 1936 1907 
3804 1907 1936 1937 
3805 1907 1937 1908 
3806 1908 1937 1938 
3807 1908 1938 1909 
3808 1909 1938 1939 
3809 1909 1939 1910 
3810 1910 1939 1940 
3811 1910 1940 1911 
3812 1911 1940 1941 
3813 1911 1941 1912 
3814 1912 1941 1942 
3815 1912 1942 1913 
3816 1913 1942 1943 
3817 1913 1943 1914 
3818 1914 1943 1944 
3819 1914 1944 1915 
3820 1915 1944 1945 
3821 1915 1945 1916 
3822 1916 1945 1946 
3823 1916 1946 1917 
3824 1917 1946 1947 
3825 1917 1947 1918 
3826 1918 1947 1948 
3827 1918 1948 1919 
3828 1919 1948 1949 
3829 1919 1949 1920 
3830 1920 1949 1950 
3831 1920 1950 1921 
3832 1921 1950 1951 
3833 1921 1951 1922 
3834 1922 1951 1952 
3835 1922 1952 1923 
3836 1923 1952 1953 
3837 1923 1953 1924 
3838 1924 1953 1954 
3839 1924 1954 1925 
3840 1925 1954 1955 
3841 1925 1955 1926 
3842 1926 1955 1956 
3843 1926 1956 191 
3844 191 1956 190 
3845 153 154 1927 
3846 1927 154 1957 
3847 1927 1957 1928 
3848 1928 1957 1958 
3849 1928 1958 1929 
3850 1929 1958 1959 
3851 1929 1959 1930 
3852 1930 1959 1960 
3853 1930 1960 1931 
3854 1931 1960 1961 
3855 1931 1961 1932 
3856 1932 1961 1962 
3857 1932 1962 1933 
3858 1933 1962 1963 
3859 1933 1963 1934 
3860 1934 1963 1964 
3861 1934 1964 1935 
3862 1935 1964 1965 
3863 1935 1965 1936 
3864 1936 1965 1966 
3865 1936 1966 1937 
3866 1937 1966 1967 
3867 1937 1967 1938 
3868 1938 1967 1968 
3869 1938 1968 1939 
3870 1939 1968 1969 
3871 1939 1969 1940 
3872 1940 1969 1970 
3873 1940 1970 1941 
3874 1941 1970 1971 
3875 1941 1971 1942 
3876 1942 1971 1972 
3877 1942 1972 1943 
3878 1943 1972 1973 
3879 1943 1973 1944 
3880 1944 1973 1974 
3881 1944 1974 1945 
3882 1945 1974 1975 
3883 1945 1975 1946 
3884 1946 1975 1976 
3885 1946 1976 1947 
3886 1947 1976 1977 
3887 1947 1977 1948 
3888 1948 1977 1978 
3889 1948 1978 1949 
3890 1949 1978 1979 
3891 1949 1979 1950 
3892 1950 1979 1980 
3893 1950 1980 1951 
3894 1951 1980 1981 
3895 1951 1981 1952 
3896 1952 1981 1982 
3897 1952 1982 1953 
3898 1953 1982 1983 
3899 1953 1983 1954 
3900 1954 1983 1984 
3901 1954 1984 1955 
3902 1955 1984 1985 
3903 1955 1985 1956 
3904 1956 1985 1986 
3905 1956 1986 190 
3906 190 1986 189 
3907 154 155 1957 
3908 1957 155 1987 
3909 1957 1987 1958 
3910 1958 1987 1988 
3911 1958 1988 1959 
3912 1959 1988 1989 
3913 1959 1989 1960 
3914 1960 1989 1990 
3915 1960 1990 1961 
3916 1961 1990 1991 
3917 1961 1991 1962 
3918 1962 1991 1992 
3919 1962 1992 1963 
3920 1963 1992 1993 
3921 1963 1993 1964 
3922 1964 1993 1994 
3923 1964 1994 1965 
3924 1965 1994 1995 
3925 1965 1995 1966 
3926 1966 1995 1996 
3927 1966 1996 1967 
3928 1967 1996 1997 
3929 1967 1997 1968 
3930 1968 1997 1998 
3931 1968 1998 1969 
3932 1969 1998 1999 
3933 1969 1999 1970 
3934 1970 1999 2000 
3935 1970 2000 1971 
3936 1971 2000 2001 
3937 1971 2001 1972 
3938 1972 2001 2002 
3939 1972 2002 1973 
3940 1973 2002 2003 
3941 1973 2003 1974 
3942 1974 2003 2004 
3943 1974 2004 1975 
3944 1975 2004 2005 
3945 1975 2005 1976 
3946 1976 2005 2006 
3947 1976 2006 1977 
3948 1977 2006 2007 
3949 1977 2007 1978 
3950 1978 2007 2008 
3951 1978 2008 1979 
3952 1979 2008 2009 
3953 1979 2009 1980 
3954 1980 2009 2010 
3955 1980 2010 1981 
3956 1981 2010 2011 
3957 1981 2011 1982 
3958 1982 2011 2012 
3959 1982 2012 1983 
3960 1983 2012 2013 
3961 1983 2013 1984 
3962 1984 2013 2014 
3963 1984 2014 1985 
3964 1985 2014 2015 
3965 1985 2015 1986 
3966 1986 2015 2016 
3967 1986 2016 189 
3968 189 2016 188 
3969 155 156 1987 
3970 1987 156 2017 
3971 1987 2017 1988 
3972 1988 2017 2018 
3973 1988 2018 1989 
3974 1989 2018 2019 
3975 1989 2019 1990 
3976 1990 2019 2020 
3977 1990 2020 1991 
3978 1991 2020 2021 
3979 1991 2021 1992 
3980 1992 2021 2022 
3981 1992 2022 1993 
3982 1993 2022 2023 
3983 1993 2023 1994 
3984 1994 2023 2024 
3985 1994 2024 1995 
3986 1995 2024 2025 
3987 1995 2025 1996 
3988 1996 2025 2026 
3989 1996 2026 1997 
3990 1997 2026 2027 
3991 1997 2027 1998 
3992 1998 2027 2028 
3993 1998 2028 1999 
3994 1999 2028 2029 
3995 1999 2029 2000 
3996 2000 2029 2030 
3997 2000 2030 2001 
3998 2001 2030 2031 
3999 2001 2031 2002 
4000 2002 2031 2032 
4001 2002 2032 2003 
4002 2003 2032 2033 
4003 2003 2033 2004 
4004 2004 2033 2034 
4005 2004 2034 2005 
4006 2005 2034 2035 
4007 2005 2035 2006 
4008 2006 2035 2036 
4009 2006 2036 2007 
4010 2007 2036 2037 
4011 2007 2037 2008 
4012 2008 2037 2038 
4013 2008 2038 2009 
4014 2009 2038 2039 
4015 2009 2039 2010 
4016 2010 2039 2040 
4017 2010 2040 2011 
4018 2011 2040 2041 
4019 2011 2041 2012 
4020 2012 2041 2042 
4021 2012 2042 2013 
4022 2013 2042 2043 
4023 2013 2043 2014 
4024 2014 2043 2044 
4025 2014 2044 2015 
4026 2015 2044 2045 
4027 2015 2045 2016 
4028 2016 2045 2046 
4029 2016 2046 188 
4030 188 2046 187 
4031 156 6 2017 
4032 2017 6 157 
4033 2017 157 2018 
4034 2018 157 158 
4035 2018 158 2019 
4036 2019 158 159 
4037 2019 159 2020 
4038 2020 159 160 
4039 2020 160 2021 
4040 2021 160 161 
4041 2021 161 2022 
4042 2022 161 162 
4043 2022 162 2023 
4044 2023 162 163 
4045 2023 163 2024 
4046 2024 163 164 
4047 2024 164 2025 
4048 2025 164 165 
4049 2025 165 2026 
4050 2026 165 166 
4051 2026 166 2027 
4052 2027 166 167 
4053 2027 167 2028 
4054 2028 167 168 
4055 2028 168 2029 
4056 2029 168 169 
4057 2029 169 2030 
4058 2030 169 170 
4059 2030 170 2031 
4060 2031 170 171 
4061 2031 171 2032 
4062 2032 171 172 
4063 2032 172 2033 
4064 2033 172 173 
4065 2033 173 2034 
4066 2034 173 174 
4067 2034 174 2035 
4068 2035 174 175 
4069 2035 175 2036 
4070 2036 175 176 
4071 2036 176 2037 
4072 2037 176 177 
4073 2037 177 2038 
4074 2038 177 178 
4075 2038 178 2039 
4076 2039 178 179 
4077 2039 179 2040 
4078 2040 179 180 
4079 2040 180 2041 
4080 2041 180 181 
4081 2041 181 2042 
4082 2042 181 182 
4083 2042 182 2043 
4084 2043 182 183 
4085 2043 183 2044 
4086 2044 183 184 
4087 2044 184 2045 
4088 2045 184 185 
4089 2045 185 2046 
4090 2046 185 186 
4091 2046 186 187 
4092 187 186 3 
$EndElements
