$MeshFormat
4.1 0 8
$EndMeshFormat
$PhysicalNames
7
1 1 "Γ¹"
1 2 "Γ²"
1 3 "Γ³⁻"
1 4 "Γ³⁺"
1 5 "Γ⁴"
1 6 "Γ⁵"
2 7 "Ω"
$EndPhysicalNames
$Entities
6 8 2 0
1 0 0 0 0 
2 1 0 0 0 
3 1 2 0 0 
4 0 2 0 0 
5 0 1 0 0 
6 1 1 0 0 
1 0 0 0 1 0 0 1 1 2 1 -2 
2 1 0 0 1 1 0 1 2 2 2 -6 
3 0 1 0 1 1 0 1 3 2 5 -6 
4 0 0 0 0 1 0 1 5 2 5 -1 
5 0 1 0 1 1 0 1 4 2 5 -6 
6 1 1 0 1 2 0 1 2 2 6 -3 
7 0 2 0 1 2 0 1 6 2 3 -4 
8 0 1 0 0 2 0 1 5 2 4 -5 
1 0 0 0 1 1 0 1 7 4 1 2 -3 4 
2 0 1 0 1 2 0 1 7 4 5 6 7 8 
$EndEntities
$Nodes
16 8190 1 8190
0 1 0 1
1
0 0 0
0 2 0 1
2
1 0 0
0 3 0 1
3
1 2 0
0 4 0 1
4
0 2 0
0 5 0 1
5
0 1 0
0 6 0 1
6
1 1 0
1 1 0 62
7
8
9
10
11
12
13
14
15
16
17
18
19
20
21
22
23
24
25
26
27
28
29
30
31
32
33
34
35
36
37
38
39
40
41
42
43
44
45
46
47
48
49
50
51
52
53
54
55
56
57
58
59
60
61
62
63
64
65
66
67
68
0.01587301587298589 0 0
0.03174603174597113 0 0
0.04761904761895231 0 0
0.06349206349193472 0 0
0.07936507936492511 0 0
0.09523809523791665 0 0
0.1111111111109082 0 0
0.126984126983895 0 0
0.1428571428568666 0 0
0.1587301587298361 0 0
0.1746031746028056 0 0
0.1904761904757752 0 0
0.2063492063487447 0 0
0.2222222222217143 0 0
0.2380952380946838 0 0
0.2539682539676533 0 0
0.2698412698406228 0 0
0.2857142857135924 0 0
0.3015873015865619 0 0
0.3174603174595315 0 0
0.333333333332501 0 0
0.3492063492054706 0 0
0.3650793650784401 0 0
0.3809523809514097 0 0
0.3968253968243792 0 0
0.4126984126973487 0 0
0.4285714285703183 0 0
0.4444444444432878 0 0
0.4603174603162574 0 0
0.4761904761892269 0 0
0.4920634920621965 0 0
0.5079365079352101 0 0
0.5238095238082678 0 0
0.5396825396813255 0 0
0.5555555555543833 0 0
0.5714285714274411 0 0
0.5873015873004986 0 0
0.6031746031735564 0 0
0.6190476190466142 0 0
0.634920634919672 0 0
0.6507936507927297 0 0
0.6666666666657874 0 0
0.6825396825388452 0 0
0.6984126984119029 0 0
0.7142857142849607 0 0
0.7301587301580185 0 0
0.7460317460310761 0 0
0.7619047619041338 0 0
0.7777777777771916 0 0
0.7936507936502493 0 0
0.809523809523307 0 0
0.8253968253963648 0 0
0.8412698412694225 0 0
0.8571428571424803 0 0
0.8730158730155381 0 0
0.8888888888885957 0 0
0.9047619047616535 0 0
0.9206349206347112 0 0
0.936507936507769 0 0
0.9523809523808267 0 0
0.9682539682538844 0 0
0.9841269841269422 0 0
1 2 0 62
69
70
71
72
73
74
75
76
77
78
79
80
81
82
83
84
85
86
87
88
89
90
91
92
93
94
95
96
97
98
99
100
101
102
103
104
105
106
107
108
109
110
111
112
113
114
115
116
117
118
119
120
121
122
123
124
125
126
127
128
129
130
1 0.01587301587298589 0
1 0.03174603174597113 0
1 0.04761904761895231 0
1 0.06349206349193472 0
1 0.07936507936492511 0
1 0.09523809523791665 0
1 0.1111111111109082 0
1 0.126984126983895 0
1 0.1428571428568666 0
1 0.1587301587298361 0
1 0.1746031746028056 0
1 0.1904761904757752 0
1 0.2063492063487447 0
1 0.2222222222217143 0
1 0.2380952380946838 0
1 0.2539682539676533 0
1 0.2698412698406228 0
1 0.2857142857135924 0
1 0.3015873015865619 0
1 0.3174603174595315 0
1 0.333333333332501 0
1 0.3492063492054706 0
1 0.3650793650784401 0
1 0.3809523809514097 0
1 0.3968253968243792 0
1 0.4126984126973487 0
1 0.4285714285703183 0
1 0.4444444444432878 0
1 0.4603174603162574 0
1 0.4761904761892269 0
1 0.4920634920621965 0
1 0.5079365079352101 0
1 0.5238095238082678 0
1 0.5396825396813255 0
1 0.5555555555543833 0
1 0.5714285714274411 0
1 0.5873015873004986 0
1 0.6031746031735564 0
1 0.6190476190466142 0
1 0.634920634919672 0
1 0.6507936507927297 0
1 0.6666666666657874 0
1 0.6825396825388452 0
1 0.6984126984119029 0
1 0.7142857142849607 0
1 0.7301587301580185 0
1 0.7460317460310761 0
1 0.7619047619041338 0
1 0.7777777777771916 0
1 0.7936507936502493 0
1 0.809523809523307 0
1 0.8253968253963648 0
1 0.8412698412694225 0
1 0.8571428571424803 0
1 0.8730158730155381 0
1 0.8888888888885957 0
1 0.9047619047616535 0
1 0.9206349206347112 0
1 0.936507936507769 0
1 0.9523809523808267 0
1 0.9682539682538844 0
1 0.9841269841269422 0
1 3 0 62
131
132
133
134
135
136
137
138
139
140
141
142
143
144
145
146
147
148
149
150
151
152
153
154
155
156
157
158
159
160
161
162
163
164
165
166
167
168
169
170
171
172
173
174
175
176
177
178
179
180
181
182
183
184
185
186
187
188
189
190
191
192
0.01587301587298589 1 0
0.03174603174597113 1 0
0.04761904761895231 1 0
0.06349206349193472 1 0
0.07936507936492511 1 0
0.09523809523791665 1 0
0.1111111111109082 1 0
0.126984126983895 1 0
0.1428571428568666 1 0
0.1587301587298361 1 0
0.1746031746028056 1 0
0.1904761904757752 1 0
0.2063492063487447 1 0
0.2222222222217143 1 0
0.2380952380946838 1 0
0.2539682539676533 1 0
0.2698412698406228 1 0
0.2857142857135924 1 0
0.3015873015865619 1 0
0.3174603174595315 1 0
0.333333333332501 1 0
0.3492063492054706 1 0
0.3650793650784401 1 0
0.3809523809514097 1 0
0.3968253968243792 1 0
0.4126984126973487 1 0
0.4285714285703183 1 0
0.4444444444432878 1 0
0.4603174603162574 1 0
0.4761904761892269 1 0
0.4920634920621965 1 0
0.5079365079352101 1 0
0.5238095238082678 1 0
0.5396825396813255 1 0
0.5555555555543833 1 0
0.5714285714274411 1 0
0.5873015873004986 1 0
0.6031746031735564 1 0
0.6190476190466142 1 0
0.634920634919672 1 0
0.6507936507927297 1 0
0.6666666666657874 1 0
0.6825396825388452 1 0
0.6984126984119029 1 0
0.7142857142849607 1 0
0.7301587301580185 1 0
0.7460317460310761 1 0
0.7619047619041338 1 0
0.7777777777771916 1 0
0.7936507936502493 1 0
0.809523809523307 1 0
0.8253968253963648 1 0
0.8412698412694225 1 0
0.8571428571424803 1 0
0.8730158730155381 1 0
0.8888888888885957 1 0
0.9047619047616535 1 0
0.9206349206347112 1 0
0.936507936507769 1 0
0.9523809523808267 1 0
0.9682539682538844 1 0
0.9841269841269422 1 0
1 4 0 62
193
194
195
196
197
198
199
200
201
202
203
204
205
206
207
208
209
210
211
212
213
214
215
216
217
218
219
220
221
222
223
224
225
226
227
228
229
230
231
232
233
234
235
236
237
238
239
240
241
242
243
244
245
246
247
248
249
250
251
252
253
254
0 0.984126984126918 0
0 0.968253968253836 0
0 0.9523809523807542 0
0 0.9365079365076722 0
0 0.9206349206345902 0
0 0.9047619047615082 0
0 0.8888888888884262 0
0 0.8730158730153825 0
0 0.8571428571424606 0
0 0.8412698412695548 0
0 0.8253968253966492 0
0 0.8095238095237434 0
0 0.7936507936508377 0
0 0.777777777777932 0
0 0.7619047619050263 0
0 0.7460317460321206 0
0 0.7301587301592147 0
0 0.714285714286309 0
0 0.6984126984134033 0
0 0.6825396825404975 0
0 0.6666666666675918 0
0 0.650793650794686 0
0 0.6349206349217802 0
0 0.6190476190488744 0
0 0.6031746031759686 0
0 0.5873015873030629 0
0 0.5714285714301571 0
0 0.5555555555572513 0
0 0.5396825396843457 0
0 0.5238095238114397 0
0 0.5079365079385341 0
0 0.4920634920655401 0
0 0.4761904761924582 0
0 0.4603174603193763 0
0 0.4444444444462943 0
0 0.4285714285732124 0
0 0.4126984127001305 0
0 0.3968253968270485 0
0 0.3809523809539666 0
0 0.3650793650808847 0
0 0.3492063492078027 0
0 0.3333333333347207 0
0 0.3174603174616388 0
0 0.301587301588557 0
0 0.2857142857154749 0
0 0.269841269842393 0
0 0.2539682539693111 0
0 0.2380952380962291 0
0 0.2222222222231471 0
0 0.2063492063500653 0
0 0.1904761904769834 0
0 0.1746031746039013 0
0 0.1587301587308194 0
0 0.1428571428577375 0
0 0.1269841269846556 0
0 0.1111111111115736 0
0 0.09523809523849169 0
0 0.07936507936540982 0
0 0.06349206349232772 0
0 0.04761904761924585 0
0 0.03174603174616397 0
0 0.01587301587308199 0
1 5 0 62
255
256
257
258
259
260
261
262
263
264
265
266
267
268
269
270
271
272
273
274
275
276
277
278
279
280
281
282
283
284
285
286
287
288
289
290
291
292
293
294
295
296
297
298
299
300
301
302
303
304
305
306
307
308
309
310
311
312
313
314
315
316
0.01587301587298589 1 0
0.03174603174597113 1 0
0.04761904761895231 1 0
0.06349206349193472 1 0
0.07936507936492511 1 0
0.09523809523791665 1 0
0.1111111111109082 1 0
0.126984126983895 1 0
0.1428571428568666 1 0
0.1587301587298361 1 0
0.1746031746028056 1 0
0.1904761904757752 1 0
0.2063492063487447 1 0
0.2222222222217143 1 0
0.2380952380946838 1 0
0.2539682539676533 1 0
0.2698412698406228 1 0
0.2857142857135924 1 0
0.3015873015865619 1 0
0.3174603174595315 1 0
0.333333333332501 1 0
0.3492063492054706 1 0
0.3650793650784401 1 0
0.3809523809514097 1 0
0.3968253968243792 1 0
0.4126984126973487 1 0
0.4285714285703183 1 0
0.4444444444432878 1 0
0.4603174603162574 1 0
0.4761904761892269 1 0
0.4920634920621965 1 0
0.5079365079352101 1 0
0.5238095238082678 1 0
0.5396825396813255 1 0
0.5555555555543833 1 0
0.5714285714274411 1 0
0.5873015873004986 1 0
0.6031746031735564 1 0
0.6190476190466142 1 0
0.634920634919672 1 0
0.6507936507927297 1 0
0.6666666666657874 1 0
0.6825396825388452 1 0
0.6984126984119029 1 0
0.7142857142849607 1 0
0.7301587301580185 1 0
0.7460317460310761 1 0
0.7619047619041338 1 0
0.7777777777771916 1 0
0.7936507936502493 1 0
0.809523809523307 1 0
0.8253968253963648 1 0
0.8412698412694225 1 0
0.8571428571424803 1 0
0.8730158730155381 1 0
0.8888888888885957 1 0
0.9047619047616535 1 0
0.9206349206347112 1 0
0.936507936507769 1 0
0.9523809523808267 1 0
0.9682539682538844 1 0
0.9841269841269422 1 0
1 6 0 62
317
318
319
320
321
322
323
324
325
326
327
328
329
330
331
332
333
334
335
336
337
338
339
340
341
342
343
344
345
346
347
348
349
350
351
352
353
354
355
356
357
358
359
360
361
362
363
364
365
366
367
368
369
370
371
372
373
374
375
376
377
378
1 1.015873015873016 0
1 1.031746031746032 0
1 1.047619047619048 0
1 1.063492063492063 0
1 1.079365079365079 0
1 1.095238095238095 0
1 1.111111111111111 0
1 1.126984126984127 0
1 1.142857142857143 0
1 1.158730158730159 0
1 1.174603174603175 0
1 1.19047619047619 0
1 1.206349206349206 0
1 1.222222222222222 0
1 1.238095238095238 0
1 1.253968253968254 0
1 1.26984126984127 0
1 1.285714285714286 0
1 1.301587301587302 0
1 1.317460317460317 0
1 1.333333333333333 0
1 1.349206349206349 0
1 1.365079365079365 0
1 1.380952380952381 0
1 1.396825396825397 0
1 1.412698412698413 0
1 1.428571428571429 0
1 1.444444444444444 0
1 1.46031746031746 0
1 1.476190476190476 0
1 1.492063492063492 0
1 1.507936507936508 0
1 1.523809523809524 0
1 1.53968253968254 0
1 1.555555555555556 0
1 1.571428571428571 0
1 1.587301587301587 0
1 1.603174603174603 0
1 1.619047619047619 0
1 1.634920634920635 0
1 1.650793650793651 0
1 1.666666666666667 0
1 1.682539682539683 0
1 1.698412698412698 0
1 1.714285714285714 0
1 1.73015873015873 0
1 1.746031746031746 0
1 1.761904761904762 0
1 1.777777777777778 0
1 1.793650793650793 0
1 1.80952380952381 0
1 1.825396825396825 0
1 1.841269841269841 0
1 1.857142857142857 0
1 1.873015873015873 0
1 1.888888888888889 0
1 1.904761904761905 0
1 1.92063492063492 0
1 1.936507936507937 0
1 1.952380952380952 0
1 1.968253968253968 0
1 1.984126984126984 0
1 7 0 62
379
380
381
382
383
384
385
386
387
388
389
390
391
392
393
394
395
396
397
398
399
400
401
402
403
404
405
406
407
408
409
410
411
412
413
414
415
416
417
418
419
420
421
422
423
424
425
426
427
428
429
430
431
432
433
434
435
436
437
438
439
440
0.984126984126918 2 0
0.968253968253836 2 0
0.9523809523807542 2 0
0.9365079365076722 2 0
0.9206349206345902 2 0
0.9047619047615082 2 0
0.8888888888884262 2 0
0.8730158730153825 2 0
0.8571428571424606 2 0
0.8412698412695548 2 0
0.8253968253966492 2 0
0.8095238095237434 2 0
0.7936507936508377 2 0
0.777777777777932 2 0
0.7619047619050263 2 0
0.7460317460321206 2 0
0.7301587301592147 2 0
0.714285714286309 2 0
0.6984126984134033 2 0
0.6825396825404975 2 0
0.6666666666675918 2 0
0.650793650794686 2 0
0.6349206349217802 2 0
0.6190476190488744 2 0
0.6031746031759686 2 0
0.5873015873030629 2 0
0.5714285714301571 2 0
0.5555555555572513 2 0
0.5396825396843457 2 0
0.5238095238114397 2 0
0.5079365079385341 2 0
0.4920634920655401 2 0
0.4761904761924582 2 0
0.4603174603193763 2 0
0.4444444444462943 2 0
0.4285714285732124 2 0
0.4126984127001305 2 0
0.3968253968270485 2 0
0.3809523809539666 2 0
0.3650793650808847 2 0
0.3492063492078027 2 0
0.3333333333347207 2 0
0.3174603174616388 2 0
0.301587301588557 2 0
0.2857142857154749 2 0
0.269841269842393 2 0
0.2539682539693111 2 0
0.2380952380962291 2 0
0.2222222222231471 2 0
0.2063492063500653 2 0
0.1904761904769834 2 0
0.1746031746039013 2 0
0.1587301587308194 2 0
0.1428571428577375 2 0
0.1269841269846556 2 0
0.1111111111115736 2 0
0.09523809523849169 2 0
0.07936507936540982 2 0
0.06349206349232772 2 0
0.04761904761924585 2 0
0.03174603174616397 2 0
0.01587301587308199 2 0
1 8 0 62
441
442
443
444
445
446
447
448
449
450
451
452
453
454
455
456
457
458
459
460
461
462
463
464
465
466
467
468
469
470
471
472
473
474
475
476
477
478
479
480
481
482
483
484
485
486
487
488
489
490
491
492
493
494
495
496
497
498
499
500
501
502
0 1.984126984126984 0
0 1.968253968253968 0
0 1.952380952380952 0
0 1.936507936507937 0
0 1.920634920634921 0
0 1.904761904761905 0
0 1.888888888888889 0
0 1.873015873015873 0
0 1.857142857142857 0
0 1.841269841269841 0
0 1.825396825396825 0
0 1.80952380952381 0
0 1.793650793650794 0
0 1.777777777777778 0
0 1.761904761904762 0
0 1.746031746031746 0
0 1.73015873015873 0
0 1.714285714285714 0
0 1.698412698412698 0
0 1.682539682539683 0
0 1.666666666666667 0
0 1.650793650793651 0
0 1.634920634920635 0
0 1.619047619047619 0
0 1.603174603174603 0
0 1.587301587301587 0
0 1.571428571428571 0
0 1.555555555555556 0
0 1.53968253968254 0
0 1.523809523809524 0
0 1.507936507936508 0
0 1.492063492063492 0
0 1.476190476190476 0
0 1.46031746031746 0
0 1.444444444444444 0
0 1.428571428571429 0
0 1.412698412698413 0
0 1.396825396825397 0
0 1.380952380952381 0
0 1.365079365079365 0
0 1.349206349206349 0
0 1.333333333333333 0
0 1.317460317460317 0
0 1.301587301587302 0
0 1.285714285714286 0
0 1.26984126984127 0
0 1.253968253968254 0
0 1.238095238095238 0
0 1.222222222222222 0
0 1.206349206349207 0
0 1.19047619047619 0
0 1.174603174603175 0
0 1.158730158730159 0
0 1.142857142857143 0
0 1.126984126984127 0
0 1.111111111111111 0
0 1.095238095238095 0
0 1.07936507936508 0
0 1.063492063492063 0
0 1.047619047619048 0
0 1.031746031746032 0
0 1.015873015873016 0
2 1 0 3844
503
504
505
506
507
508
509
510
511
512
513
514
515
516
517
518
519
520
521
522
523
524
525
526
527
528
529
530
531
532
533
534
535
536
537
538
539
540
541
542
543
544
545
546
547
548
549
550
551
552
553
554
555
556
557
558
559
560
561
562
563
564
565
566
567
568
569
570
571
572
573
574
575
576
577
578
579
580
581
582
583
584
585
586
587
588
589
590
591
592
593
594
595
596
597
598
599
600
601
602
603
604
605
606
607
608
609
610
611
612
613
614
615
616
617
618
619
620
621
622
623
624
625
626
627
628
629
630
631
632
633
634
635
636
637
638
639
640
641
642
643
644
645
646
647
648
649
650
651
652
653
654
655
656
657
658
659
660
661
662
663
664
665
666
667
668
669
670
671
672
673
674
675
676
677
678
679
680
681
682
683
684
685
686
687
688
689
690
691
692
693
694
695
696
697
698
699
700
701
702
703
704
705
706
707
708
709
710
711
712
713
714
715
716
717
718
719
720
721
722
723
724
725
726
727
728
729
730
731
732
733
734
735
736
737
738
739
740
741
742
743
744
745
746
747
748
749
750
751
752
753
754
755
756
757
758
759
760
761
762
763
764
765
766
767
768
769
770
771
772
773
774
775
776
777
778
779
780
781
782
783
784
785
786
787
788
789
790
791
792
793
794
795
796
797
798
799
800
801
802
803
804
805
806
807
808
809
810
811
812
813
814
815
816
817
818
819
820
821
822
823
824
825
826
827
828
829
830
831
832
833
834
835
836
837
838
839
840
841
842
843
844
845
846
847
848
849
850
851
852
853
854
855
856
857
858
859
860
861
862
863
864
865
866
867
868
869
870
871
872
873
874
875
876
877
878
879
880
881
882
883
884
885
886
887
888
889
890
891
892
893
894
895
896
897
898
899
900
901
902
903
904
905
906
907
908
909
910
911
912
913
914
915
916
917
918
919
920
921
922
923
924
925
926
927
928
929
930
931
932
933
934
935
936
937
938
939
940
941
942
943
944
945
946
947
948
949
950
951
952
953
954
955
956
957
958
959
960
961
962
963
964
965
966
967
968
969
970
971
972
973
974
975
976
977
978
979
980
981
982
983
984
985
986
987
988
989
990
991
992
993
994
995
996
997
998
999
1000
1001
1002
1003
1004
1005
1006
1007
1008
1009
1010
1011
1012
1013
1014
1015
1016
1017
1018
1019
1020
1021
1022
1023
1024
1025
1026
1027
1028
1029
1030
1031
1032
1033
1034
1035
1036
1037
1038
1039
1040
1041
1042
1043
1044
1045
1046
1047
1048
1049
1050
1051
1052
1053
1054
1055
1056
1057
1058
1059
1060
1061
1062
1063
1064
1065
1066
1067
1068
1069
1070
1071
1072
1073
1074
1075
1076
1077
1078
1079
1080
1081
1082
1083
1084
1085
1086
1087
1088
1089
1090
1091
1092
1093
1094
1095
1096
1097
1098
1099
1100
1101
1102
1103
1104
1105
1106
1107
1108
1109
1110
1111
1112
1113
1114
1115
1116
1117
1118
1119
1120
1121
1122
1123
1124
1125
1126
1127
1128
1129
1130
1131
1132
1133
1134
1135
1136
1137
1138
1139
1140
1141
1142
1143
1144
1145
1146
1147
1148
1149
1150
1151
1152
1153
1154
1155
1156
1157
1158
1159
1160
1161
1162
1163
1164
1165
1166
1167
1168
1169
1170
1171
1172
1173
1174
1175
1176
1177
1178
1179
1180
1181
1182
1183
1184
1185
1186
1187
1188
1189
1190
1191
1192
1193
1194
1195
1196
1197
1198
1199
1200
1201
1202
1203
1204
1205
1206
1207
1208
1209
1210
1211
1212
1213
1214
1215
1216
1217
1218
1219
1220
1221
1222
1223
1224
1225
1226
1227
1228
1229
1230
1231
1232
1233
1234
1235
1236
1237
1238
1239
1240
1241
1242
1243
1244
1245
1246
1247
1248
1249
1250
1251
1252
1253
1254
1255
1256
1257
1258
1259
1260
1261
1262
1263
1264
1265
1266
1267
1268
1269
1270
1271
1272
1273
1274
1275
1276
1277
1278
1279
1280
1281
1282
1283
1284
1285
1286
1287
1288
1289
1290
1291
1292
1293
1294
1295
1296
1297
1298
1299
1300
1301
1302
1303
1304
1305
1306
1307
1308
1309
1310
1311
1312
1313
1314
1315
1316
1317
1318
1319
1320
1321
1322
1323
1324
1325
1326
1327
1328
1329
1330
1331
1332
1333
1334
1335
1336
1337
1338
1339
1340
1341
1342
1343
1344
1345
1346
1347
1348
1349
1350
1351
1352
1353
1354
1355
1356
1357
1358
1359
1360
1361
1362
1363
1364
1365
1366
1367
1368
1369
1370
1371
1372
1373
1374
1375
1376
1377
1378
1379
1380
1381
1382
1383
1384
1385
1386
1387
1388
1389
1390
1391
1392
1393
1394
1395
1396
1397
1398
1399
1400
1401
1402
1403
1404
1405
1406
1407
1408
1409
1410
1411
1412
1413
1414
1415
1416
1417
1418
1419
1420
1421
1422
1423
1424
1425
1426
1427
1428
1429
1430
1431
1432
1433
1434
1435
1436
1437
1438
1439
1440
1441
1442
1443
1444
1445
1446
1447
1448
1449
1450
1451
1452
1453
1454
1455
1456
1457
1458
1459
1460
1461
1462
1463
1464
1465
1466
1467
1468
1469
1470
1471
1472
1473
1474
1475
1476
1477
1478
1479
1480
1481
1482
1483
1484
1485
1486
1487
1488
1489
1490
1491
1492
1493
1494
1495
1496
1497
1498
1499
1500
1501
1502
1503
1504
1505
1506
1507
1508
1509
1510
1511
1512
1513
1514
1515
1516
1517
1518
1519
1520
1521
1522
1523
1524
1525
1526
1527
1528
1529
1530
1531
1532
1533
1534
1535
1536
1537
1538
1539
1540
1541
1542
1543
1544
1545
1546
1547
1548
1549
1550
1551
1552
1553
1554
1555
1556
1557
1558
1559
1560
1561
1562
1563
1564
1565
1566
1567
1568
1569
1570
1571
1572
1573
1574
1575
1576
1577
1578
1579
1580
1581
1582
1583
1584
1585
1586
1587
1588
1589
1590
1591
1592
1593
1594
1595
1596
1597
1598
1599
1600
1601
1602
1603
1604
1605
1606
1607
1608
1609
1610
1611
1612
1613
1614
1615
1616
1617
1618
1619
1620
1621
1622
1623
1624
1625
1626
1627
1628
1629
1630
1631
1632
1633
1634
1635
1636
1637
1638
1639
1640
1641
1642
1643
1644
1645
1646
1647
1648
1649
1650
1651
1652
1653
1654
1655
1656
1657
1658
1659
1660
1661
1662
1663
1664
1665
1666
1667
1668
1669
1670
1671
1672
1673
1674
1675
1676
1677
1678
1679
1680
1681
1682
1683
1684
1685
1686
1687
1688
1689
1690
1691
1692
1693
1694
1695
1696
1697
1698
1699
1700
1701
1702
1703
1704
1705
1706
1707
1708
1709
1710
1711
1712
1713
1714
1715
1716
1717
1718
1719
1720
1721
1722
1723
1724
1725
1726
1727
1728
1729
1730
1731
1732
1733
1734
1735
1736
1737
1738
1739
1740
1741
1742
1743
1744
1745
1746
1747
1748
1749
1750
1751
1752
1753
1754
1755
1756
1757
1758
1759
1760
1761
1762
1763
1764
1765
1766
1767
1768
1769
1770
1771
1772
1773
1774
1775
1776
1777
1778
1779
1780
1781
1782
1783
1784
1785
1786
1787
1788
1789
1790
1791
1792
1793
1794
1795
1796
1797
1798
1799
1800
1801
1802
1803
1804
1805
1806
1807
1808
1809
1810
1811
1812
1813
1814
1815
1816
1817
1818
1819
1820
1821
1822
1823
1824
1825
1826
1827
1828
1829
1830
1831
1832
1833
1834
1835
1836
1837
1838
1839
1840
1841
1842
1843
1844
1845
1846
1847
1848
1849
1850
1851
1852
1853
1854
1855
1856
1857
1858
1859
1860
1861
1862
1863
1864
1865
1866
1867
1868
1869
1870
1871
1872
1873
1874
1875
1876
1877
1878
1879
1880
1881
1882
1883
1884
1885
1886
1887
1888
1889
1890
1891
1892
1893
1894
1895
1896
1897
1898
1899
1900
1901
1902
1903
1904
1905
1906
1907
1908
1909
1910
1911
1912
1913
1914
1915
1916
1917
1918
1919
1920
1921
1922
1923
1924
1925
1926
1927
1928
1929
1930
1931
1932
1933
1934
1935
1936
1937
1938
1939
1940
1941
1942
1943
1944
1945
1946
1947
1948
1949
1950
1951
1952
1953
1954
1955
1956
1957
1958
1959
1960
1961
1962
1963
1964
1965
1966
1967
1968
1969
1970
1971
1972
1973
1974
1975
1976
1977
1978
1979
1980
1981
1982
1983
1984
1985
1986
1987
1988
1989
1990
1991
1992
1993
1994
1995
1996
1997
1998
1999
2000
2001
2002
2003
2004
2005
2006
2007
2008
2009
2010
2011
2012
2013
2014
2015
2016
2017
2018
2019
2020
2021
2022
2023
2024
2025
2026
2027
2028
2029
2030
2031
2032
2033
2034
2035
2036
2037
2038
2039
2040
2041
2042
2043
2044
2045
2046
2047
2048
2049
2050
2051
2052
2053
2054
2055
2056
2057
2058
2059
2060
2061
2062
2063
2064
2065
2066
2067
2068
2069
2070
2071
2072
2073
2074
2075
2076
2077
2078
2079
2080
2081
2082
2083
2084
2085
2086
2087
2088
2089
2090
2091
2092
2093
2094
2095
2096
2097
2098
2099
2100
2101
2102
2103
2104
2105
2106
2107
2108
2109
2110
2111
2112
2113
2114
2115
2116
2117
2118
2119
2120
2121
2122
2123
2124
2125
2126
2127
2128
2129
2130
2131
2132
2133
2134
2135
2136
2137
2138
2139
2140
2141
2142
2143
2144
2145
2146
2147
2148
2149
2150
2151
2152
2153
2154
2155
2156
2157
2158
2159
2160
2161
2162
2163
2164
2165
2166
2167
2168
2169
2170
2171
2172
2173
2174
2175
2176
2177
2178
2179
2180
2181
2182
2183
2184
2185
2186
2187
2188
2189
2190
2191
2192
2193
2194
2195
2196
2197
2198
2199
2200
2201
2202
2203
2204
2205
2206
2207
2208
2209
2210
2211
2212
2213
2214
2215
2216
2217
2218
2219
2220
2221
2222
2223
2224
2225
2226
2227
2228
2229
2230
2231
2232
2233
2234
2235
2236
2237
2238
2239
2240
2241
2242
2243
2244
2245
2246
2247
2248
2249
2250
2251
2252
2253
2254
2255
2256
2257
2258
2259
2260
2261
2262
2263
2264
2265
2266
2267
2268
2269
2270
2271
2272
2273
2274
2275
2276
2277
2278
2279
2280
2281
2282
2283
2284
2285
2286
2287
2288
2289
2290
2291
2292
2293
2294
2295
2296
2297
2298
2299
2300
2301
2302
2303
2304
2305
2306
2307
2308
2309
2310
2311
2312
2313
2314
2315
2316
2317
2318
2319
2320
2321
2322
2323
2324
2325
2326
2327
2328
2329
2330
2331
2332
2333
2334
2335
2336
2337
2338
2339
2340
2341
2342
2343
2344
2345
2346
2347
2348
2349
2350
2351
2352
2353
2354
2355
2356
2357
2358
2359
2360
2361
2362
2363
2364
2365
2366
2367
2368
2369
2370
2371
2372
2373
2374
2375
2376
2377
2378
2379
2380
2381
2382
2383
2384
2385
2386
2387
2388
2389
2390
2391
2392
2393
2394
2395
2396
2397
2398
2399
2400
2401
2402
2403
2404
2405
2406
2407
2408
2409
2410
2411
2412
2413
2414
2415
2416
2417
2418
2419
2420
2421
2422
2423
2424
2425
2426
2427
2428
2429
2430
2431
2432
2433
2434
2435
2436
2437
2438
2439
2440
2441
2442
2443
2444
2445
2446
2447
2448
2449
2450
2451
2452
2453
2454
2455
2456
2457
2458
2459
2460
2461
2462
2463
2464
2465
2466
2467
2468
2469
2470
2471
2472
2473
2474
2475
2476
2477
2478
2479
2480
2481
2482
2483
2484
2485
2486
2487
2488
2489
2490
2491
2492
2493
2494
2495
2496
2497
2498
2499
2500
2501
2502
2503
2504
2505
2506
2507
2508
2509
2510
2511
2512
2513
2514
2515
2516
2517
2518
2519
2520
2521
2522
2523
2524
2525
2526
2527
2528
2529
2530
2531
2532
2533
2534
2535
2536
2537
2538
2539
2540
2541
2542
2543
2544
2545
2546
2547
2548
2549
2550
2551
2552
2553
2554
2555
2556
2557
2558
2559
2560
2561
2562
2563
2564
2565
2566
2567
2568
2569
2570
2571
2572
2573
2574
2575
2576
2577
2578
2579
2580
2581
2582
2583
2584
2585
2586
2587
2588
2589
2590
2591
2592
2593
2594
2595
2596
2597
2598
2599
2600
2601
2602
2603
2604
2605
2606
2607
2608
2609
2610
2611
2612
2613
2614
2615
2616
2617
2618
2619
2620
2621
2622
2623
2624
2625
2626
2627
2628
2629
2630
2631
2632
2633
2634
2635
2636
2637
2638
2639
2640
2641
2642
2643
2644
2645
2646
2647
2648
2649
2650
2651
2652
2653
2654
2655
2656
2657
2658
2659
2660
2661
2662
2663
2664
2665
2666
2667
2668
2669
2670
2671
2672
2673
2674
2675
2676
2677
2678
2679
2680
2681
2682
2683
2684
2685
2686
2687
2688
2689
2690
2691
2692
2693
2694
2695
2696
2697
2698
2699
2700
2701
2702
2703
2704
2705
2706
2707
2708
2709
2710
2711
2712
2713
2714
2715
2716
2717
2718
2719
2720
2721
2722
2723
2724
2725
2726
2727
2728
2729
2730
2731
2732
2733
2734
2735
2736
2737
2738
2739
2740
2741
2742
2743
2744
2745
2746
2747
2748
2749
2750
2751
2752
2753
2754
2755
2756
2757
2758
2759
2760
2761
2762
2763
2764
2765
2766
2767
2768
2769
2770
2771
2772
2773
2774
2775
2776
2777
2778
2779
2780
2781
2782
2783
2784
2785
2786
2787
2788
2789
2790
2791
2792
2793
2794
2795
2796
2797
2798
2799
2800
2801
2802
2803
2804
2805
2806
2807
2808
2809
2810
2811
2812
2813
2814
2815
2816
2817
2818
2819
2820
2821
2822
2823
2824
2825
2826
2827
2828
2829
2830
2831
2832
2833
2834
2835
2836
2837
2838
2839
2840
2841
2842
2843
2844
2845
2846
2847
2848
2849
2850
2851
2852
2853
2854
2855
2856
2857
2858
2859
2860
2861
2862
2863
2864
2865
2866
2867
2868
2869
2870
2871
2872
2873
2874
2875
2876
2877
2878
2879
2880
2881
2882
2883
2884
2885
2886
2887
2888
2889
2890
2891
2892
2893
2894
2895
2896
2897
2898
2899
2900
2901
2902
2903
2904
2905
2906
2907
2908
2909
2910
2911
2912
2913
2914
2915
2916
2917
2918
2919
2920
2921
2922
2923
2924
2925
2926
2927
2928
2929
2930
2931
2932
2933
2934
2935
2936
2937
2938
2939
2940
2941
2942
2943
2944
2945
2946
2947
2948
2949
2950
2951
2952
2953
2954
2955
2956
2957
2958
2959
2960
2961
2962
2963
2964
2965
2966
2967
2968
2969
2970
2971
2972
2973
2974
2975
2976
2977
2978
2979
2980
2981
2982
2983
2984
2985
2986
2987
2988
2989
2990
2991
2992
2993
2994
2995
2996
2997
2998
2999
3000
3001
3002
3003
3004
3005
3006
3007
3008
3009
3010
3011
3012
3013
3014
3015
3016
3017
3018
3019
3020
3021
3022
3023
3024
3025
3026
3027
3028
3029
3030
3031
3032
3033
3034
3035
3036
3037
3038
3039
3040
3041
3042
3043
3044
3045
3046
3047
3048
3049
3050
3051
3052
3053
3054
3055
3056
3057
3058
3059
3060
3061
3062
3063
3064
3065
3066
3067
3068
3069
3070
3071
3072
3073
3074
3075
3076
3077
3078
3079
3080
3081
3082
3083
3084
3085
3086
3087
3088
3089
3090
3091
3092
3093
3094
3095
3096
3097
3098
3099
3100
3101
3102
3103
3104
3105
3106
3107
3108
3109
3110
3111
3112
3113
3114
3115
3116
3117
3118
3119
3120
3121
3122
3123
3124
3125
3126
3127
3128
3129
3130
3131
3132
3133
3134
3135
3136
3137
3138
3139
3140
3141
3142
3143
3144
3145
3146
3147
3148
3149
3150
3151
3152
3153
3154
3155
3156
3157
3158
3159
3160
3161
3162
3163
3164
3165
3166
3167
3168
3169
3170
3171
3172
3173
3174
3175
3176
3177
3178
3179
3180
3181
3182
3183
3184
3185
3186
3187
3188
3189
3190
3191
3192
3193
3194
3195
3196
3197
3198
3199
3200
3201
3202
3203
3204
3205
3206
3207
3208
3209
3210
3211
3212
3213
3214
3215
3216
3217
3218
3219
3220
3221
3222
3223
3224
3225
3226
3227
3228
3229
3230
3231
3232
3233
3234
3235
3236
3237
3238
3239
3240
3241
3242
3243
3244
3245
3246
3247
3248
3249
3250
3251
3252
3253
3254
3255
3256
3257
3258
3259
3260
3261
3262
3263
3264
3265
3266
3267
3268
3269
3270
3271
3272
3273
3274
3275
3276
3277
3278
3279
3280
3281
3282
3283
3284
3285
3286
3287
3288
3289
3290
3291
3292
3293
3294
3295
3296
3297
3298
3299
3300
3301
3302
3303
3304
3305
3306
3307
3308
3309
3310
3311
3312
3313
3314
3315
3316
3317
3318
3319
3320
3321
3322
3323
3324
3325
3326
3327
3328
3329
3330
3331
3332
3333
3334
3335
3336
3337
3338
3339
3340
3341
3342
3343
3344
3345
3346
3347
3348
3349
3350
3351
3352
3353
3354
3355
3356
3357
3358
3359
3360
3361
3362
3363
3364
3365
3366
3367
3368
3369
3370
3371
3372
3373
3374
3375
3376
3377
3378
3379
3380
3381
3382
3383
3384
3385
3386
3387
3388
3389
3390
3391
3392
3393
3394
3395
3396
3397
3398
3399
3400
3401
3402
3403
3404
3405
3406
3407
3408
3409
3410
3411
3412
3413
3414
3415
3416
3417
3418
3419
3420
3421
3422
3423
3424
3425
3426
3427
3428
3429
3430
3431
3432
3433
3434
3435
3436
3437
3438
3439
3440
3441
3442
3443
3444
3445
3446
3447
3448
3449
3450
3451
3452
3453
3454
3455
3456
3457
3458
3459
3460
3461
3462
3463
3464
3465
3466
3467
3468
3469
3470
3471
3472
3473
3474
3475
3476
3477
3478
3479
3480
3481
3482
3483
3484
3485
3486
3487
3488
3489
3490
3491
3492
3493
3494
3495
3496
3497
3498
3499
3500
3501
3502
3503
3504
3505
3506
3507
3508
3509
3510
3511
3512
3513
3514
3515
3516
3517
3518
3519
3520
3521
3522
3523
3524
3525
3526
3527
3528
3529
3530
3531
3532
3533
3534
3535
3536
3537
3538
3539
3540
3541
3542
3543
3544
3545
3546
3547
3548
3549
3550
3551
3552
3553
3554
3555
3556
3557
3558
3559
3560
3561
3562
3563
3564
3565
3566
3567
3568
3569
3570
3571
3572
3573
3574
3575
3576
3577
3578
3579
3580
3581
3582
3583
3584
3585
3586
3587
3588
3589
3590
3591
3592
3593
3594
3595
3596
3597
3598
3599
3600
3601
3602
3603
3604
3605
3606
3607
3608
3609
3610
3611
3612
3613
3614
3615
3616
3617
3618
3619
3620
3621
3622
3623
3624
3625
3626
3627
3628
3629
3630
3631
3632
3633
3634
3635
3636
3637
3638
3639
3640
3641
3642
3643
3644
3645
3646
3647
3648
3649
3650
3651
3652
3653
3654
3655
3656
3657
3658
3659
3660
3661
3662
3663
3664
3665
3666
3667
3668
3669
3670
3671
3672
3673
3674
3675
3676
3677
3678
3679
3680
3681
3682
3683
3684
3685
3686
3687
3688
3689
3690
3691
3692
3693
3694
3695
3696
3697
3698
3699
3700
3701
3702
3703
3704
3705
3706
3707
3708
3709
3710
3711
3712
3713
3714
3715
3716
3717
3718
3719
3720
3721
3722
3723
3724
3725
3726
3727
3728
3729
3730
3731
3732
3733
3734
3735
3736
3737
3738
3739
3740
3741
3742
3743
3744
3745
3746
3747
3748
3749
3750
3751
3752
3753
3754
3755
3756
3757
3758
3759
3760
3761
3762
3763
3764
3765
3766
3767
3768
3769
3770
3771
3772
3773
3774
3775
3776
3777
3778
3779
3780
3781
3782
3783
3784
3785
3786
3787
3788
3789
3790
3791
3792
3793
3794
3795
3796
3797
3798
3799
3800
3801
3802
3803
3804
3805
3806
3807
3808
3809
3810
3811
3812
3813
3814
3815
3816
3817
3818
3819
3820
3821
3822
3823
3824
3825
3826
3827
3828
3829
3830
3831
3832
3833
3834
3835
3836
3837
3838
3839
3840
3841
3842
3843
3844
3845
3846
3847
3848
3849
3850
3851
3852
3853
3854
3855
3856
3857
3858
3859
3860
3861
3862
3863
3864
3865
3866
3867
3868
3869
3870
3871
3872
3873
3874
3875
3876
3877
3878
3879
3880
3881
3882
3883
3884
3885
3886
3887
3888
3889
3890
3891
3892
3893
3894
3895
3896
3897
3898
3899
3900
3901
3902
3903
3904
3905
3906
3907
3908
3909
3910
3911
3912
3913
3914
3915
3916
3917
3918
3919
3920
3921
3922
3923
3924
3925
3926
3927
3928
3929
3930
3931
3932
3933
3934
3935
3936
3937
3938
3939
3940
3941
3942
3943
3944
3945
3946
3947
3948
3949
3950
3951
3952
3953
3954
3955
3956
3957
3958
3959
3960
3961
3962
3963
3964
3965
3966
3967
3968
3969
3970
3971
3972
3973
3974
3975
3976
3977
3978
3979
3980
3981
3982
3983
3984
3985
3986
3987
3988
3989
3990
3991
3992
3993
3994
3995
3996
3997
3998
3999
4000
4001
4002
4003
4004
4005
4006
4007
4008
4009
4010
4011
4012
4013
4014
4015
4016
4017
4018
4019
4020
4021
4022
4023
4024
4025
4026
4027
4028
4029
4030
4031
4032
4033
4034
4035
4036
4037
4038
4039
4040
4041
4042
4043
4044
4045
4046
4047
4048
4049
4050
4051
4052
4053
4054
4055
4056
4057
4058
4059
4060
4061
4062
4063
4064
4065
4066
4067
4068
4069
4070
4071
4072
4073
4074
4075
4076
4077
4078
4079
4080
4081
4082
4083
4084
4085
4086
4087
4088
4089
4090
4091
4092
4093
4094
4095
4096
4097
4098
4099
4100
4101
4102
4103
4104
4105
4106
4107
4108
4109
4110
4111
4112
4113
4114
4115
4116
4117
4118
4119
4120
4121
4122
4123
4124
4125
4126
4127
4128
4129
4130
4131
4132
4133
4134
4135
4136
4137
4138
4139
4140
4141
4142
4143
4144
4145
4146
4147
4148
4149
4150
4151
4152
4153
4154
4155
4156
4157
4158
4159
4160
4161
4162
4163
4164
4165
4166
4167
4168
4169
4170
4171
4172
4173
4174
4175
4176
4177
4178
4179
4180
4181
4182
4183
4184
4185
4186
4187
4188
4189
4190
4191
4192
4193
4194
4195
4196
4197
4198
4199
4200
4201
4202
4203
4204
4205
4206
4207
4208
4209
4210
4211
4212
4213
4214
4215
4216
4217
4218
4219
4220
4221
4222
4223
4224
4225
4226
4227
4228
4229
4230
4231
4232
4233
4234
4235
4236
4237
4238
4239
4240
4241
4242
4243
4244
4245
4246
4247
4248
4249
4250
4251
4252
4253
4254
4255
4256
4257
4258
4259
4260
4261
4262
4263
4264
4265
4266
4267
4268
4269
4270
4271
4272
4273
4274
4275
4276
4277
4278
4279
4280
4281
4282
4283
4284
4285
4286
4287
4288
4289
4290
4291
4292
4293
4294
4295
4296
4297
4298
4299
4300
4301
4302
4303
4304
4305
4306
4307
4308
4309
4310
4311
4312
4313
4314
4315
4316
4317
4318
4319
4320
4321
4322
4323
4324
4325
4326
4327
4328
4329
4330
4331
4332
4333
4334
4335
4336
4337
4338
4339
4340
4341
4342
4343
4344
4345
4346
0.01587301587298589 0.01587301587308046 0
0.01587301587298589 0.03174603174616091 0
0.01587301587298589 0.0476190476192412 0
0.01587301587298589 0.06349206349232149 0
0.01587301587298589 0.07936507936540214 0
0.01587301587298589 0.09523809523848256 0
0.01587301587298589 0.111111111111563 0
0.01587301587298589 0.1269841269846435 0
0.01587301587298589 0.1428571428577237 0
0.01587301587298589 0.1587301587308038 0
0.01587301587298589 0.1746031746038839 0
0.01587301587298589 0.1904761904769642 0
0.01587301587298589 0.2063492063500443 0
0.01587301587298589 0.2222222222231244 0
0.01587301587298589 0.2380952380962046 0
0.01587301587298589 0.2539682539692848 0
0.01587301587298589 0.2698412698423649 0
0.01587301587298589 0.285714285715445 0
0.01587301587298589 0.3015873015885252 0
0.01587301587298589 0.3174603174616054 0
0.01587301587298589 0.3333333333346855 0
0.01587301587298589 0.3492063492077657 0
0.01587301587298589 0.365079365080846 0
0.01587301587298589 0.380952380953926 0
0.01587301587298589 0.3968253968270062 0
0.01587301587298589 0.4126984127000863 0
0.01587301587298589 0.4285714285731664 0
0.01587301587298589 0.4444444444462465 0
0.01587301587298589 0.4603174603193267 0
0.01587301587298589 0.476190476192407 0
0.01587301587298589 0.4920634920654871 0
0.01587301587298589 0.5079365079384813 0
0.01587301587298589 0.5238095238113893 0
0.01587301587298589 0.5396825396842978 0
0.01587301587298589 0.5555555555572058 0
0.01587301587298589 0.5714285714301141 0
0.01587301587298589 0.5873015873030221 0
0.01587301587298589 0.6031746031759303 0
0.01587301587298589 0.6190476190488385 0
0.01587301587298589 0.6349206349217468 0
0.01587301587298589 0.650793650794655 0
0.01587301587298589 0.6666666666675632 0
0.01587301587298589 0.6825396825404713 0
0.01587301587298589 0.6984126984133795 0
0.01587301587298589 0.7142857142862878 0
0.01587301587298589 0.7301587301591956 0
0.01587301587298589 0.746031746032104 0
0.01587301587298589 0.761904761905012 0
0.01587301587298589 0.7777777777779202 0
0.01587301587298589 0.7936507936508284 0
0.01587301587298589 0.8095238095237364 0
0.01587301587298589 0.8253968253966446 0
0.01587301587298589 0.841269841269553 0
0.01587301587298589 0.8571428571424611 0
0.01587301587298589 0.873015873015385 0
0.01587301587298589 0.888888888888429 0
0.01587301587298589 0.9047619047615104 0
0.01587301587298589 0.9206349206345921 0
0.01587301587298589 0.9365079365076737 0
0.01587301587298589 0.9523809523807554 0
0.01587301587298589 0.9682539682538367 0
0.01587301587298589 0.9841269841269183 0
0.03174603174597113 0.01587301587307893 0
0.03174603174597113 0.03174603174615786 0
0.03174603174597113 0.04761904761923653 0
0.03174603174597113 0.06349206349231525 0
0.03174603174597113 0.07936507936539443 0
0.03174603174597113 0.09523809523847343 0
0.03174603174597113 0.1111111111115524 0
0.03174603174597113 0.1269841269846314 0
0.03174603174597113 0.1428571428577099 0
0.03174603174597113 0.1587301587307882 0
0.03174603174597113 0.1746031746038665 0
0.03174603174597113 0.190476190476945 0
0.03174603174597113 0.2063492063500234 0
0.03174603174597113 0.2222222222231016 0
0.03174603174597113 0.2380952380961801 0
0.03174603174597113 0.2539682539692585 0
0.03174603174597113 0.2698412698423368 0
0.03174603174597113 0.2857142857154151 0
0.03174603174597114 0.3015873015884936 0
0.03174603174597114 0.3174603174615719 0
0.03174603174597113 0.3333333333346503 0
0.03174603174597113 0.3492063492077286 0
0.03174603174597113 0.3650793650808071 0
0.03174603174597113 0.3809523809538854 0
0.03174603174597113 0.3968253968269639 0
0.03174603174597113 0.4126984127000421 0
0.03174603174597113 0.4285714285731205 0
0.03174603174597113 0.4444444444461988 0
0.03174603174597113 0.4603174603192772 0
0.03174603174597113 0.4761904761923557 0
0.03174603174597113 0.492063492065434 0
0.03174603174597113 0.5079365079384285 0
0.03174603174597113 0.5238095238113389 0
0.03174603174597113 0.5396825396842498 0
0.03174603174597113 0.5555555555571603 0
0.03174603174597113 0.5714285714300708 0
0.03174603174597113 0.5873015873029813 0
0.03174603174597113 0.603174603175892 0
0.03174603174597113 0.6190476190488027 0
0.03174603174597113 0.6349206349217132 0
0.03174603174597113 0.6507936507946239 0
0.03174603174597113 0.6666666666675344 0
0.03174603174597113 0.6825396825404451 0
0.03174603174597113 0.6984126984133557 0
0.03174603174597113 0.7142857142862663 0
0.03174603174597113 0.7301587301591768 0
0.03174603174597113 0.7460317460320874 0
0.03174603174597113 0.7619047619049979 0
0.03174603174597113 0.7777777777779086 0
0.03174603174597113 0.793650793650819 0
0.03174603174597113 0.8095238095237297 0
0.03174603174597113 0.8253968253966402 0
0.03174603174597113 0.8412698412695507 0
0.03174603174597113 0.8571428571424613 0
0.03174603174597113 0.8730158730153874 0
0.03174603174597113 0.8888888888884316 0
0.03174603174597113 0.9047619047615126 0
0.03174603174597113 0.9206349206345941 0
0.03174603174597113 0.9365079365076751 0
0.03174603174597113 0.9523809523807565 0
0.03174603174597113 0.9682539682538376 0
0.03174603174597113 0.9841269841269188 0
0.04761904761895231 0.01587301587307741 0
0.0476190476189523 0.03174603174615479 0
0.04761904761895231 0.04761904761923187 0
0.0476190476189523 0.063492063492309 0
0.04761904761895231 0.07936507936538674 0
0.04761904761895231 0.0952380952384643 0
0.0476190476189523 0.1111111111115419 0
0.04761904761895231 0.1269841269846194 0
0.04761904761895232 0.142857142857696 0
0.04761904761895231 0.1587301587307726 0
0.04761904761895232 0.1746031746038491 0
0.0476190476189523 0.1904761904769259 0
0.04761904761895231 0.2063492063500024 0
0.04761904761895232 0.2222222222230789 0
0.04761904761895232 0.2380952380961555 0
0.0476190476189523 0.2539682539692322 0
0.04761904761895231 0.2698412698423087 0
0.04761904761895232 0.2857142857153852 0
0.0476190476189523 0.301587301588462 0
0.04761904761895232 0.3174603174615385 0
0.0476190476189523 0.3333333333346151 0
0.04761904761895231 0.3492063492076916 0
0.0476190476189523 0.3650793650807683 0
0.04761904761895231 0.3809523809538448 0
0.04761904761895232 0.3968253968269215 0
0.04761904761895231 0.4126984126999981 0
0.0476190476189523 0.4285714285730745 0
0.04761904761895231 0.4444444444461511 0
0.04761904761895231 0.4603174603192277 0
0.0476190476189523 0.4761904761923044 0
0.04761904761895231 0.4920634920653809 0
0.0476190476189523 0.5079365079383756 0
0.04761904761895231 0.5238095238112888 0
0.04761904761895232 0.5396825396842019 0
0.04761904761895231 0.5555555555571148 0
0.04761904761895231 0.5714285714300277 0
0.04761904761895231 0.5873015873029409 0
0.04761904761895232 0.6031746031758536 0
0.04761904761895231 0.6190476190487667 0
0.04761904761895231 0.6349206349216797 0
0.0476190476189523 0.6507936507945928 0
0.04761904761895231 0.6666666666675058 0
0.0476190476189523 0.6825396825404186 0
0.04761904761895231 0.6984126984133318 0
0.04761904761895231 0.7142857142862448 0
0.04761904761895231 0.7301587301591579 0
0.04761904761895232 0.746031746032071 0
0.0476190476189523 0.7619047619049837 0
0.04761904761895231 0.7777777777778968 0
0.04761904761895231 0.7936507936508097 0
0.04761904761895231 0.8095238095237226 0
0.04761904761895231 0.8253968253966357 0
0.04761904761895231 0.8412698412695485 0
0.04761904761895231 0.8571428571424615 0
0.04761904761895231 0.8730158730153901 0
0.04761904761895231 0.8888888888884343 0
0.04761904761895231 0.9047619047615153 0
0.04761904761895231 0.9206349206345961 0
0.04761904761895231 0.9365079365076768 0
0.04761904761895231 0.9523809523807576 0
0.04761904761895231 0.9682539682538384 0
0.04761904761895231 0.9841269841269192 0
0.06349206349193472 0.01587301587307588 0
0.06349206349193472 0.03174603174615172 0
0.06349206349193472 0.04761904761922721 0
0.06349206349193472 0.06349206349230278 0
0.06349206349193472 0.07936507936537905 0
0.06349206349193472 0.09523809523845517 0
0.06349206349193472 0.1111111111115313 0
0.06349206349193472 0.1269841269846073 0
0.06349206349193472 0.1428571428576823 0
0.06349206349193472 0.158730158730757 0
0.06349206349193472 0.1746031746038317 0
0.06349206349193472 0.1904761904769067 0
0.06349206349193472 0.2063492063499814 0
0.06349206349193472 0.2222222222230562 0
0.06349206349193472 0.238095238096131 0
0.06349206349193472 0.2539682539692059 0
0.06349206349193472 0.2698412698422806 0
0.0634920634919347 0.2857142857153553 0
0.06349206349193472 0.3015873015884302 0
0.06349206349193472 0.317460317461505 0
0.06349206349193472 0.3333333333345798 0
0.06349206349193472 0.3492063492076546 0
0.06349206349193472 0.3650793650807294 0
0.06349206349193472 0.3809523809538042 0
0.06349206349193472 0.3968253968268791 0
0.06349206349193472 0.412698412699954 0
0.06349206349193472 0.4285714285730287 0
0.06349206349193472 0.4444444444461033 0
0.06349206349193472 0.4603174603191782 0
0.06349206349193472 0.4761904761922531 0
0.06349206349193472 0.4920634920653278 0
0.06349206349193472 0.507936507938323 0
0.06349206349193472 0.5238095238112384 0
0.06349206349193472 0.5396825396841539 0
0.06349206349193472 0.5555555555570693 0
0.06349206349193472 0.5714285714299846 0
0.06349206349193472 0.5873015873029001 0
0.06349206349193472 0.6031746031758154 0
0.06349206349193472 0.6190476190487307 0
0.06349206349193472 0.6349206349216464 0
0.06349206349193472 0.6507936507945618 0
0.06349206349193472 0.6666666666674771 0
0.06349206349193472 0.6825396825403924 0
0.06349206349193472 0.6984126984133079 0
0.06349206349193472 0.7142857142862234 0
0.06349206349193472 0.7301587301591388 0
0.06349206349193472 0.7460317460320544 0
0.06349206349193472 0.7619047619049697 0
0.06349206349193472 0.777777777777885 0
0.06349206349193472 0.7936507936508002 0
0.06349206349193472 0.8095238095237155 0
0.06349206349193472 0.8253968253966311 0
0.06349206349193472 0.8412698412695465 0
0.06349206349193472 0.857142857142462 0
0.06349206349193472 0.8730158730153923 0
0.06349206349193472 0.888888888888437 0
0.06349206349193472 0.9047619047615174 0
0.06349206349193472 0.9206349206345978 0
0.06349206349193472 0.9365079365076784 0
0.06349206349193472 0.9523809523807589 0
0.06349206349193472 0.9682539682538388 0
0.06349206349193472 0.9841269841269197 0
0.07936507936492511 0.01587301587307436 0
0.07936507936492511 0.03174603174614867 0
0.07936507936492511 0.04761904761922255 0
0.07936507936492511 0.06349206349229654 0
0.07936507936492511 0.07936507936537134 0
0.0793650793649251 0.09523809523844606 0
0.07936507936492512 0.1111111111115207 0
0.07936507936492511 0.1269841269845952 0
0.0793650793649251 0.1428571428576684 0
0.07936507936492514 0.1587301587307414 0
0.07936507936492511 0.1746031746038143 0
0.07936507936492511 0.1904761904768874 0
0.07936507936492511 0.2063492063499605 0
0.07936507936492511 0.2222222222230334 0
0.07936507936492511 0.2380952380961065 0
0.07936507936492511 0.2539682539691795 0
0.07936507936492511 0.2698412698422524 0
0.07936507936492511 0.2857142857153255 0
0.07936507936492512 0.3015873015883987 0
0.07936507936492512 0.3174603174614716 0
0.07936507936492511 0.3333333333345445 0
0.07936507936492511 0.3492063492076176 0
0.07936507936492512 0.3650793650806908 0
0.07936507936492514 0.3809523809537637 0
0.0793650793649251 0.3968253968268366 0
0.07936507936492508 0.4126984126999098 0
0.07936507936492511 0.4285714285729827 0
0.07936507936492511 0.4444444444460556 0
0.07936507936492511 0.4603174603191287 0
0.07936507936492511 0.4761904761922018 0
0.07936507936492511 0.4920634920652748 0
0.07936507936492511 0.5079365079382704 0
0.07936507936492511 0.5238095238111879 0
0.07936507936492511 0.539682539684106 0
0.07936507936492511 0.5555555555570237 0
0.07936507936492511 0.5714285714299415 0
0.07936507936492511 0.5873015873028593 0
0.07936507936492511 0.6031746031757772 0
0.07936507936492511 0.6190476190486952 0
0.07936507936492511 0.6349206349216129 0
0.07936507936492511 0.6507936507945307 0
0.07936507936492511 0.6666666666674487 0
0.07936507936492511 0.6825396825403662 0
0.07936507936492511 0.6984126984132842 0
0.07936507936492511 0.7142857142862021 0
0.07936507936492511 0.7301587301591197 0
0.07936507936492511 0.7460317460320377 0
0.07936507936492511 0.7619047619049556 0
0.07936507936492511 0.7777777777778733 0
0.07936507936492511 0.7936507936507908 0
0.07936507936492511 0.8095238095237088 0
0.07936507936492511 0.8253968253966266 0
0.07936507936492511 0.8412698412695445 0
0.0793650793649251 0.8571428571424622 0
0.07936507936492511 0.873015873015395 0
0.07936507936492512 0.8888888888884396 0
0.07936507936492511 0.9047619047615197 0
0.07936507936492511 0.9206349206345998 0
0.07936507936492511 0.9365079365076798 0
0.07936507936492511 0.9523809523807598 0
0.07936507936492511 0.9682539682538398 0
0.07936507936492511 0.9841269841269201 0
0.09523809523791665 0.01587301587307283 0
0.09523809523791665 0.0317460317461456 0
0.09523809523791663 0.0476190476192179 0
0.09523809523791667 0.06349206349229029 0
0.09523809523791665 0.07936507936536366 0
0.09523809523791664 0.09523809523843692 0
0.09523809523791665 0.1111111111115102 0
0.09523809523791665 0.1269841269845832 0
0.09523809523791668 0.1428571428576546 0
0.09523809523791665 0.1587301587307257 0
0.09523809523791663 0.174603174603797 0
0.09523809523791665 0.1904761904768684 0
0.09523809523791665 0.2063492063499395 0
0.09523809523791665 0.2222222222230107 0
0.09523809523791665 0.238095238096082 0
0.09523809523791668 0.2539682539691532 0
0.09523809523791665 0.2698412698422245 0
0.09523809523791664 0.2857142857152956 0
0.09523809523791665 0.3015873015883669 0
0.09523809523791665 0.3174603174614382 0
0.09523809523791665 0.3333333333345093 0
0.09523809523791665 0.3492063492075805 0
0.09523809523791665 0.3650793650806519 0
0.09523809523791665 0.3809523809537231 0
0.09523809523791665 0.3968253968267943 0
0.09523809523791665 0.4126984126998656 0
0.09523809523791665 0.4285714285729368 0
0.09523809523791665 0.444444444446008 0
0.09523809523791665 0.4603174603190791 0
0.09523809523791665 0.4761904761921505 0
0.09523809523791665 0.4920634920652217 0
0.09523809523791665 0.5079365079382175 0
0.09523809523791665 0.5238095238111378 0
0.09523809523791665 0.539682539684058 0
0.09523809523791665 0.5555555555569782 0
0.09523809523791665 0.5714285714298983 0
0.09523809523791665 0.5873015873028188 0
0.09523809523791665 0.6031746031757389 0
0.09523809523791665 0.6190476190486592 0
0.09523809523791665 0.6349206349215794 0
0.09523809523791665 0.6507936507944997 0
0.09523809523791665 0.6666666666674198 0
0.09523809523791665 0.68253968254034 0
0.09523809523791665 0.6984126984132601 0
0.09523809523791665 0.7142857142861808 0
0.09523809523791665 0.7301587301591007 0
0.09523809523791665 0.7460317460320213 0
0.09523809523791665 0.7619047619049415 0
0.09523809523791665 0.7777777777778614 0
0.09523809523791665 0.7936507936507817 0
0.09523809523791665 0.8095238095237016 0
0.09523809523791665 0.8253968253966222 0
0.09523809523791665 0.8412698412695423 0
0.09523809523791665 0.8571428571424623 0
0.09523809523791665 0.8730158730153974 0
0.09523809523791665 0.8888888888884425 0
0.09523809523791665 0.9047619047615222 0
0.09523809523791665 0.9206349206346018 0
0.09523809523791665 0.9365079365076812 0
0.09523809523791665 0.952380952380761 0
0.09523809523791665 0.9682539682538407 0
0.09523809523791665 0.9841269841269206 0
0.1111111111109082 0.01587301587307131 0
0.1111111111109082 0.03174603174614254 0
0.1111111111109082 0.04761904761921323 0
0.1111111111109082 0.06349206349228405 0
0.1111111111109082 0.07936507936535596 0
0.1111111111109082 0.0952380952384278 0
0.1111111111109082 0.1111111111114997 0
0.1111111111109082 0.1269841269845711 0
0.1111111111109082 0.1428571428576408 0
0.1111111111109082 0.1587301587307101 0
0.1111111111109082 0.1746031746037795 0
0.1111111111109082 0.1904761904768492 0
0.1111111111109082 0.2063492063499185 0
0.1111111111109082 0.2222222222229879 0
0.1111111111109082 0.2380952380960574 0
0.1111111111109082 0.2539682539691269 0
0.1111111111109082 0.2698412698421963 0
0.1111111111109082 0.2857142857152656 0
0.1111111111109082 0.3015873015883353 0
0.1111111111109082 0.3174603174614047 0
0.1111111111109082 0.3333333333344741 0
0.1111111111109082 0.3492063492075436 0
0.1111111111109082 0.3650793650806131 0
0.1111111111109082 0.3809523809536824 0
0.1111111111109082 0.3968253968267519 0
0.1111111111109082 0.4126984126998214 0
0.1111111111109082 0.4285714285728909 0
0.1111111111109082 0.4444444444459602 0
0.1111111111109082 0.4603174603190298 0
0.1111111111109082 0.4761904761920993 0
0.1111111111109082 0.4920634920651686 0
0.1111111111109082 0.5079365079381647 0
0.1111111111109082 0.5238095238110874 0
0.1111111111109082 0.53968253968401 0
0.1111111111109082 0.5555555555569327 0
0.1111111111109082 0.5714285714298554 0
0.1111111111109082 0.5873015873027779 0
0.1111111111109082 0.6031746031757006 0
0.1111111111109082 0.6190476190486233 0
0.1111111111109082 0.634920634921546 0
0.1111111111109082 0.6507936507944685 0
0.1111111111109082 0.6666666666673915 0
0.1111111111109082 0.6825396825403138 0
0.1111111111109082 0.6984126984132367 0
0.1111111111109082 0.7142857142861593 0
0.1111111111109082 0.7301587301590817 0
0.1111111111109082 0.7460317460320046 0
0.1111111111109082 0.7619047619049273 0
0.1111111111109082 0.7777777777778497 0
0.1111111111109082 0.7936507936507722 0
0.1111111111109082 0.809523809523695 0
0.1111111111109082 0.8253968253966175 0
0.1111111111109082 0.8412698412695401 0
0.1111111111109082 0.8571428571424629 0
0.1111111111109082 0.8730158730153998 0
0.1111111111109082 0.888888888888445 0
0.1111111111109082 0.9047619047615244 0
0.1111111111109082 0.9206349206346036 0
0.1111111111109082 0.936507936507683 0
0.1111111111109082 0.9523809523807623 0
0.1111111111109082 0.9682539682538414 0
0.1111111111109082 0.9841269841269207 0
0.126984126983895 0.01587301587306979 0
0.126984126983895 0.03174603174613948 0
0.126984126983895 0.04761904761920857 0
0.126984126983895 0.0634920634922778 0
0.126984126983895 0.07936507936534827 0
0.126984126983895 0.09523809523841867 0
0.126984126983895 0.1111111111114891 0
0.126984126983895 0.126984126984559 0
0.126984126983895 0.142857142857627 0
0.126984126983895 0.1587301587306945 0
0.126984126983895 0.1746031746037622 0
0.126984126983895 0.19047619047683 0
0.126984126983895 0.2063492063498976 0
0.126984126983895 0.2222222222229652 0
0.126984126983895 0.2380952380960329 0
0.126984126983895 0.2539682539691006 0
0.126984126983895 0.2698412698421683 0
0.126984126983895 0.2857142857152359 0
0.126984126983895 0.3015873015883037 0
0.126984126983895 0.3174603174613712 0
0.126984126983895 0.3333333333344389 0
0.126984126983895 0.3492063492075066 0
0.126984126983895 0.3650793650805743 0
0.126984126983895 0.3809523809536419 0
0.126984126983895 0.3968253968267096 0
0.126984126983895 0.4126984126997773 0
0.126984126983895 0.4285714285728449 0
0.126984126983895 0.4444444444459126 0
0.126984126983895 0.4603174603189802 0
0.126984126983895 0.4761904761920479 0
0.126984126983895 0.4920634920651155 0
0.126984126983895 0.5079365079381118 0
0.126984126983895 0.523809523811037 0
0.126984126983895 0.5396825396839621 0
0.126984126983895 0.5555555555568872 0
0.126984126983895 0.5714285714298122 0
0.126984126983895 0.5873015873027375 0
0.126984126983895 0.6031746031756621 0
0.126984126983895 0.6190476190485873 0
0.126984126983895 0.6349206349215125 0
0.126984126983895 0.6507936507944375 0
0.126984126983895 0.6666666666673625 0
0.126984126983895 0.6825396825402876 0
0.126984126983895 0.6984126984132126 0
0.126984126983895 0.7142857142861377 0
0.126984126983895 0.7301587301590627 0
0.126984126983895 0.746031746031988 0
0.126984126983895 0.7619047619049131 0
0.126984126983895 0.7777777777778379 0
0.126984126983895 0.7936507936507631 0
0.126984126983895 0.8095238095236879 0
0.126984126983895 0.825396825396613 0
0.126984126983895 0.8412698412695381 0
0.126984126983895 0.8571428571424633 0
0.126984126983895 0.8730158730154023 0
0.126984126983895 0.8888888888884479 0
0.126984126983895 0.9047619047615267 0
0.126984126983895 0.9206349206346055 0
0.126984126983895 0.9365079365076843 0
0.126984126983895 0.9523809523807634 0
0.126984126983895 0.9682539682538422 0
0.126984126983895 0.984126984126921 0
0.1428571428568666 0.01587301587306826 0
0.1428571428568666 0.03174603174613643 0
0.1428571428568665 0.04761904761920392 0
0.1428571428568665 0.06349206349227159 0
0.1428571428568666 0.07936507936534058 0
0.1428571428568666 0.09523809523840954 0
0.1428571428568666 0.1111111111114785 0
0.1428571428568666 0.1269841269845469 0
0.1428571428568666 0.1428571428576131 0
0.1428571428568666 0.1587301587306789 0
0.1428571428568666 0.1746031746037448 0
0.1428571428568665 0.1904761904768107 0
0.1428571428568666 0.2063492063498766 0
0.1428571428568666 0.2222222222229424 0
0.1428571428568666 0.2380952380960084 0
0.1428571428568666 0.2539682539690743 0
0.1428571428568666 0.2698412698421401 0
0.1428571428568666 0.2857142857152059 0
0.1428571428568666 0.3015873015882719 0
0.1428571428568666 0.3174603174613378 0
0.1428571428568666 0.3333333333344037 0
0.1428571428568666 0.3492063492074695 0
0.1428571428568666 0.3650793650805355 0
0.1428571428568666 0.3809523809536013 0
0.1428571428568666 0.3968253968266672 0
0.1428571428568666 0.4126984126997331 0
0.1428571428568666 0.428571428572799 0
0.1428571428568666 0.4444444444458647 0
0.1428571428568666 0.4603174603189307 0
0.1428571428568666 0.4761904761919967 0
0.1428571428568666 0.4920634920650625 0
0.1428571428568666 0.5079365079380592 0
0.1428571428568666 0.5238095238109868 0
0.1428571428568666 0.5396825396839141 0
0.1428571428568666 0.5555555555568417 0
0.1428571428568666 0.5714285714297692 0
0.1428571428568666 0.5873015873026967 0
0.1428571428568666 0.603174603175624 0
0.1428571428568666 0.6190476190485515 0
0.1428571428568666 0.634920634921479 0
0.1428571428568666 0.6507936507944065 0
0.1428571428568666 0.6666666666673341 0
0.1428571428568666 0.6825396825402614 0
0.1428571428568666 0.698412698413189 0
0.1428571428568666 0.7142857142861164 0
0.1428571428568666 0.7301587301590438 0
0.1428571428568666 0.7460317460319715 0
0.1428571428568666 0.7619047619048989 0
0.1428571428568666 0.7777777777778262 0
0.1428571428568666 0.7936507936507535 0
0.1428571428568666 0.809523809523681 0
0.1428571428568666 0.8253968253966086 0
0.1428571428568666 0.8412698412695361 0
0.1428571428568666 0.8571428571424633 0
0.1428571428568666 0.8730158730154047 0
0.1428571428568666 0.8888888888884505 0
0.1428571428568666 0.9047619047615291 0
0.1428571428568666 0.9206349206346076 0
0.1428571428568666 0.9365079365076863 0
0.1428571428568666 0.9523809523807645 0
0.1428571428568666 0.9682539682538429 0
0.1428571428568666 0.9841269841269215 0
0.1587301587298361 0.01587301587306673 0
0.1587301587298361 0.03174603174613336 0
0.1587301587298361 0.04761904761919926 0
0.1587301587298361 0.06349206349226534 0
0.1587301587298361 0.07936507936533287 0
0.1587301587298361 0.09523809523840042 0
0.1587301587298361 0.111111111111468 0
0.1587301587298362 0.1269841269845349 0
0.1587301587298361 0.1428571428575993 0
0.1587301587298361 0.1587301587306633 0
0.1587301587298361 0.1746031746037273 0
0.1587301587298361 0.1904761904767916 0
0.1587301587298361 0.2063492063498557 0
0.1587301587298361 0.2222222222229197 0
0.1587301587298361 0.2380952380959838 0
0.1587301587298362 0.253968253969048 0
0.1587301587298361 0.269841269842112 0
0.1587301587298361 0.285714285715176 0
0.1587301587298361 0.3015873015882404 0
0.1587301587298361 0.3174603174613043 0
0.1587301587298361 0.3333333333343684 0
0.1587301587298361 0.3492063492074325 0
0.1587301587298361 0.3650793650804967 0
0.1587301587298361 0.3809523809535608 0
0.1587301587298361 0.3968253968266248 0
0.1587301587298362 0.412698412699689 0
0.1587301587298361 0.428571428572753 0
0.1587301587298361 0.4444444444458171 0
0.1587301587298361 0.4603174603188812 0
0.1587301587298361 0.4761904761919454 0
0.1587301587298361 0.4920634920650094 0
0.1587301587298361 0.5079365079380066 0
0.1587301587298361 0.5238095238109362 0
0.1587301587298361 0.5396825396838661 0
0.1587301587298361 0.5555555555567961 0
0.1587301587298361 0.5714285714297261 0
0.1587301587298361 0.5873015873026558 0
0.1587301587298361 0.6031746031755858 0
0.1587301587298361 0.6190476190485156 0
0.1587301587298361 0.6349206349214457 0
0.1587301587298361 0.6507936507943755 0
0.1587301587298361 0.6666666666673053 0
0.1587301587298361 0.6825396825402352 0
0.1587301587298361 0.6984126984131652 0
0.1587301587298361 0.7142857142860951 0
0.1587301587298361 0.7301587301590249 0
0.1587301587298361 0.7460317460319548 0
0.1587301587298361 0.7619047619048847 0
0.1587301587298361 0.7777777777778146 0
0.1587301587298361 0.7936507936507442 0
0.1587301587298361 0.8095238095236741 0
0.1587301587298361 0.825396825396604 0
0.1587301587298361 0.8412698412695339 0
0.1587301587298361 0.8571428571424637 0
0.1587301587298361 0.8730158730154074 0
0.1587301587298361 0.8888888888884532 0
0.1587301587298361 0.9047619047615312 0
0.1587301587298361 0.9206349206346094 0
0.1587301587298361 0.9365079365076875 0
0.1587301587298361 0.9523809523807656 0
0.1587301587298361 0.9682539682538437 0
0.1587301587298361 0.9841269841269218 0
0.1746031746028056 0.01587301587306521 0
0.1746031746028056 0.0317460317461303 0
0.1746031746028056 0.0476190476191946 0
0.1746031746028056 0.0634920634922591 0
0.1746031746028056 0.07936507936532521 0
0.1746031746028056 0.09523809523839126 0
0.1746031746028056 0.1111111111114574 0
0.1746031746028056 0.1269841269845228 0
0.1746031746028056 0.1428571428575855 0
0.1746031746028056 0.1587301587306477 0
0.1746031746028056 0.17460317460371 0
0.1746031746028056 0.1904761904767724 0
0.1746031746028057 0.2063492063498347 0
0.1746031746028057 0.2222222222228969 0
0.1746031746028057 0.2380952380959593 0
0.1746031746028056 0.2539682539690217 0
0.1746031746028056 0.2698412698420839 0
0.1746031746028056 0.2857142857151462 0
0.1746031746028057 0.3015873015882086 0
0.1746031746028056 0.3174603174612709 0
0.1746031746028057 0.3333333333343331 0
0.1746031746028057 0.3492063492073955 0
0.1746031746028057 0.3650793650804579 0
0.1746031746028056 0.3809523809535201 0
0.1746031746028056 0.3968253968265824 0
0.1746031746028056 0.4126984126996448 0
0.1746031746028056 0.428571428572707 0
0.1746031746028056 0.4444444444457694 0
0.1746031746028057 0.4603174603188317 0
0.1746031746028056 0.476190476191894 0
0.1746031746028056 0.4920634920649564 0
0.1746031746028056 0.5079365079379538 0
0.1746031746028056 0.523809523810886 0
0.1746031746028056 0.5396825396838182 0
0.1746031746028056 0.5555555555567506 0
0.1746031746028056 0.5714285714296831 0
0.1746031746028056 0.5873015873026152 0
0.1746031746028056 0.6031746031755476 0
0.1746031746028056 0.6190476190484798 0
0.1746031746028056 0.6349206349214122 0
0.1746031746028056 0.6507936507943446 0
0.1746031746028056 0.6666666666672768 0
0.1746031746028056 0.682539682540209 0
0.1746031746028056 0.6984126984131412 0
0.1746031746028056 0.7142857142860735 0
0.1746031746028056 0.7301587301590058 0
0.1746031746028056 0.7460317460319382 0
0.1746031746028057 0.7619047619048703 0
0.1746031746028056 0.7777777777778027 0
0.1746031746028056 0.7936507936507349 0
0.1746031746028056 0.809523809523667 0
0.1746031746028056 0.8253968253965995 0
0.1746031746028056 0.8412698412695316 0
0.1746031746028056 0.8571428571424641 0
0.1746031746028056 0.8730158730154096 0
0.1746031746028056 0.8888888888884559 0
0.1746031746028056 0.9047619047615334 0
0.1746031746028056 0.9206349206346114 0
0.1746031746028056 0.9365079365076892 0
0.1746031746028056 0.9523809523807669 0
0.1746031746028056 0.9682539682538445 0
0.1746031746028056 0.9841269841269223 0
0.1904761904757752 0.01587301587306368 0
0.1904761904757752 0.03174603174612724 0
0.1904761904757752 0.04761904761918993 0
0.1904761904757752 0.06349206349225288 0
0.1904761904757752 0.07936507936531749 0
0.1904761904757752 0.09523809523838217 0
0.1904761904757752 0.1111111111114468 0
0.1904761904757752 0.1269841269845107 0
0.1904761904757752 0.1428571428575716 0
0.1904761904757752 0.1587301587306321 0
0.1904761904757752 0.1746031746036926 0
0.1904761904757752 0.1904761904767533 0
0.1904761904757752 0.2063492063498137 0
0.1904761904757752 0.2222222222228742 0
0.1904761904757752 0.2380952380959347 0
0.1904761904757752 0.2539682539689954 0
0.1904761904757751 0.2698412698420558 0
0.1904761904757752 0.2857142857151162 0
0.1904761904757752 0.3015873015881769 0
0.1904761904757752 0.3174603174612374 0
0.1904761904757752 0.333333333334298 0
0.1904761904757752 0.3492063492073585 0
0.1904761904757752 0.365079365080419 0
0.1904761904757752 0.3809523809534796 0
0.1904761904757752 0.3968253968265401 0
0.1904761904757752 0.4126984126996006 0
0.1904761904757752 0.4285714285726611 0
0.1904761904757752 0.4444444444457217 0
0.1904761904757752 0.4603174603187821 0
0.1904761904757752 0.4761904761918427 0
0.1904761904757752 0.4920634920649032 0
0.1904761904757752 0.5079365079379009 0
0.1904761904757752 0.5238095238108356 0
0.1904761904757752 0.5396825396837702 0
0.1904761904757752 0.5555555555567051 0
0.1904761904757752 0.5714285714296399 0
0.1904761904757752 0.5873015873025745 0
0.1904761904757752 0.603174603175509 0
0.1904761904757752 0.6190476190484439 0
0.1904761904757752 0.6349206349213786 0
0.1904761904757752 0.6507936507943133 0
0.1904761904757752 0.6666666666672481 0
0.1904761904757752 0.6825396825401828 0
0.1904761904757752 0.6984126984131174 0
0.1904761904757752 0.7142857142860521 0
0.1904761904757752 0.730158730158987 0
0.1904761904757752 0.7460317460319219 0
0.1904761904757752 0.7619047619048563 0
0.1904761904757752 0.7777777777777909 0
0.1904761904757752 0.7936507936507256 0
0.1904761904757752 0.80952380952366 0
0.1904761904757752 0.8253968253965949 0
0.1904761904757752 0.8412698412695294 0
0.1904761904757752 0.8571428571424644 0
0.1904761904757752 0.8730158730154121 0
0.1904761904757752 0.8888888888884585 0
0.1904761904757752 0.9047619047615357 0
0.1904761904757752 0.9206349206346132 0
0.1904761904757752 0.9365079365076907 0
0.1904761904757752 0.9523809523807679 0
0.1904761904757752 0.9682539682538452 0
0.1904761904757752 0.9841269841269227 0
0.2063492063487447 0.01587301587306215 0
0.2063492063487447 0.03174603174612418 0
0.2063492063487447 0.04761904761918527 0
0.2063492063487447 0.06349206349224661 0
0.2063492063487447 0.07936507936530982 0
0.2063492063487447 0.09523809523837304 0
0.2063492063487448 0.1111111111114363 0
0.2063492063487447 0.1269841269844986 0
0.2063492063487448 0.1428571428575578 0
0.2063492063487447 0.1587301587306165 0
0.2063492063487448 0.1746031746036752 0
0.2063492063487447 0.190476190476734 0
0.2063492063487447 0.2063492063497928 0
0.2063492063487447 0.2222222222228515 0
0.2063492063487448 0.2380952380959102 0
0.2063492063487447 0.253968253968969 0
0.2063492063487447 0.2698412698420277 0
0.2063492063487447 0.2857142857150864 0
0.2063492063487447 0.3015873015881453 0
0.2063492063487447 0.3174603174612041 0
0.2063492063487447 0.3333333333342627 0
0.2063492063487448 0.3492063492073214 0
0.2063492063487447 0.3650793650803802 0
0.2063492063487447 0.3809523809534389 0
0.2063492063487447 0.3968253968264977 0
0.2063492063487447 0.4126984126995565 0
0.2063492063487447 0.4285714285726151 0
0.2063492063487447 0.4444444444456739 0
0.2063492063487447 0.4603174603187327 0
0.2063492063487448 0.4761904761917915 0
0.2063492063487447 0.4920634920648502 0
0.2063492063487447 0.5079365079378481 0
0.2063492063487447 0.5238095238107852 0
0.2063492063487448 0.5396825396837223 0
0.2063492063487447 0.5555555555566594 0
0.2063492063487448 0.5714285714295967 0
0.2063492063487447 0.5873015873025337 0
0.2063492063487447 0.6031746031754708 0
0.2063492063487447 0.6190476190484079 0
0.2063492063487448 0.6349206349213453 0
0.2063492063487448 0.6507936507942824 0
0.2063492063487448 0.6666666666672196 0
0.2063492063487448 0.6825396825401566 0
0.2063492063487447 0.6984126984130938 0
0.2063492063487447 0.7142857142860307 0
0.2063492063487448 0.7301587301589678 0
0.2063492063487448 0.7460317460319051 0
0.2063492063487448 0.761904761904842 0
0.2063492063487448 0.7777777777777791 0
0.2063492063487448 0.7936507936507162 0
0.2063492063487448 0.8095238095236533 0
0.2063492063487448 0.8253968253965904 0
0.2063492063487447 0.8412698412695276 0
0.2063492063487447 0.8571428571424646 0
0.2063492063487447 0.8730158730154145 0
0.2063492063487447 0.8888888888884612 0
0.2063492063487447 0.9047619047615382 0
0.2063492063487447 0.9206349206346153 0
0.2063492063487447 0.9365079365076922 0
0.2063492063487447 0.9523809523807691 0
0.2063492063487447 0.968253968253846 0
0.2063492063487447 0.9841269841269231 0
0.2222222222217143 0.01587301587306063 0
0.2222222222217143 0.03174603174612111 0
0.2222222222217142 0.04761904761918061 0
0.2222222222217143 0.06349206349224039 0
0.2222222222217142 0.07936507936530211 0
0.2222222222217142 0.09523809523836391 0
0.2222222222217143 0.1111111111114257 0
0.2222222222217143 0.1269841269844866 0
0.2222222222217142 0.1428571428575439 0
0.2222222222217142 0.1587301587306009 0
0.2222222222217142 0.1746031746036578 0
0.2222222222217143 0.1904761904767149 0
0.2222222222217143 0.2063492063497718 0
0.2222222222217143 0.2222222222228288 0
0.2222222222217143 0.2380952380958857 0
0.2222222222217143 0.2539682539689427 0
0.2222222222217143 0.2698412698419996 0
0.2222222222217142 0.2857142857150565 0
0.2222222222217142 0.3015873015881136 0
0.2222222222217143 0.3174603174611706 0
0.2222222222217142 0.3333333333342274 0
0.2222222222217142 0.3492063492072844 0
0.2222222222217143 0.3650793650803416 0
0.2222222222217143 0.3809523809533983 0
0.2222222222217143 0.3968253968264554 0
0.2222222222217142 0.4126984126995124 0
0.2222222222217142 0.4285714285725692 0
0.2222222222217142 0.4444444444456261 0
0.2222222222217143 0.4603174603186831 0
0.2222222222217143 0.4761904761917403 0
0.2222222222217143 0.4920634920647972 0
0.2222222222217143 0.5079365079377954 0
0.2222222222217143 0.523809523810735 0
0.2222222222217142 0.5396825396836743 0
0.2222222222217142 0.5555555555566141 0
0.2222222222217142 0.5714285714295534 0
0.2222222222217143 0.5873015873024934 0
0.2222222222217143 0.6031746031754326 0
0.2222222222217142 0.6190476190483721 0
0.2222222222217143 0.6349206349213116 0
0.2222222222217143 0.6507936507942513 0
0.2222222222217143 0.6666666666671908 0
0.2222222222217143 0.6825396825401302 0
0.2222222222217143 0.6984126984130699 0
0.2222222222217142 0.7142857142860094 0
0.2222222222217143 0.7301587301589489 0
0.2222222222217143 0.7460317460318885 0
0.2222222222217143 0.7619047619048278 0
0.2222222222217143 0.7777777777777676 0
0.2222222222217143 0.7936507936507069 0
0.2222222222217143 0.8095238095236462 0
0.2222222222217143 0.825396825396586 0
0.2222222222217143 0.8412698412695254 0
0.2222222222217142 0.8571428571424651 0
0.2222222222217143 0.8730158730154172 0
0.2222222222217143 0.8888888888884638 0
0.2222222222217143 0.9047619047615406 0
0.2222222222217143 0.9206349206346169 0
0.2222222222217143 0.9365079365076937 0
0.2222222222217143 0.9523809523807703 0
0.2222222222217143 0.9682539682538467 0
0.2222222222217143 0.9841269841269233 0
0.2380952380946838 0.0158730158730591 0
0.2380952380946838 0.03174603174611806 0
0.2380952380946838 0.04761904761917596 0
0.2380952380946838 0.06349206349223417 0
0.2380952380946838 0.0793650793652944 0
0.2380952380946838 0.0952380952383548 0
0.2380952380946838 0.1111111111114152 0
0.2380952380946837 0.1269841269844745 0
0.2380952380946838 0.1428571428575302 0
0.2380952380946838 0.1587301587305853 0
0.2380952380946837 0.1746031746036404 0
0.2380952380946838 0.1904761904766957 0
0.2380952380946838 0.2063492063497508 0
0.2380952380946837 0.222222222222806 0
0.2380952380946838 0.2380952380958612 0
0.2380952380946837 0.2539682539689164 0
0.2380952380946838 0.2698412698419715 0
0.2380952380946838 0.2857142857150267 0
0.2380952380946838 0.3015873015880819 0
0.2380952380946837 0.3174603174611371 0
0.2380952380946838 0.3333333333341923 0
0.2380952380946838 0.3492063492072475 0
0.2380952380946838 0.3650793650803026 0
0.2380952380946838 0.3809523809533578 0
0.2380952380946838 0.396825396826413 0
0.2380952380946838 0.4126984126994682 0
0.2380952380946838 0.4285714285725233 0
0.2380952380946838 0.4444444444455784 0
0.2380952380946838 0.4603174603186336 0
0.2380952380946838 0.4761904761916889 0
0.2380952380946838 0.492063492064744 0
0.2380952380946838 0.5079365079377428 0
0.2380952380946838 0.5238095238106846 0
0.2380952380946838 0.5396825396836266 0
0.2380952380946838 0.5555555555565685 0
0.2380952380946838 0.5714285714295103 0
0.2380952380946838 0.5873015873024524 0
0.2380952380946838 0.6031746031753944 0
0.2380952380946838 0.6190476190483364 0
0.2380952380946838 0.6349206349212783 0
0.2380952380946838 0.6507936507942202 0
0.2380952380946838 0.6666666666671622 0
0.2380952380946838 0.6825396825401042 0
0.2380952380946838 0.698412698413046 0
0.2380952380946838 0.7142857142859881 0
0.2380952380946838 0.7301587301589301 0
0.2380952380946838 0.7460317460318721 0
0.2380952380946838 0.7619047619048138 0
0.2380952380946838 0.7777777777777556 0
0.2380952380946838 0.7936507936506976 0
0.2380952380946838 0.8095238095236396 0
0.2380952380946838 0.8253968253965815 0
0.2380952380946838 0.8412698412695234 0
0.2380952380946838 0.8571428571424653 0
0.2380952380946838 0.8730158730154194 0
0.2380952380946838 0.8888888888884665 0
0.2380952380946838 0.9047619047615428 0
0.2380952380946838 0.9206349206346192 0
0.2380952380946838 0.9365079365076951 0
0.2380952380946838 0.9523809523807714 0
0.2380952380946838 0.9682539682538476 0
0.2380952380946838 0.9841269841269237 0
0.2539682539676534 0.01587301587305758 0
0.2539682539676533 0.031746031746115 0
0.2539682539676533 0.0476190476191713 0
0.2539682539676533 0.0634920634922279 0
0.2539682539676533 0.07936507936528674 0
0.2539682539676533 0.09523809523834564 0
0.2539682539676533 0.1111111111114046 0
0.2539682539676533 0.1269841269844624 0
0.2539682539676533 0.1428571428575164 0
0.2539682539676533 0.1587301587305697 0
0.2539682539676533 0.1746031746036231 0
0.2539682539676533 0.1904761904766765 0
0.2539682539676533 0.2063492063497299 0
0.2539682539676533 0.2222222222227832 0
0.2539682539676533 0.2380952380958367 0
0.2539682539676533 0.2539682539688901 0
0.2539682539676533 0.2698412698419435 0
0.2539682539676533 0.2857142857149967 0
0.2539682539676533 0.3015873015880503 0
0.2539682539676533 0.3174603174611036 0
0.2539682539676533 0.333333333334157 0
0.2539682539676533 0.3492063492072104 0
0.2539682539676533 0.3650793650802638 0
0.2539682539676533 0.3809523809533172 0
0.2539682539676533 0.3968253968263706 0
0.2539682539676533 0.412698412699424 0
0.2539682539676533 0.4285714285724774 0
0.2539682539676533 0.4444444444455307 0
0.2539682539676533 0.4603174603185842 0
0.2539682539676533 0.4761904761916377 0
0.2539682539676533 0.4920634920646909 0
0.2539682539676533 0.50793650793769 0
0.2539682539676533 0.5238095238106342 0
0.2539682539676533 0.5396825396835786 0
0.2539682539676533 0.555555555556523 0
0.2539682539676533 0.5714285714294672 0
0.2539682539676533 0.5873015873024116 0
0.2539682539676533 0.603174603175356 0
0.2539682539676533 0.6190476190483004 0
0.2539682539676533 0.634920634921245 0
0.2539682539676533 0.6507936507941892 0
0.2539682539676533 0.6666666666671334 0
0.2539682539676533 0.6825396825400778 0
0.2539682539676533 0.6984126984130222 0
0.2539682539676533 0.7142857142859665 0
0.2539682539676533 0.730158730158911 0
0.2539682539676533 0.7460317460318552 0
0.2539682539676533 0.7619047619047996 0
0.2539682539676533 0.777777777777744 0
0.2539682539676533 0.7936507936506882 0
0.2539682539676533 0.8095238095236325 0
0.2539682539676533 0.8253968253965769 0
0.2539682539676533 0.8412698412695212 0
0.2539682539676533 0.8571428571424655 0
0.2539682539676533 0.8730158730154221 0
0.2539682539676533 0.8888888888884692 0
0.2539682539676533 0.9047619047615451 0
0.2539682539676533 0.9206349206346209 0
0.2539682539676533 0.9365079365076968 0
0.2539682539676533 0.9523809523807725 0
0.2539682539676533 0.9682539682538482 0
0.2539682539676533 0.9841269841269241 0
0.269841269840623 0.01587301587305606 0
0.2698412698406228 0.03174603174611194 0
0.2698412698406228 0.04761904761916665 0
0.2698412698406228 0.06349206349222168 0
0.2698412698406228 0.07936507936527902 0
0.2698412698406228 0.09523809523833654 0
0.2698412698406228 0.111111111111394 0
0.2698412698406228 0.1269841269844503 0
0.2698412698406227 0.1428571428575025 0
0.2698412698406228 0.1587301587305541 0
0.2698412698406228 0.1746031746036056 0
0.2698412698406228 0.1904761904766574 0
0.2698412698406228 0.2063492063497089 0
0.2698412698406228 0.2222222222227605 0
0.2698412698406228 0.2380952380958121 0
0.2698412698406228 0.2539682539688638 0
0.2698412698406228 0.2698412698419154 0
0.2698412698406228 0.285714285714967 0
0.2698412698406228 0.3015873015880186 0
0.2698412698406228 0.3174603174610702 0
0.2698412698406228 0.3333333333341217 0
0.2698412698406228 0.3492063492071733 0
0.2698412698406228 0.365079365080225 0
0.2698412698406228 0.3809523809532765 0
0.2698412698406228 0.3968253968263282 0
0.2698412698406228 0.4126984126993798 0
0.2698412698406228 0.4285714285724315 0
0.2698412698406228 0.444444444445483 0
0.2698412698406228 0.4603174603185347 0
0.2698412698406228 0.4761904761915863 0
0.2698412698406228 0.4920634920646378 0
0.2698412698406228 0.5079365079376371 0
0.2698412698406228 0.5238095238105838 0
0.2698412698406228 0.5396825396835309 0
0.2698412698406228 0.5555555555564773 0
0.2698412698406228 0.5714285714294242 0
0.2698412698406228 0.5873015873023711 0
0.2698412698406228 0.6031746031753176 0
0.2698412698406228 0.6190476190482644 0
0.2698412698406228 0.6349206349212112 0
0.2698412698406228 0.6507936507941581 0
0.2698412698406228 0.6666666666671049 0
0.2698412698406228 0.6825396825400516 0
0.2698412698406228 0.6984126984129982 0
0.2698412698406228 0.714285714285945 0
0.2698412698406228 0.7301587301588919 0
0.2698412698406228 0.7460317460318386 0
0.2698412698406228 0.7619047619047856 0
0.2698412698406228 0.777777777777732 0
0.2698412698406228 0.7936507936506789 0
0.2698412698406228 0.8095238095236255 0
0.2698412698406228 0.8253968253965724 0
0.2698412698406228 0.8412698412695192 0
0.2698412698406228 0.857142857142466 0
0.2698412698406228 0.8730158730154245 0
0.2698412698406228 0.8888888888884721 0
0.2698412698406228 0.9047619047615473 0
0.2698412698406228 0.9206349206346229 0
0.2698412698406228 0.936507936507698 0
0.2698412698406228 0.9523809523807738 0
0.2698412698406228 0.9682539682538491 0
0.2698412698406228 0.9841269841269246 0
0.2857142857135924 0.01587301587305453 0
0.2857142857135923 0.03174603174610887 0
0.2857142857135924 0.04761904761916198 0
0.2857142857135924 0.06349206349221544 0
0.2857142857135925 0.07936507936527133 0
0.2857142857135924 0.09523809523832738 0
0.2857142857135925 0.1111111111113835 0
0.2857142857135924 0.1269841269844383 0
0.2857142857135924 0.1428571428574887 0
0.2857142857135924 0.1587301587305384 0
0.2857142857135924 0.1746031746035882 0
0.2857142857135924 0.1904761904766382 0
0.2857142857135924 0.206349206349688 0
0.2857142857135924 0.2222222222227377 0
0.2857142857135925 0.2380952380957876 0
0.2857142857135924 0.2539682539688375 0
0.2857142857135924 0.2698412698418873 0
0.2857142857135924 0.285714285714937 0
0.2857142857135924 0.301587301587987 0
0.2857142857135925 0.3174603174610367 0
0.2857142857135924 0.3333333333340865 0
0.2857142857135924 0.3492063492071364 0
0.2857142857135924 0.3650793650801862 0
0.2857142857135924 0.380952380953236 0
0.2857142857135924 0.396825396826286 0
0.2857142857135924 0.4126984126993357 0
0.2857142857135924 0.4285714285723855 0
0.2857142857135924 0.4444444444454353 0
0.2857142857135924 0.4603174603184852 0
0.2857142857135924 0.476190476191535 0
0.2857142857135924 0.4920634920645849 0
0.2857142857135924 0.5079365079375843 0
0.2857142857135924 0.5238095238105334 0
0.2857142857135924 0.5396825396834829 0
0.2857142857135924 0.555555555556432 0
0.2857142857135924 0.571428571429381 0
0.2857142857135924 0.5873015873023302 0
0.2857142857135924 0.6031746031752794 0
0.2857142857135924 0.6190476190482284 0
0.2857142857135924 0.6349206349211779 0
0.2857142857135924 0.650793650794127 0
0.2857142857135924 0.6666666666670763 0
0.2857142857135924 0.6825396825400254 0
0.2857142857135924 0.6984126984129746 0
0.2857142857135924 0.7142857142859237 0
0.2857142857135924 0.730158730158873 0
0.2857142857135924 0.7460317460318222 0
0.2857142857135924 0.7619047619047714 0
0.2857142857135924 0.7777777777777205 0
0.2857142857135924 0.7936507936506696 0
0.2857142857135924 0.8095238095236186 0
0.2857142857135924 0.825396825396568 0
0.2857142857135924 0.841269841269517 0
0.2857142857135924 0.8571428571424663 0
0.2857142857135924 0.8730158730154268 0
0.2857142857135924 0.8888888888884747 0
0.2857142857135924 0.9047619047615498 0
0.2857142857135924 0.9206349206346247 0
0.2857142857135924 0.9365079365076999 0
0.2857142857135924 0.9523809523807749 0
0.2857142857135924 0.96825396825385 0
0.2857142857135924 0.9841269841269249 0
0.3015873015865619 0.015873015873053 0
0.3015873015865618 0.03174603174610582 0
0.3015873015865619 0.04761904761915732 0
0.3015873015865618 0.06349206349220921 0
0.3015873015865619 0.07936507936526364 0
0.3015873015865621 0.09523809523831829 0
0.3015873015865619 0.1111111111113729 0
0.3015873015865619 0.1269841269844262 0
0.3015873015865619 0.1428571428574749 0
0.3015873015865619 0.1587301587305229 0
0.3015873015865619 0.1746031746035708 0
0.3015873015865619 0.190476190476619 0
0.3015873015865619 0.206349206349667 0
0.3015873015865619 0.222222222222715 0
0.3015873015865619 0.2380952380957631 0
0.3015873015865619 0.2539682539688111 0
0.3015873015865619 0.2698412698418592 0
0.3015873015865618 0.2857142857149071 0
0.3015873015865619 0.3015873015879553 0
0.3015873015865621 0.3174603174610033 0
0.301587301586562 0.3333333333340514 0
0.3015873015865619 0.3492063492070994 0
0.3015873015865619 0.3650793650801475 0
0.3015873015865619 0.3809523809531954 0
0.3015873015865619 0.3968253968262435 0
0.3015873015865619 0.4126984126992915 0
0.3015873015865619 0.4285714285723395 0
0.3015873015865619 0.4444444444453875 0
0.3015873015865619 0.4603174603184357 0
0.3015873015865619 0.4761904761914838 0
0.3015873015865619 0.4920634920645318 0
0.3015873015865619 0.5079365079375314 0
0.3015873015865619 0.5238095238104832 0
0.3015873015865619 0.5396825396834349 0
0.3015873015865619 0.5555555555563862 0
0.3015873015865619 0.5714285714293381 0
0.3015873015865619 0.5873015873022895 0
0.3015873015865619 0.6031746031752412 0
0.3015873015865619 0.6190476190481927 0
0.3015873015865619 0.6349206349211445 0
0.3015873015865619 0.6507936507940959 0
0.3015873015865619 0.6666666666670477 0
0.3015873015865619 0.682539682539999 0
0.3015873015865619 0.6984126984129508 0
0.3015873015865619 0.7142857142859025 0
0.3015873015865619 0.7301587301588539 0
0.3015873015865619 0.7460317460318056 0
0.3015873015865619 0.7619047619047573 0
0.3015873015865619 0.7777777777777085 0
0.3015873015865619 0.7936507936506603 0
0.3015873015865619 0.8095238095236116 0
0.3015873015865619 0.8253968253965633 0
0.301587301586562 0.8412698412695148 0
0.3015873015865619 0.8571428571424666 0
0.3015873015865619 0.8730158730154294 0
0.3015873015865619 0.8888888888884772 0
0.3015873015865619 0.9047619047615522 0
0.3015873015865619 0.9206349206346268 0
0.3015873015865619 0.9365079365077014 0
0.3015873015865619 0.9523809523807758 0
0.3015873015865619 0.9682539682538505 0
0.3015873015865619 0.9841269841269253 0
0.3174603174595316 0.01587301587305148 0
0.3174603174595316 0.03174603174610276 0
0.3174603174595315 0.04761904761915266 0
0.3174603174595315 0.06349206349220297 0
0.3174603174595315 0.07936507936525593 0
0.3174603174595315 0.09523809523830915 0
0.3174603174595316 0.1111111111113623 0
0.3174603174595316 0.1269841269844141 0
0.3174603174595315 0.142857142857461 0
0.3174603174595315 0.1587301587305072 0
0.3174603174595315 0.1746031746035535 0
0.3174603174595316 0.1904761904765998 0
0.3174603174595315 0.206349206349646 0
0.3174603174595315 0.2222222222226923 0
0.3174603174595315 0.2380952380957386 0
0.3174603174595315 0.2539682539687849 0
0.3174603174595315 0.269841269841831 0
0.3174603174595315 0.2857142857148773 0
0.3174603174595315 0.3015873015879236 0
0.3174603174595315 0.3174603174609699 0
0.3174603174595315 0.333333333334016 0
0.3174603174595315 0.3492063492070623 0
0.3174603174595315 0.3650793650801086 0
0.3174603174595315 0.3809523809531549 0
0.3174603174595315 0.3968253968262011 0
0.3174603174595315 0.4126984126992475 0
0.3174603174595315 0.4285714285722936 0
0.3174603174595315 0.4444444444453399 0
0.3174603174595315 0.4603174603183862 0
0.3174603174595315 0.4761904761914325 0
0.3174603174595315 0.4920634920644786 0
0.3174603174595315 0.5079365079374788 0
0.3174603174595315 0.5238095238104328 0
0.3174603174595315 0.539682539683387 0
0.3174603174595315 0.555555555556341 0
0.3174603174595315 0.5714285714292949 0
0.3174603174595315 0.587301587302249 0
0.3174603174595315 0.6031746031752028 0
0.3174603174595315 0.619047619048157 0
0.3174603174595315 0.6349206349211108 0
0.3174603174595315 0.6507936507940648 0
0.3174603174595315 0.6666666666670188 0
0.3174603174595315 0.682539682539973 0
0.3174603174595315 0.698412698412927 0
0.3174603174595315 0.7142857142858811 0
0.3174603174595315 0.730158730158835 0
0.3174603174595315 0.7460317460317889 0
0.3174603174595315 0.761904761904743 0
0.3174603174595315 0.777777777777697 0
0.3174603174595315 0.7936507936506509 0
0.3174603174595315 0.8095238095236048 0
0.3174603174595315 0.8253968253965589 0
0.3174603174595315 0.841269841269513 0
0.3174603174595315 0.8571428571424669 0
0.3174603174595315 0.8730158730154318 0
0.3174603174595315 0.8888888888884801 0
0.3174603174595315 0.9047619047615543 0
0.3174603174595315 0.9206349206346285 0
0.3174603174595315 0.9365079365077029 0
0.3174603174595315 0.9523809523807771 0
0.3174603174595315 0.9682539682538513 0
0.3174603174595315 0.9841269841269256 0
0.3333333333325011 0.01587301587304996 0
0.3333333333325011 0.03174603174609968 0
0.333333333332501 0.04761904761914799 0
0.3333333333325009 0.0634920634921967 0
0.333333333332501 0.07936507936524827 0
0.333333333332501 0.09523809523830001 0
0.3333333333325009 0.1111111111113518 0
0.3333333333325009 0.126984126984402 0
0.3333333333325011 0.1428571428574472 0
0.3333333333325011 0.1587301587304916 0
0.3333333333325011 0.1746031746035361 0
0.333333333332501 0.1904761904765807 0
0.333333333332501 0.2063492063496251 0
0.333333333332501 0.2222222222226695 0
0.333333333332501 0.238095238095714 0
0.3333333333325009 0.2539682539687586 0
0.3333333333325009 0.269841269841803 0
0.333333333332501 0.2857142857148473 0
0.333333333332501 0.301587301587892 0
0.333333333332501 0.3174603174609363 0
0.333333333332501 0.3333333333339809 0
0.333333333332501 0.3492063492070253 0
0.333333333332501 0.3650793650800698 0
0.333333333332501 0.3809523809531142 0
0.3333333333325011 0.3968253968261587 0
0.333333333332501 0.4126984126992033 0
0.333333333332501 0.4285714285722477 0
0.333333333332501 0.4444444444452922 0
0.333333333332501 0.4603174603183366 0
0.3333333333325009 0.4761904761913812 0
0.333333333332501 0.4920634920644256 0
0.333333333332501 0.5079365079374262 0
0.333333333332501 0.5238095238103824 0
0.333333333332501 0.539682539683339 0
0.333333333332501 0.5555555555562952 0
0.333333333332501 0.5714285714292519 0
0.333333333332501 0.5873015873022082 0
0.333333333332501 0.6031746031751646 0
0.333333333332501 0.619047619048121 0
0.333333333332501 0.6349206349210775 0
0.333333333332501 0.6507936507940337 0
0.333333333332501 0.6666666666669904 0
0.333333333332501 0.6825396825399468 0
0.333333333332501 0.6984126984129032 0
0.333333333332501 0.7142857142858597 0
0.333333333332501 0.7301587301588159 0
0.333333333332501 0.7460317460317726 0
0.333333333332501 0.7619047619047288 0
0.333333333332501 0.7777777777776851 0
0.333333333332501 0.7936507936506416 0
0.333333333332501 0.8095238095235977 0
0.333333333332501 0.8253968253965545 0
0.333333333332501 0.8412698412695108 0
0.333333333332501 0.8571428571424673 0
0.333333333332501 0.8730158730154345 0
0.333333333332501 0.8888888888884827 0
0.333333333332501 0.9047619047615565 0
0.333333333332501 0.9206349206346305 0
0.333333333332501 0.9365079365077045 0
0.333333333332501 0.9523809523807785 0
0.333333333332501 0.9682539682538522 0
0.333333333332501 0.9841269841269258 0
0.3492063492054706 0.01587301587304843 0
0.3492063492054707 0.03174603174609663 0
0.3492063492054706 0.04761904761914335 0
0.3492063492054706 0.06349206349219048 0
0.3492063492054706 0.07936507936524055 0
0.3492063492054706 0.09523809523829088 0
0.3492063492054706 0.1111111111113412 0
0.3492063492054706 0.12698412698439 0
0.3492063492054706 0.1428571428574334 0
0.3492063492054704 0.1587301587304761 0
0.3492063492054706 0.1746031746035187 0
0.3492063492054704 0.1904761904765615 0
0.3492063492054706 0.2063492063496041 0
0.3492063492054706 0.2222222222226468 0
0.3492063492054706 0.2380952380956895 0
0.3492063492054706 0.2539682539687322 0
0.3492063492054706 0.2698412698417748 0
0.3492063492054706 0.2857142857148176 0
0.3492063492054706 0.3015873015878602 0
0.3492063492054706 0.317460317460903 0
0.3492063492054706 0.3333333333339456 0
0.3492063492054706 0.3492063492069883 0
0.3492063492054706 0.3650793650800311 0
0.3492063492054706 0.3809523809530736 0
0.3492063492054706 0.3968253968261163 0
0.3492063492054706 0.4126984126991591 0
0.3492063492054706 0.4285714285722018 0
0.3492063492054706 0.4444444444452444 0
0.3492063492054706 0.4603174603182871 0
0.3492063492054706 0.4761904761913299 0
0.3492063492054706 0.4920634920643725 0
0.3492063492054706 0.5079365079373733 0
0.3492063492054706 0.5238095238103322 0
0.3492063492054706 0.5396825396832911 0
0.3492063492054706 0.5555555555562499 0
0.3492063492054706 0.5714285714292088 0
0.3492063492054706 0.5873015873021673 0
0.3492063492054706 0.6031746031751262 0
0.3492063492054706 0.619047619048085 0
0.3492063492054706 0.634920634921044 0
0.3492063492054706 0.6507936507940029 0
0.3492063492054706 0.6666666666669615 0
0.3492063492054706 0.6825396825399204 0
0.3492063492054706 0.6984126984128792 0
0.3492063492054706 0.7142857142858382 0
0.3492063492054706 0.7301587301587971 0
0.3492063492054706 0.7460317460317557 0
0.3492063492054706 0.7619047619047146 0
0.3492063492054706 0.7777777777776734 0
0.3492063492054706 0.7936507936506323 0
0.3492063492054706 0.809523809523591 0
0.3492063492054706 0.82539682539655 0
0.3492063492054706 0.8412698412695085 0
0.3492063492054706 0.8571428571424675 0
0.3492063492054706 0.8730158730154367 0
0.3492063492054706 0.8888888888884854 0
0.3492063492054706 0.9047619047615587 0
0.3492063492054706 0.9206349206346325 0
0.3492063492054706 0.9365079365077059 0
0.3492063492054706 0.9523809523807794 0
0.3492063492054706 0.9682539682538529 0
0.3492063492054706 0.9841269841269263 0
0.3650793650784401 0.0158730158730469 0
0.3650793650784401 0.03174603174609358 0
0.3650793650784401 0.04761904761913868 0
0.36507936507844 0.06349206349218427 0
0.3650793650784401 0.07936507936523285 0
0.3650793650784401 0.09523809523828175 0
0.3650793650784402 0.1111111111113307 0
0.3650793650784401 0.1269841269843779 0
0.3650793650784401 0.1428571428574196 0
0.3650793650784401 0.1587301587304605 0
0.3650793650784402 0.1746031746035013 0
0.3650793650784401 0.1904761904765423 0
0.3650793650784402 0.2063492063495832 0
0.3650793650784401 0.222222222222624 0
0.3650793650784401 0.238095238095665 0
0.3650793650784401 0.2539682539687059 0
0.3650793650784401 0.2698412698417468 0
0.3650793650784401 0.2857142857147876 0
0.3650793650784401 0.3015873015878286 0
0.36507936507844 0.3174603174608695 0
0.3650793650784401 0.3333333333339103 0
0.3650793650784401 0.3492063492069513 0
0.3650793650784401 0.3650793650799922 0
0.3650793650784401 0.3809523809530331 0
0.3650793650784402 0.3968253968260739 0
0.3650793650784402 0.412698412699115 0
0.3650793650784401 0.4285714285721558 0
0.3650793650784401 0.4444444444451967 0
0.3650793650784401 0.4603174603182376 0
0.3650793650784402 0.4761904761912786 0
0.3650793650784401 0.4920634920643194 0
0.3650793650784401 0.5079365079373205 0
0.3650793650784401 0.5238095238102818 0
0.3650793650784401 0.539682539683243 0
0.3650793650784401 0.5555555555562042 0
0.3650793650784401 0.5714285714291657 0
0.3650793650784401 0.5873015873021268 0
0.3650793650784401 0.603174603175088 0
0.3650793650784401 0.6190476190480493 0
0.3650793650784401 0.6349206349210105 0
0.3650793650784401 0.6507936507939718 0
0.3650793650784401 0.6666666666669331 0
0.3650793650784401 0.6825396825398942 0
0.3650793650784401 0.6984126984128556 0
0.3650793650784401 0.7142857142858166 0
0.3650793650784401 0.7301587301587782 0
0.3650793650784401 0.7460317460317393 0
0.3650793650784402 0.7619047619047006 0
0.3650793650784401 0.7777777777776618 0
0.3650793650784401 0.793650793650623 0
0.3650793650784401 0.8095238095235839 0
0.3650793650784401 0.8253968253965452 0
0.3650793650784401 0.8412698412695065 0
0.3650793650784401 0.8571428571424677 0
0.3650793650784401 0.8730158730154393 0
0.3650793650784401 0.8888888888884879 0
0.3650793650784401 0.9047619047615612 0
0.3650793650784401 0.9206349206346344 0
0.3650793650784401 0.9365079365077074 0
0.3650793650784401 0.9523809523807806 0
0.3650793650784401 0.9682539682538538 0
0.3650793650784401 0.9841269841269267 0
0.3809523809514097 0.01587301587304538 0
0.3809523809514097 0.0317460317460905 0
0.3809523809514097 0.04761904761913402 0
0.3809523809514097 0.06349206349217801 0
0.3809523809514097 0.07936507936522519 0
0.3809523809514097 0.09523809523827262 0
0.3809523809514097 0.1111111111113201 0
0.3809523809514097 0.1269841269843658 0
0.3809523809514097 0.1428571428574058 0
0.3809523809514097 0.1587301587304449 0
0.3809523809514097 0.1746031746034839 0
0.3809523809514097 0.1904761904765231 0
0.3809523809514096 0.2063492063495622 0
0.3809523809514097 0.2222222222226013 0
0.3809523809514097 0.2380952380956405 0
0.3809523809514097 0.2539682539686796 0
0.3809523809514097 0.2698412698417186 0
0.3809523809514097 0.2857142857147577 0
0.3809523809514097 0.301587301587797 0
0.3809523809514097 0.317460317460836 0
0.3809523809514096 0.3333333333338751 0
0.3809523809514097 0.3492063492069142 0
0.3809523809514097 0.3650793650799534 0
0.3809523809514095 0.3809523809529924 0
0.3809523809514096 0.3968253968260315 0
0.3809523809514097 0.4126984126990708 0
0.3809523809514095 0.4285714285721098 0
0.3809523809514097 0.444444444445149 0
0.3809523809514097 0.4603174603181881 0
0.3809523809514097 0.4761904761912273 0
0.3809523809514098 0.4920634920642664 0
0.3809523809514097 0.5079365079372676 0
0.3809523809514097 0.5238095238102314 0
0.3809523809514095 0.5396825396831951 0
0.3809523809514097 0.5555555555561587 0
0.3809523809514097 0.5714285714291224 0
0.3809523809514097 0.5873015873020861 0
0.3809523809514097 0.6031746031750496 0
0.3809523809514095 0.6190476190480134 0
0.3809523809514095 0.6349206349209773 0
0.3809523809514097 0.6507936507939407 0
0.3809523809514097 0.6666666666669043 0
0.3809523809514096 0.682539682539868 0
0.3809523809514097 0.6984126984128318 0
0.3809523809514097 0.7142857142857955 0
0.3809523809514097 0.7301587301587591 0
0.3809523809514097 0.746031746031723 0
0.3809523809514097 0.7619047619046861 0
0.3809523809514097 0.7777777777776499 0
0.3809523809514097 0.7936507936506134 0
0.3809523809514096 0.8095238095235771 0
0.3809523809514097 0.8253968253965407 0
0.3809523809514096 0.8412698412695043 0
0.3809523809514097 0.857142857142468 0
0.3809523809514097 0.8730158730154418 0
0.3809523809514097 0.8888888888884907 0
0.3809523809514097 0.9047619047615637 0
0.3809523809514097 0.9206349206346363 0
0.3809523809514097 0.9365079365077089 0
0.3809523809514097 0.9523809523807818 0
0.3809523809514097 0.9682539682538546 0
0.3809523809514097 0.9841269841269273 0
0.3968253968243792 0.01587301587304385 0
0.3968253968243792 0.03174603174608744 0
0.3968253968243792 0.04761904761912937 0
0.3968253968243791 0.06349206349217178 0
0.3968253968243791 0.07936507936521744 0
0.3968253968243791 0.09523809523826351 0
0.3968253968243792 0.1111111111113095 0
0.3968253968243791 0.1269841269843538 0
0.3968253968243792 0.142857142857392 0
0.3968253968243792 0.1587301587304292 0
0.3968253968243792 0.1746031746034665 0
0.3968253968243791 0.1904761904765039 0
0.3968253968243792 0.2063492063495412 0
0.3968253968243792 0.2222222222225785 0
0.3968253968243791 0.2380952380956159 0
0.3968253968243791 0.2539682539686533 0
0.3968253968243792 0.2698412698416905 0
0.3968253968243793 0.2857142857147278 0
0.3968253968243791 0.3015873015877653 0
0.3968253968243792 0.3174603174608026 0
0.3968253968243791 0.3333333333338399 0
0.3968253968243792 0.3492063492068773 0
0.3968253968243793 0.3650793650799147 0
0.3968253968243792 0.3809523809529519 0
0.3968253968243791 0.3968253968259893 0
0.3968253968243792 0.4126984126990266 0
0.3968253968243793 0.428571428572064 0
0.3968253968243792 0.4444444444451012 0
0.3968253968243792 0.4603174603181386 0
0.3968253968243791 0.4761904761911759 0
0.3968253968243792 0.4920634920642133 0
0.3968253968243792 0.5079365079372152 0
0.3968253968243793 0.5238095238101812 0
0.3968253968243792 0.5396825396831472 0
0.3968253968243792 0.5555555555561131 0
0.3968253968243792 0.5714285714290795 0
0.3968253968243792 0.5873015873020454 0
0.3968253968243791 0.6031746031750114 0
0.3968253968243792 0.6190476190479776 0
0.3968253968243793 0.6349206349209435 0
0.3968253968243791 0.6507936507939096 0
0.3968253968243792 0.6666666666668757 0
0.3968253968243792 0.6825396825398418 0
0.3968253968243791 0.6984126984128076 0
0.3968253968243792 0.714285714285774 0
0.3968253968243793 0.73015873015874 0
0.3968253968243792 0.7460317460317062 0
0.3968253968243792 0.7619047619046722 0
0.3968253968243792 0.7777777777776383 0
0.3968253968243792 0.7936507936506043 0
0.3968253968243791 0.8095238095235703 0
0.3968253968243792 0.8253968253965362 0
0.3968253968243792 0.8412698412695022 0
0.3968253968243792 0.8571428571424686 0
0.3968253968243791 0.8730158730154441 0
0.3968253968243792 0.8888888888884936 0
0.3968253968243792 0.9047619047615658 0
0.3968253968243792 0.9206349206346383 0
0.3968253968243792 0.9365079365077105 0
0.3968253968243792 0.9523809523807828 0
0.3968253968243792 0.9682539682538552 0
0.3968253968243792 0.9841269841269277 0
0.4126984126973487 0.01587301587304232 0
0.4126984126973488 0.03174603174608439 0
0.4126984126973489 0.04761904761912471 0
0.4126984126973488 0.06349206349216553 0
0.4126984126973487 0.0793650793652098 0
0.4126984126973487 0.09523809523825438 0
0.4126984126973487 0.111111111111299 0
0.4126984126973486 0.1269841269843417 0
0.4126984126973487 0.1428571428573781 0
0.4126984126973487 0.1587301587304137 0
0.4126984126973487 0.1746031746034491 0
0.4126984126973487 0.1904761904764848 0
0.4126984126973487 0.2063492063495203 0
0.4126984126973487 0.2222222222225558 0
0.4126984126973487 0.2380952380955914 0
0.4126984126973487 0.253968253968627 0
0.4126984126973489 0.2698412698416625 0
0.4126984126973487 0.285714285714698 0
0.4126984126973487 0.3015873015877337 0
0.4126984126973488 0.3174603174607691 0
0.4126984126973487 0.3333333333338046 0
0.4126984126973487 0.3492063492068402 0
0.4126984126973486 0.3650793650798759 0
0.4126984126973487 0.3809523809529113 0
0.4126984126973487 0.3968253968259469 0
0.4126984126973487 0.4126984126989826 0
0.4126984126973487 0.428571428572018 0
0.4126984126973487 0.4444444444450535 0
0.4126984126973487 0.4603174603180891 0
0.4126984126973487 0.4761904761911247 0
0.4126984126973487 0.4920634920641601 0
0.4126984126973487 0.5079365079371624 0
0.4126984126973487 0.5238095238101306 0
0.4126984126973487 0.5396825396830992 0
0.4126984126973487 0.5555555555560676 0
0.4126984126973487 0.571428571429036 0
0.4126984126973487 0.5873015873020048 0
0.4126984126973487 0.603174603174973 0
0.4126984126973487 0.6190476190479416 0
0.4126984126973487 0.6349206349209101 0
0.4126984126973487 0.6507936507938787 0
0.4126984126973487 0.6666666666668472 0
0.4126984126973487 0.6825396825398156 0
0.4126984126973487 0.6984126984127842 0
0.4126984126973487 0.7142857142857527 0
0.4126984126973487 0.7301587301587211 0
0.4126984126973487 0.7460317460316895 0
0.4126984126973487 0.7619047619046579 0
0.4126984126973487 0.7777777777776264 0
0.4126984126973487 0.7936507936505948 0
0.4126984126973487 0.8095238095235632 0
0.4126984126973487 0.8253968253965318 0
0.4126984126973487 0.8412698412695001 0
0.4126984126973487 0.8571428571424689 0
0.4126984126973487 0.8730158730154467 0
0.4126984126973487 0.8888888888884963 0
0.4126984126973487 0.904761904761568 0
0.4126984126973487 0.92063492063464 0
0.4126984126973487 0.9365079365077122 0
0.4126984126973487 0.952380952380784 0
0.4126984126973487 0.968253968253856 0
0.4126984126973487 0.984126984126928 0
0.4285714285703183 0.0158730158730408 0
0.4285714285703183 0.03174603174608134 0
0.4285714285703183 0.04761904761912004 0
0.4285714285703183 0.06349206349215929 0
0.4285714285703183 0.07936507936520208 0
0.4285714285703183 0.09523809523824525 0
0.4285714285703182 0.1111111111112884 0
0.4285714285703183 0.1269841269843296 0
0.4285714285703182 0.1428571428573643 0
0.4285714285703183 0.158730158730398 0
0.4285714285703183 0.1746031746034317 0
0.4285714285703183 0.1904761904764656 0
0.4285714285703183 0.2063492063494993 0
0.4285714285703183 0.2222222222225331 0
0.4285714285703184 0.2380952380955668 0
0.4285714285703183 0.2539682539686006 0
0.4285714285703182 0.2698412698416344 0
0.4285714285703184 0.2857142857146681 0
0.4285714285703183 0.3015873015877019 0
0.4285714285703182 0.3174603174607357 0
0.4285714285703183 0.3333333333337695 0
0.4285714285703183 0.3492063492068032 0
0.4285714285703183 0.365079365079837 0
0.4285714285703183 0.3809523809528708 0
0.4285714285703183 0.3968253968259045 0
0.4285714285703183 0.4126984126989384 0
0.4285714285703183 0.4285714285719721 0
0.4285714285703183 0.4444444444450057 0
0.4285714285703183 0.4603174603180396 0
0.4285714285703183 0.4761904761910734 0
0.4285714285703183 0.492063492064107 0
0.4285714285703183 0.5079365079371095 0
0.4285714285703183 0.5238095238100804 0
0.4285714285703183 0.5396825396830512 0
0.4285714285703183 0.5555555555560221 0
0.4285714285703183 0.5714285714289929 0
0.4285714285703183 0.5873015873019639 0
0.4285714285703183 0.6031746031749348 0
0.4285714285703183 0.6190476190479056 0
0.4285714285703183 0.6349206349208768 0
0.4285714285703183 0.6507936507938477 0
0.4285714285703183 0.6666666666668185 0
0.4285714285703183 0.6825396825397894 0
0.4285714285703183 0.6984126984127602 0
0.4285714285703183 0.7142857142857312 0
0.4285714285703183 0.730158730158702 0
0.4285714285703183 0.7460317460316731 0
0.4285714285703183 0.7619047619046437 0
0.4285714285703183 0.7777777777776148 0
0.4285714285703183 0.7936507936505854 0
0.4285714285703183 0.8095238095235565 0
0.4285714285703183 0.8253968253965274 0
0.4285714285703183 0.8412698412694981 0
0.4285714285703183 0.8571428571424691 0
0.4285714285703183 0.8730158730154491 0
0.4285714285703183 0.8888888888884989 0
0.4285714285703183 0.9047619047615703 0
0.4285714285703183 0.920634920634642 0
0.4285714285703183 0.9365079365077138 0
0.4285714285703183 0.9523809523807851 0
0.4285714285703183 0.9682539682538567 0
0.4285714285703183 0.9841269841269282 0
0.4444444444432878 0.01587301587303928 0
0.4444444444432878 0.03174603174607826 0
0.4444444444432878 0.04761904761911538 0
0.4444444444432878 0.06349206349215307 0
0.4444444444432878 0.07936507936519439 0
0.4444444444432878 0.09523809523823612 0
0.4444444444432878 0.1111111111112779 0
0.4444444444432878 0.1269841269843175 0
0.4444444444432878 0.1428571428573504 0
0.4444444444432878 0.1587301587303823 0
0.4444444444432878 0.1746031746034144 0
0.4444444444432878 0.1904761904764464 0
0.4444444444432878 0.2063492063494784 0
0.4444444444432878 0.2222222222225103 0
0.4444444444432878 0.2380952380955423 0
0.4444444444432878 0.2539682539685744 0
0.4444444444432878 0.2698412698416063 0
0.4444444444432878 0.2857142857146381 0
0.4444444444432877 0.3015873015876703 0
0.4444444444432878 0.3174603174607023 0
0.4444444444432878 0.3333333333337342 0
0.4444444444432878 0.3492063492067662 0
0.4444444444432878 0.3650793650797982 0
0.4444444444432878 0.3809523809528301 0
0.4444444444432878 0.3968253968258621 0
0.4444444444432877 0.4126984126988942 0
0.4444444444432877 0.4285714285719261 0
0.4444444444432878 0.444444444444958 0
0.4444444444432878 0.46031746031799 0
0.4444444444432878 0.4761904761910222 0
0.4444444444432878 0.4920634920640541 0
0.4444444444432878 0.5079365079370567 0
0.4444444444432878 0.52380952381003 0
0.4444444444432878 0.5396825396830033 0
0.4444444444432878 0.5555555555559766 0
0.4444444444432878 0.5714285714289499 0
0.4444444444432878 0.5873015873019233 0
0.4444444444432878 0.6031746031748966 0
0.4444444444432878 0.6190476190478699 0
0.4444444444432878 0.6349206349208431 0
0.4444444444432878 0.6507936507938166 0
0.4444444444432878 0.6666666666667899 0
0.4444444444432878 0.6825396825397632 0
0.4444444444432878 0.6984126984127365 0
0.4444444444432878 0.7142857142857096 0
0.4444444444432878 0.7301587301586832 0
0.4444444444432878 0.7460317460316562 0
0.4444444444432878 0.7619047619046297 0
0.4444444444432878 0.7777777777776028 0
0.4444444444432878 0.7936507936505761 0
0.4444444444432878 0.8095238095235494 0
0.4444444444432878 0.8253968253965229 0
0.4444444444432878 0.8412698412694961 0
0.4444444444432878 0.8571428571424693 0
0.4444444444432878 0.8730158730154516 0
0.4444444444432878 0.8888888888885016 0
0.4444444444432878 0.9047619047615725 0
0.4444444444432878 0.920634920634644 0
0.4444444444432878 0.9365079365077152 0
0.4444444444432878 0.9523809523807865 0
0.4444444444432878 0.9682539682538576 0
0.4444444444432878 0.9841269841269286 0
0.4603174603162574 0.01587301587303775 0
0.4603174603162574 0.0317460317460752 0
0.4603174603162575 0.04761904761911072 0
0.4603174603162574 0.0634920634921468 0
0.4603174603162574 0.07936507936518671 0
0.4603174603162573 0.09523809523822699 0
0.4603174603162574 0.1111111111112673 0
0.4603174603162575 0.1269841269843054 0
0.4603174603162574 0.1428571428573366 0
0.4603174603162574 0.1587301587303668 0
0.4603174603162574 0.174603174603397 0
0.4603174603162574 0.1904761904764272 0
0.4603174603162574 0.2063492063494574 0
0.4603174603162575 0.2222222222224876 0
0.4603174603162573 0.2380952380955177 0
0.4603174603162574 0.2539682539685479 0
0.4603174603162574 0.2698412698415781 0
0.4603174603162575 0.2857142857146084 0
0.4603174603162573 0.3015873015876386 0
0.4603174603162574 0.3174603174606688 0
0.4603174603162573 0.333333333333699 0
0.4603174603162575 0.3492063492067292 0
0.4603174603162574 0.3650793650797593 0
0.4603174603162574 0.3809523809527896 0
0.4603174603162573 0.3968253968258197 0
0.4603174603162574 0.41269841269885 0
0.4603174603162573 0.4285714285718801 0
0.4603174603162575 0.4444444444449103 0
0.4603174603162574 0.4603174603179405 0
0.4603174603162574 0.4761904761909709 0
0.4603174603162574 0.4920634920640009 0
0.4603174603162574 0.5079365079370038 0
0.4603174603162575 0.5238095238099796 0
0.4603174603162574 0.5396825396829554 0
0.4603174603162573 0.5555555555559311 0
0.4603174603162574 0.5714285714289069 0
0.4603174603162574 0.5873015873018828 0
0.4603174603162573 0.6031746031748582 0
0.4603174603162574 0.6190476190478341 0
0.4603174603162574 0.6349206349208097 0
0.4603174603162573 0.6507936507937855 0
0.4603174603162574 0.6666666666667612 0
0.4603174603162573 0.682539682539737 0
0.4603174603162575 0.6984126984127128 0
0.4603174603162573 0.7142857142856884 0
0.4603174603162574 0.7301587301586641 0
0.4603174603162575 0.7460317460316399 0
0.4603174603162574 0.7619047619046155 0
0.4603174603162573 0.7777777777775914 0
0.4603174603162574 0.7936507936505668 0
0.4603174603162573 0.8095238095235424 0
0.4603174603162574 0.8253968253965183 0
0.4603174603162574 0.8412698412694939 0
0.4603174603162574 0.8571428571424695 0
0.4603174603162575 0.873015873015454 0
0.4603174603162573 0.8888888888885043 0
0.4603174603162574 0.9047619047615753 0
0.4603174603162574 0.9206349206346458 0
0.4603174603162574 0.9365079365077168 0
0.4603174603162574 0.9523809523807873 0
0.4603174603162574 0.9682539682538582 0
0.4603174603162574 0.9841269841269291 0
0.4761904761892269 0.01587301587303623 0
0.4761904761892269 0.03174603174607215 0
0.4761904761892269 0.04761904761910607 0
0.4761904761892269 0.06349206349214058 0
0.476190476189227 0.07936507936517898 0
0.4761904761892269 0.09523809523821786 0
0.476190476189227 0.1111111111112567 0
0.4761904761892268 0.1269841269842934 0
0.4761904761892269 0.1428571428573228 0
0.4761904761892268 0.1587301587303512 0
0.4761904761892269 0.1746031746033795 0
0.4761904761892268 0.1904761904764081 0
0.4761904761892269 0.2063492063494364 0
0.476190476189227 0.2222222222224648 0
0.476190476189227 0.2380952380954933 0
0.476190476189227 0.2539682539685217 0
0.4761904761892268 0.2698412698415501 0
0.4761904761892269 0.2857142857145784 0
0.4761904761892268 0.3015873015876068 0
0.4761904761892269 0.3174603174606353 0
0.4761904761892268 0.3333333333336637 0
0.4761904761892268 0.3492063492066921 0
0.4761904761892268 0.3650793650797206 0
0.4761904761892268 0.380952380952749 0
0.4761904761892268 0.3968253968257774 0
0.4761904761892269 0.4126984126988059 0
0.4761904761892269 0.4285714285718343 0
0.476190476189227 0.4444444444448626 0
0.476190476189227 0.4603174603178911 0
0.4761904761892268 0.4761904761909195 0
0.476190476189227 0.4920634920639479 0
0.4761904761892269 0.5079365079369512 0
0.4761904761892268 0.5238095238099294 0
0.476190476189227 0.5396825396829072 0
0.4761904761892268 0.5555555555558855 0
0.4761904761892268 0.5714285714288637 0
0.4761904761892269 0.5873015873018417 0
0.476190476189227 0.60317460317482 0
0.4761904761892268 0.619047619047798 0
0.4761904761892269 0.6349206349207764 0
0.4761904761892269 0.6507936507937544 0
0.4761904761892269 0.6666666666667325 0
0.4761904761892269 0.6825396825397108 0
0.4761904761892268 0.6984126984126886 0
0.4761904761892269 0.7142857142856669 0
0.4761904761892269 0.7301587301586452 0
0.4761904761892269 0.7460317460316234 0
0.476190476189227 0.7619047619046013 0
0.4761904761892268 0.7777777777775794 0
0.476190476189227 0.7936507936505575 0
0.4761904761892268 0.8095238095235355 0
0.4761904761892268 0.8253968253965138 0
0.476190476189227 0.8412698412694919 0
0.4761904761892269 0.85714285714247 0
0.4761904761892269 0.8730158730154567 0
0.4761904761892268 0.8888888888885069 0
0.4761904761892269 0.9047619047615774 0
0.4761904761892269 0.9206349206346478 0
0.4761904761892269 0.9365079365077182 0
0.4761904761892269 0.9523809523807887 0
0.4761904761892269 0.9682539682538591 0
0.4761904761892269 0.9841269841269293 0
0.4920634920621965 0.0158730158730347 0
0.4920634920621965 0.03174603174606908 0
0.4920634920621965 0.04761904761910141 0
0.4920634920621965 0.06349206349213433 0
0.4920634920621964 0.07936507936517133 0
0.4920634920621965 0.09523809523820873 0
0.4920634920621965 0.1111111111112462 0
0.4920634920621965 0.1269841269842813 0
0.4920634920621966 0.142857142857309 0
0.4920634920621965 0.1587301587303356 0
0.4920634920621965 0.1746031746033622 0
0.4920634920621965 0.1904761904763889 0
0.4920634920621964 0.2063492063494154 0
0.4920634920621965 0.222222222222442 0
0.4920634920621966 0.2380952380954687 0
0.4920634920621964 0.2539682539684953 0
0.4920634920621965 0.269841269841522 0
0.4920634920621966 0.2857142857145487 0
0.4920634920621965 0.3015873015875754 0
0.4920634920621965 0.3174603174606019 0
0.4920634920621966 0.3333333333336285 0
0.4920634920621965 0.3492063492066551 0
0.4920634920621965 0.3650793650796818 0
0.4920634920621965 0.3809523809527083 0
0.4920634920621965 0.3968253968257351 0
0.4920634920621965 0.4126984126987617 0
0.4920634920621965 0.4285714285717883 0
0.4920634920621965 0.4444444444448149 0
0.4920634920621966 0.4603174603178416 0
0.4920634920621965 0.4761904761908682 0
0.4920634920621965 0.4920634920638948 0
0.4920634920621965 0.5079365079368986 0
0.4920634920621965 0.523809523809879 0
0.4920634920621965 0.5396825396828594 0
0.4920634920621965 0.55555555555584 0
0.4920634920621965 0.5714285714288206 0
0.4920634920621965 0.5873015873018012 0
0.4920634920621965 0.6031746031747816 0
0.4920634920621965 0.6190476190477622 0
0.4920634920621965 0.6349206349207427 0
0.4920634920621965 0.6507936507937233 0
0.4920634920621965 0.6666666666667039 0
0.4920634920621965 0.6825396825396846 0
0.4920634920621965 0.6984126984126652 0
0.4920634920621965 0.7142857142856457 0
0.4920634920621965 0.7301587301586261 0
0.4920634920621965 0.7460317460316065 0
0.4920634920621965 0.7619047619045871 0
0.4920634920621965 0.7777777777775677 0
0.4920634920621965 0.7936507936505481 0
0.4920634920621965 0.8095238095235285 0
0.4920634920621965 0.8253968253965092 0
0.4920634920621965 0.8412698412694897 0
0.4920634920621965 0.8571428571424704 0
0.4920634920621965 0.8730158730154591 0
0.4920634920621965 0.8888888888885096 0
0.4920634920621965 0.9047619047615797 0
0.4920634920621965 0.9206349206346498 0
0.4920634920621965 0.9365079365077199 0
0.4920634920621965 0.9523809523807898 0
0.4920634920621965 0.9682539682538598 0
0.4920634920621965 0.9841269841269299 0
0.5079365079352101 0.01587301587303318 0
0.5079365079352101 0.03174603174606602 0
0.5079365079352101 0.04761904761909676 0
0.5079365079352101 0.06349206349212809 0
0.5079365079352101 0.07936507936516361 0
0.5079365079352101 0.09523809523819959 0
0.5079365079352101 0.1111111111112356 0
0.5079365079352101 0.1269841269842693 0
0.5079365079352101 0.1428571428572951 0
0.5079365079352101 0.15873015873032 0
0.5079365079352101 0.1746031746033448 0
0.5079365079352101 0.1904761904763697 0
0.5079365079352101 0.2063492063493945 0
0.5079365079352101 0.2222222222224193 0
0.5079365079352101 0.2380952380954442 0
0.5079365079352101 0.2539682539684691 0
0.5079365079352101 0.2698412698414938 0
0.5079365079352101 0.2857142857145187 0
0.5079365079352101 0.3015873015875436 0
0.5079365079352101 0.3174603174605684 0
0.5079365079352101 0.3333333333335932 0
0.5079365079352101 0.3492063492066181 0
0.5079365079352101 0.3650793650796429 0
0.5079365079352101 0.3809523809526678 0
0.5079365079352101 0.3968253968256927 0
0.5079365079352101 0.4126984126987175 0
0.5079365079352101 0.4285714285717424 0
0.5079365079352101 0.4444444444447672 0
0.5079365079352101 0.4603174603177921 0
0.5079365079352101 0.4761904761908169 0
0.5079365079352101 0.4920634920638417 0
0.5079365079352101 0.5079365079368457 0
0.5079365079352101 0.5238095238098286 0
0.5079365079352101 0.5396825396828114 0
0.5079365079352101 0.5555555555557945 0
0.5079365079352101 0.5714285714287776 0
0.5079365079352101 0.5873015873017605 0
0.5079365079352101 0.6031746031747434 0
0.5079365079352101 0.6190476190477262 0
0.5079365079352101 0.6349206349207094 0
0.5079365079352101 0.6507936507936922 0
0.5079365079352101 0.6666666666666753 0
0.5079365079352101 0.6825396825396584 0
0.5079365079352101 0.6984126984126412 0
0.5079365079352101 0.7142857142856242 0
0.5079365079352101 0.7301587301586072 0
0.5079365079352101 0.7460317460315901 0
0.5079365079352101 0.7619047619045729 0
0.5079365079352101 0.7777777777775557 0
0.5079365079352101 0.7936507936505388 0
0.5079365079352101 0.8095238095235219 0
0.5079365079352101 0.8253968253965047 0
0.5079365079352101 0.8412698412694877 0
0.5079365079352101 0.8571428571424706 0
0.5079365079352101 0.8730158730154616 0
0.5079365079352101 0.8888888888885123 0
0.5079365079352101 0.9047619047615819 0
0.5079365079352101 0.9206349206346516 0
0.5079365079352101 0.9365079365077212 0
0.5079365079352101 0.9523809523807909 0
0.5079365079352101 0.9682539682538607 0
0.5079365079352101 0.9841269841269303 0
0.5238095238082678 0.01587301587303165 0
0.5238095238082676 0.03174603174606296 0
0.5238095238082678 0.04761904761909209 0
0.5238095238082678 0.06349206349212187 0
0.5238095238082678 0.07936507936515592 0
0.5238095238082678 0.09523809523819049 0
0.5238095238082678 0.111111111111225 0
0.5238095238082678 0.1269841269842572 0
0.5238095238082678 0.1428571428572813 0
0.5238095238082678 0.1587301587303044 0
0.5238095238082678 0.1746031746033273 0
0.5238095238082678 0.1904761904763505 0
0.5238095238082678 0.2063492063493735 0
0.5238095238082678 0.2222222222223966 0
0.5238095238082678 0.2380952380954197 0
0.5238095238082678 0.2539682539684427 0
0.5238095238082678 0.2698412698414657 0
0.5238095238082678 0.2857142857144888 0
0.5238095238082678 0.301587301587512 0
0.5238095238082678 0.317460317460535 0
0.5238095238082678 0.333333333333558 0
0.5238095238082678 0.3492063492065811 0
0.5238095238082678 0.3650793650796042 0
0.5238095238082678 0.3809523809526273 0
0.5238095238082678 0.3968253968256503 0
0.5238095238082678 0.4126984126986734 0
0.5238095238082678 0.4285714285716964 0
0.5238095238082678 0.4444444444447194 0
0.5238095238082678 0.4603174603177426 0
0.5238095238082678 0.4761904761907657 0
0.5238095238082678 0.4920634920637886 0
0.5238095238082678 0.5079365079367929 0
0.5238095238082678 0.5238095238097784 0
0.5238095238082678 0.5396825396827637 0
0.5238095238082678 0.555555555555749 0
0.5238095238082678 0.5714285714287345 0
0.5238095238082678 0.5873015873017197 0
0.5238095238082678 0.6031746031747052 0
0.5238095238082678 0.6190476190476905 0
0.5238095238082678 0.6349206349206761 0
0.5238095238082678 0.6507936507936611 0
0.5238095238082678 0.6666666666666466 0
0.5238095238082678 0.6825396825396319 0
0.5238095238082678 0.6984126984126172 0
0.5238095238082678 0.7142857142856026 0
0.5238095238082678 0.7301587301585881 0
0.5238095238082678 0.7460317460315736 0
0.5238095238082678 0.7619047619045587 0
0.5238095238082678 0.7777777777775442 0
0.5238095238082678 0.7936507936505295 0
0.5238095238082678 0.8095238095235148 0
0.5238095238082678 0.8253968253965003 0
0.5238095238082678 0.8412698412694855 0
0.5238095238082678 0.8571428571424708 0
0.5238095238082678 0.873015873015464 0
0.5238095238082678 0.8888888888885149 0
0.5238095238082678 0.9047619047615844 0
0.5238095238082678 0.9206349206346536 0
0.5238095238082678 0.936507936507723 0
0.5238095238082678 0.9523809523807922 0
0.5238095238082678 0.9682539682538613 0
0.5238095238082678 0.9841269841269309 0
0.5396825396813253 0.01587301587303012 0
0.5396825396813255 0.03174603174605991 0
0.5396825396813253 0.04761904761908743 0
0.5396825396813253 0.06349206349211563 0
0.5396825396813255 0.07936507936514824 0
0.5396825396813255 0.09523809523818136 0
0.5396825396813253 0.1111111111112145 0
0.5396825396813255 0.1269841269842451 0
0.5396825396813255 0.1428571428572675 0
0.5396825396813255 0.1587301587302888 0
0.5396825396813255 0.17460317460331 0
0.5396825396813255 0.1904761904763314 0
0.5396825396813255 0.2063492063493526 0
0.5396825396813255 0.2222222222223738 0
0.5396825396813255 0.2380952380953952 0
0.5396825396813255 0.2539682539684165 0
0.5396825396813255 0.2698412698414377 0
0.5396825396813254 0.2857142857144589 0
0.5396825396813255 0.3015873015874803 0
0.5396825396813255 0.3174603174605016 0
0.5396825396813255 0.3333333333335228 0
0.5396825396813255 0.349206349206544 0
0.5396825396813256 0.3650793650795655 0
0.5396825396813255 0.3809523809525867 0
0.5396825396813255 0.3968253968256079 0
0.5396825396813255 0.4126984126986293 0
0.5396825396813255 0.4285714285716505 0
0.5396825396813255 0.4444444444446717 0
0.5396825396813255 0.4603174603176931 0
0.5396825396813255 0.4761904761907143 0
0.5396825396813255 0.4920634920637356 0
0.5396825396813255 0.5079365079367401 0
0.5396825396813255 0.5238095238097278 0
0.5396825396813255 0.5396825396827157 0
0.5396825396813255 0.5555555555557035 0
0.5396825396813255 0.5714285714286914 0
0.5396825396813255 0.587301587301679 0
0.5396825396813255 0.6031746031746668 0
0.5396825396813255 0.6190476190476547 0
0.5396825396813255 0.6349206349206423 0
0.5396825396813255 0.6507936507936303 0
0.5396825396813255 0.666666666666618 0
0.5396825396813255 0.6825396825396057 0
0.5396825396813255 0.6984126984125937 0
0.5396825396813255 0.7142857142855813 0
0.5396825396813255 0.730158730158569 0
0.5396825396813255 0.7460317460315568 0
0.5396825396813255 0.7619047619045447 0
0.5396825396813255 0.7777777777775324 0
0.5396825396813255 0.7936507936505202 0
0.5396825396813255 0.8095238095235079 0
0.5396825396813255 0.8253968253964958 0
0.5396825396813255 0.8412698412694835 0
0.5396825396813255 0.8571428571424713 0
0.5396825396813255 0.8730158730154665 0
0.5396825396813255 0.8888888888885176 0
0.5396825396813255 0.9047619047615868 0
0.5396825396813255 0.9206349206346556 0
0.5396825396813255 0.9365079365077243 0
0.5396825396813255 0.9523809523807931 0
0.5396825396813255 0.9682539682538622 0
0.5396825396813255 0.9841269841269309 0
0.5555555555543833 0.0158730158730286 0
0.5555555555543831 0.03174603174605683 0
0.5555555555543833 0.04761904761908277 0
0.5555555555543832 0.06349206349210938 0
0.5555555555543835 0.07936507936514052 0
0.5555555555543832 0.09523809523817223 0
0.5555555555543833 0.1111111111112039 0
0.5555555555543833 0.126984126984233 0
0.5555555555543833 0.1428571428572537 0
0.5555555555543835 0.1587301587302731 0
0.5555555555543835 0.1746031746032926 0
0.5555555555543833 0.1904761904763121 0
0.5555555555543833 0.2063492063493316 0
0.5555555555543833 0.2222222222223511 0
0.5555555555543833 0.2380952380953706 0
0.5555555555543833 0.2539682539683901 0
0.5555555555543833 0.2698412698414095 0
0.5555555555543833 0.285714285714429 0
0.5555555555543833 0.3015873015874486 0
0.5555555555543833 0.317460317460468 0
0.5555555555543833 0.3333333333334875 0
0.5555555555543833 0.3492063492065071 0
0.5555555555543834 0.3650793650795266 0
0.5555555555543833 0.380952380952546 0
0.5555555555543833 0.3968253968255656 0
0.5555555555543833 0.4126984126985851 0
0.5555555555543833 0.4285714285716046 0
0.5555555555543833 0.4444444444446241 0
0.5555555555543833 0.4603174603176435 0
0.5555555555543834 0.4761904761906631 0
0.5555555555543833 0.4920634920636825 0
0.5555555555543833 0.5079365079366874 0
0.5555555555543833 0.5238095238096776 0
0.5555555555543833 0.5396825396826678 0
0.5555555555543833 0.5555555555556579 0
0.5555555555543833 0.5714285714286483 0
0.5555555555543833 0.5873015873016384 0
0.5555555555543833 0.6031746031746286 0
0.5555555555543833 0.6190476190476187 0
0.5555555555543833 0.634920634920609 0
0.5555555555543833 0.6507936507935992 0
0.5555555555543833 0.6666666666665894 0
0.5555555555543833 0.6825396825395795 0
0.5555555555543833 0.6984126984125697 0
0.5555555555543833 0.71428571428556 0
0.5555555555543833 0.7301587301585502 0
0.5555555555543833 0.7460317460315403 0
0.5555555555543833 0.7619047619045305 0
0.5555555555543833 0.7777777777775207 0
0.5555555555543833 0.7936507936505108 0
0.5555555555543833 0.809523809523501 0
0.5555555555543833 0.8253968253964912 0
0.5555555555543833 0.8412698412694815 0
0.5555555555543833 0.8571428571424715 0
0.5555555555543833 0.8730158730154689 0
0.5555555555543833 0.8888888888885205 0
0.5555555555543834 0.9047619047615891 0
0.5555555555543833 0.9206349206346573 0
0.5555555555543833 0.9365079365077261 0
0.5555555555543833 0.9523809523807945 0
0.5555555555543833 0.9682539682538629 0
0.5555555555543833 0.9841269841269312 0
0.5714285714274411 0.01587301587302707 0
0.5714285714274411 0.03174603174605378 0
0.5714285714274411 0.04761904761907811 0
0.571428571427441 0.06349206349210317 0
0.5714285714274411 0.07936507936513286 0
0.571428571427441 0.0952380952381631 0
0.5714285714274411 0.1111111111111934 0
0.5714285714274413 0.126984126984221 0
0.5714285714274411 0.1428571428572399 0
0.5714285714274411 0.1587301587302576 0
0.5714285714274411 0.1746031746032752 0
0.5714285714274411 0.190476190476293 0
0.5714285714274413 0.2063492063493106 0
0.5714285714274411 0.2222222222223283 0
0.571428571427441 0.2380952380953461 0
0.5714285714274411 0.2539682539683639 0
0.5714285714274411 0.2698412698413815 0
0.5714285714274411 0.2857142857143992 0
0.5714285714274411 0.301587301587417 0
0.5714285714274411 0.3174603174604347 0
0.5714285714274411 0.3333333333334523 0
0.5714285714274411 0.3492063492064701 0
0.5714285714274411 0.3650793650794877 0
0.5714285714274411 0.3809523809525055 0
0.5714285714274411 0.3968253968255233 0
0.5714285714274411 0.4126984126985409 0
0.5714285714274411 0.4285714285715586 0
0.5714285714274411 0.4444444444445763 0
0.5714285714274411 0.460317460317594 0
0.5714285714274411 0.4761904761906118 0
0.5714285714274411 0.4920634920636294 0
0.5714285714274411 0.5079365079366348 0
0.5714285714274411 0.5238095238096272 0
0.5714285714274411 0.5396825396826198 0
0.5714285714274411 0.5555555555556124 0
0.5714285714274411 0.5714285714286053 0
0.5714285714274411 0.5873015873015975 0
0.5714285714274411 0.6031746031745902 0
0.5714285714274411 0.6190476190475828 0
0.5714285714274411 0.6349206349205755 0
0.5714285714274411 0.6507936507935681 0
0.5714285714274411 0.6666666666665609 0
0.5714285714274411 0.6825396825395533 0
0.5714285714274411 0.6984126984125457 0
0.5714285714274411 0.7142857142855387 0
0.5714285714274411 0.7301587301585313 0
0.5714285714274411 0.7460317460315239 0
0.5714285714274411 0.7619047619045163 0
0.5714285714274411 0.7777777777775091 0
0.5714285714274411 0.7936507936505015 0
0.5714285714274411 0.8095238095234939 0
0.5714285714274411 0.8253968253964867 0
0.5714285714274411 0.8412698412694792 0
0.5714285714274411 0.8571428571424717 0
0.5714285714274411 0.8730158730154713 0
0.5714285714274411 0.8888888888885229 0
0.5714285714274411 0.9047619047615912 0
0.5714285714274411 0.9206349206346593 0
0.5714285714274411 0.9365079365077273 0
0.5714285714274411 0.9523809523807956 0
0.5714285714274411 0.9682539682538638 0
0.5714285714274411 0.9841269841269317 0
0.5873015873004985 0.01587301587302554 0
0.5873015873004988 0.03174603174605072 0
0.5873015873004986 0.04761904761907344 0
0.5873015873004986 0.06349206349209689 0
0.5873015873004986 0.07936507936512514 0
0.5873015873004986 0.09523809523815396 0
0.5873015873004986 0.1111111111111828 0
0.5873015873004984 0.1269841269842089 0
0.5873015873004986 0.142857142857226 0
0.5873015873004986 0.1587301587302419 0
0.5873015873004986 0.1746031746032578 0
0.5873015873004989 0.1904761904762738 0
0.5873015873004986 0.2063492063492897 0
0.5873015873004984 0.2222222222223056 0
0.5873015873004986 0.2380952380953216 0
0.5873015873004986 0.2539682539683374 0
0.5873015873004986 0.2698412698413534 0
0.5873015873004986 0.2857142857143692 0
0.5873015873004986 0.3015873015873853 0
0.5873015873004986 0.3174603174604012 0
0.5873015873004986 0.3333333333334171 0
0.5873015873004986 0.349206349206433 0
0.5873015873004986 0.365079365079449 0
0.5873015873004986 0.3809523809524649 0
0.5873015873004986 0.3968253968254808 0
0.5873015873004986 0.4126984126984967 0
0.5873015873004986 0.4285714285715126 0
0.5873015873004986 0.4444444444445286 0
0.5873015873004986 0.4603174603175445 0
0.5873015873004988 0.4761904761905605 0
0.5873015873004986 0.4920634920635764 0
0.5873015873004986 0.507936507936582 0
0.5873015873004986 0.5238095238095768 0
0.5873015873004986 0.5396825396825721 0
0.5873015873004986 0.5555555555555669 0
0.5873015873004986 0.571428571428562 0
0.5873015873004986 0.5873015873015569 0
0.5873015873004986 0.603174603174552 0
0.5873015873004986 0.619047619047547 0
0.5873015873004986 0.634920634920542 0
0.5873015873004986 0.650793650793537 0
0.5873015873004986 0.6666666666665321 0
0.5873015873004986 0.6825396825395271 0
0.5873015873004986 0.6984126984125222 0
0.5873015873004986 0.7142857142855171 0
0.5873015873004986 0.7301587301585122 0
0.5873015873004986 0.7460317460315072 0
0.5873015873004986 0.7619047619045023 0
0.5873015873004986 0.7777777777774971 0
0.5873015873004986 0.793650793650492 0
0.5873015873004986 0.8095238095234872 0
0.5873015873004986 0.8253968253964821 0
0.5873015873004986 0.841269841269477 0
0.5873015873004986 0.8571428571424722 0
0.5873015873004985 0.8730158730154738 0
0.5873015873004986 0.8888888888885258 0
0.5873015873004986 0.9047619047615936 0
0.5873015873004986 0.9206349206346613 0
0.5873015873004986 0.9365079365077291 0
0.5873015873004986 0.9523809523807967 0
0.5873015873004986 0.9682539682538644 0
0.5873015873004986 0.9841269841269322 0
0.6031746031735566 0.01587301587302402 0
0.6031746031735562 0.03174603174604766 0
0.6031746031735564 0.04761904761906879 0
0.6031746031735564 0.06349206349209068 0
0.6031746031735564 0.07936507936511746 0
0.6031746031735564 0.09523809523814483 0
0.6031746031735562 0.1111111111111723 0
0.6031746031735564 0.1269841269841968 0
0.6031746031735564 0.1428571428572122 0
0.6031746031735564 0.1587301587302263 0
0.6031746031735564 0.1746031746032404 0
0.6031746031735564 0.1904761904762546 0
0.6031746031735564 0.2063492063492687 0
0.6031746031735564 0.2222222222222829 0
0.6031746031735564 0.238095238095297 0
0.6031746031735562 0.2539682539683112 0
0.6031746031735564 0.2698412698413253 0
0.6031746031735564 0.2857142857143395 0
0.6031746031735564 0.3015873015873535 0
0.6031746031735564 0.3174603174603677 0
0.6031746031735564 0.3333333333333818 0
0.6031746031735564 0.349206349206396 0
0.6031746031735564 0.3650793650794102 0
0.6031746031735564 0.3809523809524243 0
0.6031746031735564 0.3968253968254384 0
0.6031746031735564 0.4126984126984526 0
0.6031746031735564 0.4285714285714667 0
0.6031746031735564 0.4444444444444808 0
0.6031746031735564 0.4603174603174951 0
0.6031746031735565 0.4761904761905092 0
0.6031746031735564 0.4920634920635233 0
0.6031746031735564 0.5079365079365291 0
0.6031746031735564 0.5238095238095266 0
0.6031746031735564 0.5396825396825241 0
0.6031746031735564 0.5555555555555214 0
0.6031746031735564 0.5714285714285189 0
0.6031746031735564 0.5873015873015163 0
0.6031746031735564 0.6031746031745138 0
0.6031746031735564 0.6190476190475113 0
0.6031746031735564 0.6349206349205087 0
0.6031746031735564 0.6507936507935059 0
0.6031746031735564 0.6666666666665036 0
0.6031746031735564 0.6825396825395009 0
0.6031746031735564 0.6984126984124982 0
0.6031746031735564 0.7142857142854956 0
0.6031746031735564 0.7301587301584931 0
0.6031746031735564 0.7460317460314906 0
0.6031746031735564 0.7619047619044881 0
0.6031746031735564 0.7777777777774856 0
0.6031746031735564 0.7936507936504826 0
0.6031746031735564 0.8095238095234801 0
0.6031746031735564 0.8253968253964776 0
0.6031746031735564 0.841269841269475 0
0.6031746031735564 0.8571428571424726 0
0.6031746031735564 0.8730158730154765 0
0.6031746031735564 0.8888888888885285 0
0.6031746031735564 0.9047619047615958 0
0.6031746031735564 0.9206349206346631 0
0.6031746031735564 0.9365079365077305 0
0.6031746031735564 0.952380952380798 0
0.6031746031735564 0.9682539682538651 0
0.6031746031735565 0.9841269841269327 0
0.6190476190466142 0.0158730158730225 0
0.6190476190466142 0.03174603174604459 0
0.6190476190466142 0.04761904761906413 0
0.6190476190466142 0.06349206349208446 0
0.6190476190466142 0.07936507936510977 0
0.6190476190466142 0.0952380952381357 0
0.6190476190466142 0.1111111111111617 0
0.6190476190466142 0.1269841269841847 0
0.6190476190466142 0.1428571428571983 0
0.6190476190466142 0.1587301587302107 0
0.6190476190466142 0.174603174603223 0
0.6190476190466141 0.1904761904762354 0
0.6190476190466142 0.2063492063492478 0
0.6190476190466142 0.2222222222222601 0
0.6190476190466141 0.2380952380952725 0
0.6190476190466142 0.2539682539682848 0
0.6190476190466142 0.2698412698412972 0
0.6190476190466142 0.2857142857143095 0
0.6190476190466142 0.301587301587322 0
0.6190476190466142 0.3174603174603344 0
0.6190476190466142 0.3333333333333465 0
0.6190476190466142 0.349206349206359 0
0.6190476190466143 0.3650793650793714 0
0.6190476190466142 0.3809523809523837 0
0.6190476190466141 0.396825396825396 0
0.6190476190466142 0.4126984126984085 0
0.6190476190466142 0.4285714285714208 0
0.6190476190466142 0.4444444444444331 0
0.6190476190466142 0.4603174603174455 0
0.6190476190466142 0.4761904761904578 0
0.6190476190466142 0.4920634920634702 0
0.6190476190466142 0.5079365079364763 0
0.6190476190466142 0.5238095238094762 0
0.6190476190466142 0.5396825396824761 0
0.6190476190466142 0.5555555555554759 0
0.6190476190466142 0.5714285714284758 0
0.6190476190466142 0.5873015873014754 0
0.6190476190466142 0.6031746031744754 0
0.6190476190466142 0.6190476190474753 0
0.6190476190466142 0.6349206349204751 0
0.6190476190466142 0.6507936507934751 0
0.6190476190466142 0.6666666666664748 0
0.6190476190466142 0.6825396825394745 0
0.6190476190466142 0.6984126984124747 0
0.6190476190466142 0.7142857142854743 0
0.6190476190466142 0.7301587301584742 0
0.6190476190466142 0.7460317460314742 0
0.6190476190466142 0.7619047619044739 0
0.6190476190466142 0.7777777777774736 0
0.6190476190466142 0.7936507936504733 0
0.6190476190466142 0.8095238095234735 0
0.6190476190466142 0.8253968253964732 0
0.6190476190466142 0.841269841269473 0
0.6190476190466143 0.8571428571424728 0
0.6190476190466142 0.8730158730154789 0
0.6190476190466142 0.8888888888885311 0
0.6190476190466142 0.9047619047615981 0
0.6190476190466142 0.9206349206346651 0
0.6190476190466142 0.936507936507732 0
0.6190476190466142 0.9523809523807991 0
0.6190476190466142 0.968253968253866 0
0.6190476190466142 0.9841269841269329 0
0.6349206349196719 0.01587301587302097 0
0.6349206349196722 0.03174603174604154 0
0.634920634919672 0.04761904761905948 0
0.634920634919672 0.06349206349207819 0
0.634920634919672 0.07936507936510205 0
0.634920634919672 0.0952380952381266 0
0.634920634919672 0.1111111111111511 0
0.634920634919672 0.1269841269841727 0
0.634920634919672 0.1428571428571846 0
0.634920634919672 0.1587301587301951 0
0.634920634919672 0.1746031746032057 0
0.634920634919672 0.1904761904762163 0
0.6349206349196721 0.2063492063492268 0
0.6349206349196718 0.2222222222222374 0
0.634920634919672 0.238095238095248 0
0.634920634919672 0.2539682539682586 0
0.634920634919672 0.2698412698412691 0
0.6349206349196721 0.2857142857142796 0
0.6349206349196719 0.3015873015872902 0
0.634920634919672 0.3174603174603008 0
0.634920634919672 0.3333333333333114 0
0.634920634919672 0.349206349206322 0
0.6349206349196721 0.3650793650793325 0
0.634920634919672 0.3809523809523431 0
0.6349206349196721 0.3968253968253536 0
0.634920634919672 0.4126984126983644 0
0.634920634919672 0.4285714285713749 0
0.634920634919672 0.4444444444443854 0
0.634920634919672 0.4603174603173961 0
0.6349206349196719 0.4761904761904066 0
0.634920634919672 0.4920634920634172 0
0.634920634919672 0.5079365079364234 0
0.634920634919672 0.5238095238094258 0
0.634920634919672 0.5396825396824282 0
0.634920634919672 0.5555555555554303 0
0.634920634919672 0.5714285714284325 0
0.634920634919672 0.5873015873014348 0
0.634920634919672 0.6031746031744369 0
0.634920634919672 0.6190476190474393 0
0.634920634919672 0.6349206349204416 0
0.634920634919672 0.650793650793444 0
0.634920634919672 0.6666666666664464 0
0.634920634919672 0.6825396825394483 0
0.634920634919672 0.6984126984124507 0
0.634920634919672 0.714285714285453 0
0.634920634919672 0.7301587301584551 0
0.634920634919672 0.7460317460314573 0
0.634920634919672 0.7619047619044597 0
0.634920634919672 0.777777777777462 0
0.634920634919672 0.793650793650464 0
0.634920634919672 0.8095238095234663 0
0.634920634919672 0.8253968253964687 0
0.634920634919672 0.8412698412694708 0
0.634920634919672 0.8571428571424731 0
0.634920634919672 0.8730158730154813 0
0.634920634919672 0.8888888888885338 0
0.634920634919672 0.9047619047616006 0
0.634920634919672 0.9206349206346671 0
0.634920634919672 0.9365079365077338 0
0.634920634919672 0.9523809523808002 0
0.634920634919672 0.9682539682538667 0
0.634920634919672 0.9841269841269334 0
0.6507936507927299 0.01587301587301945 0
0.6507936507927298 0.03174603174603848 0
0.6507936507927297 0.04761904761905482 0
0.6507936507927297 0.06349206349207197 0
0.6507936507927297 0.07936507936509439 0
0.6507936507927297 0.09523809523811747 0
0.6507936507927297 0.1111111111111406 0
0.6507936507927297 0.1269841269841606 0
0.6507936507927294 0.1428571428571707 0
0.6507936507927297 0.1587301587301795 0
0.6507936507927297 0.1746031746031882 0
0.6507936507927297 0.1904761904761971 0
0.6507936507927294 0.2063492063492059 0
0.6507936507927297 0.2222222222222147 0
0.6507936507927297 0.2380952380952234 0
0.6507936507927297 0.2539682539682322 0
0.6507936507927297 0.269841269841241 0
0.6507936507927297 0.2857142857142498 0
0.6507936507927299 0.3015873015872586 0
0.6507936507927297 0.3174603174602674 0
0.6507936507927297 0.3333333333332761 0
0.6507936507927297 0.3492063492062849 0
0.6507936507927297 0.3650793650792938 0
0.6507936507927297 0.3809523809523025 0
0.6507936507927297 0.3968253968253113 0
0.6507936507927297 0.4126984126983202 0
0.6507936507927297 0.4285714285713289 0
0.6507936507927297 0.4444444444443376 0
0.6507936507927297 0.4603174603173465 0
0.6507936507927297 0.4761904761903553 0
0.6507936507927297 0.4920634920633641 0
0.6507936507927297 0.5079365079363708 0
0.6507936507927297 0.5238095238093756 0
0.6507936507927297 0.5396825396823802 0
0.6507936507927297 0.5555555555553848 0
0.6507936507927297 0.5714285714283894 0
0.6507936507927297 0.5873015873013941 0
0.6507936507927297 0.6031746031743987 0
0.6507936507927297 0.6190476190474034 0
0.6507936507927297 0.6349206349204083 0
0.6507936507927297 0.6507936507934129 0
0.6507936507927297 0.6666666666664175 0
0.6507936507927297 0.6825396825394221 0
0.6507936507927297 0.6984126984124267 0
0.6507936507927297 0.7142857142854316 0
0.6507936507927297 0.7301587301584362 0
0.6507936507927297 0.7460317460314408 0
0.6507936507927297 0.7619047619044454 0
0.6507936507927297 0.7777777777774502 0
0.6507936507927297 0.7936507936504547 0
0.6507936507927297 0.8095238095234591 0
0.6507936507927297 0.8253968253964641 0
0.6507936507927297 0.8412698412694688 0
0.6507936507927297 0.8571428571424735 0
0.6507936507927297 0.8730158730154838 0
0.6507936507927297 0.8888888888885367 0
0.6507936507927297 0.9047619047616027 0
0.6507936507927297 0.9206349206346689 0
0.6507936507927297 0.9365079365077351 0
0.6507936507927297 0.9523809523808013 0
0.6507936507927297 0.9682539682538676 0
0.6507936507927297 0.9841269841269339 0
0.6666666666657874 0.01587301587301792 0
0.6666666666657874 0.0317460317460354 0
0.6666666666657874 0.04761904761905016 0
0.6666666666657874 0.06349206349206572 0
0.6666666666657873 0.07936507936508667 0
0.6666666666657874 0.09523809523810833 0
0.6666666666657874 0.11111111111113 0
0.6666666666657874 0.1269841269841485 0
0.6666666666657874 0.1428571428571569 0
0.6666666666657874 0.1587301587301639 0
0.6666666666657876 0.1746031746031708 0
0.6666666666657874 0.1904761904761779 0
0.6666666666657874 0.2063492063491849 0
0.6666666666657874 0.2222222222221919 0
0.6666666666657873 0.2380952380951989 0
0.6666666666657874 0.2539682539682059 0
0.6666666666657874 0.2698412698412128 0
0.6666666666657874 0.2857142857142198 0
0.6666666666657877 0.301587301587227 0
0.6666666666657874 0.317460317460234 0
0.6666666666657874 0.3333333333332408 0
0.6666666666657874 0.3492063492062479 0
0.6666666666657874 0.365079365079255 0
0.6666666666657874 0.380952380952262 0
0.6666666666657874 0.396825396825269 0
0.6666666666657874 0.412698412698276 0
0.6666666666657874 0.4285714285712829 0
0.6666666666657874 0.44444444444429 0
0.6666666666657874 0.460317460317297 0
0.6666666666657874 0.4761904761903041 0
0.6666666666657874 0.492063492063311 0
0.6666666666657874 0.5079365079363182 0
0.6666666666657874 0.523809523809325 0
0.6666666666657874 0.5396825396823323 0
0.6666666666657874 0.5555555555553393 0
0.6666666666657874 0.5714285714283464 0
0.6666666666657874 0.5873015873013533 0
0.6666666666657874 0.6031746031743606 0
0.6666666666657874 0.6190476190473676 0
0.6666666666657874 0.6349206349203748 0
0.6666666666657874 0.6507936507933818 0
0.6666666666657874 0.6666666666663889 0
0.6666666666657874 0.6825396825393959 0
0.6666666666657874 0.6984126984124032 0
0.6666666666657874 0.7142857142854103 0
0.6666666666657874 0.7301587301584171 0
0.6666666666657874 0.7460317460314244 0
0.6666666666657874 0.7619047619044312 0
0.6666666666657874 0.7777777777774384 0
0.6666666666657874 0.7936507936504453 0
0.6666666666657874 0.8095238095234526 0
0.6666666666657874 0.8253968253964596 0
0.6666666666657874 0.8412698412694666 0
0.6666666666657874 0.8571428571424737 0
0.6666666666657874 0.8730158730154862 0
0.6666666666657874 0.8888888888885393 0
0.6666666666657874 0.904761904761605 0
0.6666666666657874 0.9206349206346709 0
0.6666666666657874 0.9365079365077368 0
0.6666666666657874 0.9523809523808024 0
0.6666666666657874 0.9682539682538682 0
0.6666666666657874 0.9841269841269344 0
0.6825396825388452 0.0158730158730164 0
0.682539682538845 0.03174603174603235 0
0.6825396825388452 0.04761904761904549 0
0.6825396825388452 0.06349206349205948 0
0.6825396825388452 0.07936507936507899 0
0.6825396825388452 0.0952380952380992 0
0.6825396825388452 0.1111111111111194 0
0.682539682538845 0.1269841269841364 0
0.6825396825388454 0.142857142857143 0
0.6825396825388452 0.1587301587301483 0
0.6825396825388452 0.1746031746031535 0
0.6825396825388454 0.1904761904761587 0
0.6825396825388452 0.2063492063491639 0
0.6825396825388452 0.2222222222221691 0
0.6825396825388452 0.2380952380951744 0
0.6825396825388452 0.2539682539681796 0
0.6825396825388452 0.2698412698411848 0
0.6825396825388452 0.2857142857141901 0
0.6825396825388454 0.3015873015871952 0
0.6825396825388452 0.3174603174602005 0
0.6825396825388452 0.3333333333332058 0
0.6825396825388452 0.349206349206211 0
0.6825396825388452 0.3650793650792162 0
0.6825396825388452 0.3809523809522214 0
0.6825396825388454 0.3968253968252266 0
0.6825396825388452 0.4126984126982318 0
0.6825396825388452 0.4285714285712371 0
0.6825396825388452 0.4444444444442422 0
0.6825396825388452 0.4603174603172475 0
0.6825396825388452 0.4761904761902527 0
0.6825396825388452 0.4920634920632579 0
0.6825396825388452 0.5079365079362653 0
0.6825396825388452 0.5238095238092748 0
0.6825396825388452 0.5396825396822843 0
0.6825396825388452 0.5555555555552938 0
0.6825396825388452 0.5714285714283033 0
0.6825396825388452 0.5873015873013127 0
0.6825396825388452 0.6031746031743221 0
0.6825396825388452 0.6190476190473319 0
0.6825396825388452 0.6349206349203412 0
0.6825396825388452 0.6507936507933507 0
0.6825396825388452 0.6666666666663602 0
0.6825396825388452 0.6825396825393697 0
0.6825396825388452 0.6984126984123792 0
0.6825396825388452 0.7142857142853886 0
0.6825396825388452 0.7301587301583983 0
0.6825396825388452 0.7460317460314078 0
0.6825396825388452 0.761904761904417 0
0.6825396825388452 0.7777777777774265 0
0.6825396825388452 0.793650793650436 0
0.6825396825388452 0.8095238095234454 0
0.6825396825388452 0.8253968253964552 0
0.6825396825388452 0.8412698412694646 0
0.6825396825388452 0.857142857142474 0
0.6825396825388452 0.8730158730154887 0
0.6825396825388452 0.888888888888542 0
0.6825396825388452 0.9047619047616072 0
0.6825396825388452 0.9206349206346729 0
0.6825396825388452 0.9365079365077381 0
0.6825396825388452 0.9523809523808038 0
0.6825396825388452 0.9682539682538691 0
0.6825396825388452 0.9841269841269344 0
0.6984126984119031 0.01587301587301487 0
0.6984126984119029 0.03174603174602929 0
0.6984126984119029 0.04761904761904083 0
0.6984126984119029 0.06349206349205326 0
0.6984126984119029 0.0793650793650713 0
0.6984126984119029 0.09523809523809007 0
0.698412698411903 0.1111111111111089 0
0.6984126984119029 0.1269841269841244 0
0.698412698411903 0.1428571428571293 0
0.6984126984119029 0.1587301587301327 0
0.6984126984119027 0.174603174603136 0
0.6984126984119027 0.1904761904761396 0
0.6984126984119029 0.206349206349143 0
0.6984126984119031 0.2222222222221464 0
0.6984126984119031 0.2380952380951498 0
0.6984126984119028 0.2539682539681533 0
0.6984126984119029 0.2698412698411566 0
0.6984126984119029 0.2857142857141601 0
0.6984126984119029 0.3015873015871637 0
0.6984126984119029 0.3174603174601671 0
0.698412698411903 0.3333333333331704 0
0.6984126984119031 0.3492063492061739 0
0.698412698411903 0.3650793650791774 0
0.6984126984119029 0.3809523809521808 0
0.6984126984119028 0.3968253968251842 0
0.6984126984119029 0.4126984126981876 0
0.6984126984119029 0.4285714285711911 0
0.6984126984119029 0.4444444444441945 0
0.6984126984119029 0.460317460317198 0
0.6984126984119029 0.4761904761902014 0
0.6984126984119031 0.4920634920632049 0
0.6984126984119029 0.5079365079362125 0
0.6984126984119031 0.5238095238092244 0
0.6984126984119029 0.5396825396822363 0
0.6984126984119029 0.5555555555552483 0
0.6984126984119029 0.5714285714282602 0
0.6984126984119029 0.587301587301272 0
0.6984126984119029 0.603174603174284 0
0.6984126984119029 0.6190476190472959 0
0.6984126984119029 0.6349206349203079 0
0.6984126984119029 0.6507936507933196 0
0.6984126984119029 0.6666666666663318 0
0.6984126984119029 0.6825396825393435 0
0.6984126984119029 0.6984126984123554 0
0.6984126984119029 0.7142857142853672 0
0.6984126984119029 0.7301587301583794 0
0.6984126984119029 0.7460317460313911 0
0.6984126984119028 0.761904761904403 0
0.6984126984119029 0.777777777777415 0
0.6984126984119029 0.7936507936504267 0
0.6984126984119028 0.8095238095234387 0
0.6984126984119029 0.8253968253964505 0
0.6984126984119029 0.8412698412694624 0
0.6984126984119029 0.8571428571424744 0
0.6984126984119029 0.8730158730154913 0
0.6984126984119029 0.8888888888885447 0
0.6984126984119029 0.9047619047616096 0
0.6984126984119029 0.9206349206346747 0
0.6984126984119029 0.9365079365077399 0
0.6984126984119029 0.9523809523808047 0
0.6984126984119029 0.9682539682538698 0
0.6984126984119029 0.9841269841269348 0
0.7142857142849607 0.01587301587301335 0
0.7142857142849608 0.03174603174602624 0
0.7142857142849606 0.04761904761903618 0
0.7142857142849607 0.06349206349204699 0
0.7142857142849607 0.07936507936506358 0
0.7142857142849607 0.09523809523808097 0
0.7142857142849608 0.1111111111110983 0
0.7142857142849607 0.1269841269841123 0
0.7142857142849607 0.1428571428571154 0
0.7142857142849608 0.1587301587301171 0
0.7142857142849607 0.1746031746031187 0
0.7142857142849605 0.1904761904761204 0
0.7142857142849609 0.206349206349122 0
0.7142857142849607 0.2222222222221236 0
0.7142857142849605 0.2380952380951253 0
0.7142857142849607 0.2539682539681269 0
0.7142857142849607 0.2698412698411287 0
0.7142857142849606 0.2857142857141303 0
0.7142857142849607 0.3015873015871319 0
0.7142857142849608 0.3174603174601336 0
0.7142857142849606 0.3333333333331351 0
0.7142857142849607 0.3492063492061369 0
0.7142857142849606 0.3650793650791386 0
0.7142857142849607 0.3809523809521402 0
0.7142857142849608 0.3968253968251417 0
0.7142857142849607 0.4126984126981434 0
0.7142857142849607 0.4285714285711452 0
0.7142857142849609 0.4444444444441468 0
0.7142857142849607 0.4603174603171485 0
0.7142857142849608 0.4761904761901501 0
0.7142857142849607 0.4920634920631518 0
0.7142857142849607 0.5079365079361596 0
0.7142857142849607 0.523809523809174 0
0.7142857142849607 0.5396825396821884 0
0.7142857142849607 0.5555555555552028 0
0.7142857142849607 0.5714285714282171 0
0.7142857142849605 0.5873015873012312 0
0.7142857142849607 0.6031746031742455 0
0.7142857142849607 0.6190476190472599 0
0.7142857142849607 0.6349206349202742 0
0.7142857142849607 0.6507936507932885 0
0.7142857142849607 0.6666666666663029 0
0.7142857142849607 0.6825396825393173 0
0.7142857142849607 0.6984126984123317 0
0.7142857142849607 0.7142857142853459 0
0.7142857142849607 0.7301587301583603 0
0.7142857142849607 0.7460317460313747 0
0.7142857142849608 0.7619047619043888 0
0.7142857142849608 0.7777777777774031 0
0.7142857142849607 0.7936507936504174 0
0.7142857142849607 0.8095238095234317 0
0.7142857142849607 0.8253968253964461 0
0.7142857142849607 0.8412698412694604 0
0.7142857142849606 0.8571428571424746 0
0.7142857142849606 0.8730158730154935 0
0.7142857142849607 0.8888888888885473 0
0.7142857142849607 0.9047619047616121 0
0.7142857142849607 0.9206349206346767 0
0.7142857142849607 0.9365079365077412 0
0.7142857142849607 0.952380952380806 0
0.7142857142849607 0.9682539682538707 0
0.7142857142849607 0.9841269841269352 0
0.7301587301580185 0.01587301587301182 0
0.7301587301580185 0.03174603174602316 0
0.7301587301580187 0.04761904761903152 0
0.7301587301580185 0.06349206349204077 0
0.7301587301580187 0.07936507936505592 0
0.7301587301580184 0.09523809523807181 0
0.7301587301580184 0.1111111111110878 0
0.7301587301580185 0.1269841269841002 0
0.7301587301580182 0.1428571428571016 0
0.7301587301580187 0.1587301587301015 0
0.7301587301580186 0.1746031746031013 0
0.7301587301580184 0.1904761904761012 0
0.7301587301580186 0.206349206349101 0
0.7301587301580182 0.2222222222221009 0
0.7301587301580187 0.2380952380951008 0
0.7301587301580185 0.2539682539681007 0
0.7301587301580185 0.2698412698411005 0
0.7301587301580184 0.2857142857141003 0
0.7301587301580185 0.3015873015871003 0
0.7301587301580186 0.3174603174601001 0
0.7301587301580184 0.3333333333331001 0
0.7301587301580185 0.3492063492060999 0
0.7301587301580186 0.3650793650790998 0
0.7301587301580182 0.3809523809520996 0
0.7301587301580185 0.3968253968250994 0
0.7301587301580185 0.4126984126980995 0
0.7301587301580185 0.4285714285710992 0
0.7301587301580185 0.444444444444099 0
0.7301587301580185 0.460317460317099 0
0.7301587301580186 0.4761904761900989 0
0.7301587301580185 0.4920634920630987 0
0.7301587301580185 0.507936507936107 0
0.7301587301580185 0.5238095238091238 0
0.7301587301580187 0.5396825396821404 0
0.7301587301580185 0.5555555555551572 0
0.7301587301580182 0.571428571428174 0
0.7301587301580182 0.5873015873011905 0
0.7301587301580185 0.6031746031742073 0
0.7301587301580187 0.6190476190472239 0
0.7301587301580185 0.6349206349202409 0
0.7301587301580185 0.6507936507932575 0
0.7301587301580185 0.6666666666662745 0
0.7301587301580185 0.6825396825392911 0
0.7301587301580185 0.6984126984123077 0
0.7301587301580186 0.7142857142853245 0
0.7301587301580184 0.7301587301583412 0
0.7301587301580186 0.7460317460313579 0
0.7301587301580185 0.7619047619043746 0
0.7301587301580185 0.7777777777773914 0
0.7301587301580185 0.793650793650408 0
0.7301587301580185 0.8095238095234246 0
0.7301587301580185 0.8253968253964417 0
0.7301587301580185 0.8412698412694584 0
0.7301587301580185 0.8571428571424751 0
0.7301587301580185 0.8730158730154962 0
0.7301587301580185 0.88888888888855 0
0.7301587301580185 0.9047619047616143 0
0.7301587301580185 0.9206349206346787 0
0.7301587301580185 0.9365079365077429 0
0.7301587301580185 0.9523809523808071 0
0.7301587301580184 0.9682539682538713 0
0.7301587301580185 0.9841269841269357 0
0.7460317460310761 0.01587301587301029 0
0.7460317460310761 0.03174603174602011 0
0.7460317460310761 0.04761904761902686 0
0.7460317460310764 0.06349206349203453 0
0.7460317460310761 0.07936507936504821 0
0.7460317460310762 0.0952380952380627 0
0.7460317460310762 0.1111111111110772 0
0.7460317460310764 0.1269841269840882 0
0.7460317460310761 0.1428571428570878 0
0.7460317460310761 0.1587301587300858 0
0.7460317460310761 0.1746031746030839 0
0.7460317460310761 0.1904761904760821 0
0.7460317460310761 0.2063492063490801 0
0.7460317460310761 0.2222222222220782 0
0.7460317460310764 0.2380952380950763 0
0.7460317460310761 0.2539682539680743 0
0.7460317460310761 0.2698412698410725 0
0.746031746031076 0.2857142857140705 0
0.7460317460310761 0.3015873015870686 0
0.7460317460310759 0.3174603174600667 0
0.7460317460310761 0.3333333333330648 0
0.7460317460310761 0.3492063492060629 0
0.7460317460310761 0.365079365079061 0
0.7460317460310761 0.3809523809520591 0
0.7460317460310761 0.3968253968250572 0
0.7460317460310761 0.4126984126980553 0
0.7460317460310761 0.4285714285710532 0
0.7460317460310761 0.4444444444440514 0
0.7460317460310761 0.4603174603170495 0
0.7460317460310761 0.4761904761900476 0
0.7460317460310761 0.4920634920630457 0
0.7460317460310761 0.5079365079360544 0
0.7460317460310761 0.5238095238090734 0
0.7460317460310761 0.5396825396820925 0
0.7460317460310761 0.5555555555551117 0
0.7460317460310761 0.571428571428131 0
0.7460317460310761 0.5873015873011499 0
0.7460317460310761 0.6031746031741692 0
0.7460317460310761 0.6190476190471882 0
0.7460317460310761 0.6349206349202076 0
0.7460317460310761 0.6507936507932264 0
0.7460317460310761 0.6666666666662456 0
0.7460317460310761 0.6825396825392649 0
0.7460317460310761 0.698412698412284 0
0.7460317460310761 0.7142857142853032 0
0.7460317460310761 0.7301587301583223 0
0.7460317460310761 0.7460317460313414 0
0.7460317460310761 0.7619047619043606 0
0.7460317460310761 0.7777777777773797 0
0.7460317460310761 0.7936507936503987 0
0.7460317460310761 0.8095238095234181 0
0.7460317460310761 0.8253968253964372 0
0.7460317460310761 0.8412698412694561 0
0.7460317460310761 0.8571428571424753 0
0.7460317460310761 0.8730158730154987 0
0.7460317460310761 0.8888888888885527 0
0.7460317460310761 0.9047619047616164 0
0.7460317460310761 0.9206349206346804 0
0.7460317460310761 0.9365079365077443 0
0.7460317460310761 0.9523809523808082 0
0.7460317460310761 0.9682539682538722 0
0.7460317460310761 0.9841269841269362 0
0.7619047619041337 0.01587301587300877 0
0.7619047619041338 0.03174603174601705 0
0.7619047619041338 0.04761904761902221 0
0.761904761904134 0.06349206349202828 0
0.7619047619041336 0.07936507936504052 0
0.7619047619041337 0.09523809523805357 0
0.7619047619041338 0.1111111111110666 0
0.7619047619041338 0.1269841269840761 0
0.7619047619041339 0.1428571428570739 0
0.7619047619041337 0.1587301587300703 0
0.7619047619041339 0.1746031746030665 0
0.7619047619041339 0.1904761904760629 0
0.7619047619041337 0.2063492063490591 0
0.7619047619041338 0.2222222222220555 0
0.761904761904134 0.2380952380950517 0
0.7619047619041337 0.2539682539680481 0
0.7619047619041339 0.2698412698410443 0
0.761904761904134 0.2857142857140406 0
0.7619047619041337 0.3015873015870369 0
0.7619047619041338 0.3174603174600333 0
0.761904761904134 0.3333333333330294 0
0.7619047619041338 0.3492063492060258 0
0.7619047619041338 0.3650793650790221 0
0.7619047619041338 0.3809523809520184 0
0.7619047619041338 0.3968253968250148 0
0.7619047619041338 0.4126984126980111 0
0.761904761904134 0.4285714285710073 0
0.7619047619041338 0.4444444444440037 0
0.7619047619041338 0.4603174603169999 0
0.7619047619041339 0.4761904761899963 0
0.7619047619041336 0.4920634920629926 0
0.7619047619041338 0.5079365079360015 0
0.7619047619041338 0.523809523809023 0
0.7619047619041338 0.5396825396820445 0
0.7619047619041338 0.5555555555550662 0
0.7619047619041338 0.5714285714280879 0
0.7619047619041338 0.587301587301109 0
0.761904761904134 0.6031746031741307 0
0.7619047619041338 0.6190476190471524 0
0.7619047619041338 0.6349206349201738 0
0.7619047619041338 0.6507936507931953 0
0.7619047619041337 0.6666666666662172 0
0.761904761904134 0.6825396825392387 0
0.7619047619041338 0.6984126984122602 0
0.7619047619041338 0.7142857142852818 0
0.7619047619041337 0.7301587301583032 0
0.7619047619041338 0.7460317460313249 0
0.7619047619041338 0.7619047619043464 0
0.7619047619041337 0.7777777777773678 0
0.7619047619041338 0.7936507936503894 0
0.7619047619041338 0.8095238095234109 0
0.7619047619041337 0.8253968253964326 0
0.7619047619041338 0.8412698412694539 0
0.7619047619041338 0.8571428571424757 0
0.7619047619041338 0.8730158730155011 0
0.7619047619041338 0.8888888888885553 0
0.7619047619041338 0.9047619047616188 0
0.7619047619041338 0.9206349206346824 0
0.7619047619041338 0.936507936507746 0
0.7619047619041338 0.9523809523808093 0
0.7619047619041338 0.9682539682538731 0
0.7619047619041338 0.9841269841269366 0
0.7777777777771916 0.01587301587300724 0
0.7777777777771917 0.03174603174601399 0
0.7777777777771916 0.04761904761901754 0
0.7777777777771916 0.06349206349202206 0
0.7777777777771916 0.07936507936503283 0
0.7777777777771915 0.09523809523804444 0
0.7777777777771918 0.1111111111110561 0
0.7777777777771914 0.126984126984064 0
0.7777777777771914 0.1428571428570601 0
0.7777777777771916 0.1587301587300546 0
0.7777777777771916 0.1746031746030491 0
0.7777777777771918 0.1904761904760437 0
0.7777777777771916 0.2063492063490382 0
0.7777777777771916 0.2222222222220327 0
0.7777777777771916 0.2380952380950272 0
0.7777777777771916 0.2539682539680217 0
0.7777777777771916 0.2698412698410162 0
0.7777777777771917 0.2857142857140108 0
0.7777777777771914 0.3015873015870053 0
0.7777777777771917 0.3174603174599998 0
0.7777777777771916 0.3333333333329944 0
0.7777777777771918 0.3492063492059888 0
0.7777777777771916 0.3650793650789834 0
0.7777777777771916 0.3809523809519778 0
0.7777777777771916 0.3968253968249724 0
0.7777777777771916 0.4126984126979669 0
0.7777777777771918 0.4285714285709614 0
0.7777777777771916 0.4444444444439559 0
0.7777777777771914 0.4603174603169504 0
0.7777777777771916 0.476190476189945 0
0.7777777777771916 0.4920634920629395 0
0.7777777777771916 0.5079365079359487 0
0.7777777777771916 0.5238095238089728 0
0.7777777777771918 0.5396825396819965 0
0.7777777777771916 0.5555555555550207 0
0.7777777777771916 0.5714285714280448 0
0.7777777777771916 0.5873015873010686 0
0.7777777777771916 0.6031746031740923 0
0.7777777777771914 0.6190476190471165 0
0.7777777777771916 0.6349206349201405 0
0.7777777777771918 0.6507936507931644 0
0.7777777777771915 0.6666666666661883 0
0.7777777777771916 0.6825396825392125 0
0.7777777777771916 0.6984126984122362 0
0.7777777777771916 0.7142857142852602 0
0.7777777777771916 0.7301587301582844 0
0.7777777777771916 0.7460317460313083 0
0.7777777777771916 0.7619047619043322 0
0.7777777777771916 0.7777777777773561 0
0.7777777777771916 0.79365079365038 0
0.7777777777771916 0.809523809523404 0
0.7777777777771916 0.8253968253964279 0
0.7777777777771916 0.8412698412694519 0
0.7777777777771916 0.857142857142476 0
0.7777777777771916 0.8730158730155035 0
0.7777777777771916 0.888888888888558 0
0.7777777777771916 0.9047619047616214 0
0.7777777777771916 0.9206349206346842 0
0.7777777777771916 0.9365079365077476 0
0.7777777777771916 0.9523809523808104 0
0.7777777777771916 0.9682539682538736 0
0.7777777777771916 0.984126984126937 0
0.793650793650249 0.01587301587300572 0
0.7936507936502494 0.03174603174601092 0
0.7936507936502495 0.04761904761901288 0
0.7936507936502493 0.06349206349201582 0
0.7936507936502493 0.07936507936502513 0
0.7936507936502495 0.09523809523803531 0
0.7936507936502493 0.1111111111110455 0
0.7936507936502493 0.1269841269840519 0
0.7936507936502493 0.1428571428570463 0
0.7936507936502493 0.158730158730039 0
0.7936507936502493 0.1746031746030317 0
0.7936507936502493 0.1904761904760245 0
0.793650793650249 0.2063492063490172 0
0.793650793650249 0.2222222222220099 0
0.7936507936502493 0.2380952380950027 0
0.7936507936502493 0.2539682539679954 0
0.7936507936502493 0.2698412698409881 0
0.7936507936502493 0.2857142857139809 0
0.7936507936502492 0.3015873015869736 0
0.7936507936502493 0.3174603174599663 0
0.7936507936502493 0.3333333333329591 0
0.7936507936502493 0.3492063492059518 0
0.7936507936502493 0.3650793650789446 0
0.7936507936502493 0.3809523809519373 0
0.7936507936502493 0.39682539682493 0
0.7936507936502493 0.4126984126979227 0
0.7936507936502493 0.4285714285709155 0
0.7936507936502493 0.4444444444439082 0
0.7936507936502493 0.4603174603169009 0
0.7936507936502493 0.4761904761898937 0
0.7936507936502493 0.4920634920628865 0
0.7936507936502493 0.5079365079358958 0
0.7936507936502493 0.5238095238089222 0
0.7936507936502493 0.5396825396819486 0
0.7936507936502493 0.5555555555549752 0
0.7936507936502493 0.5714285714280015 0
0.7936507936502493 0.5873015873010278 0
0.7936507936502493 0.6031746031740541 0
0.7936507936502493 0.6190476190470805 0
0.7936507936502493 0.634920634920107 0
0.7936507936502493 0.6507936507931333 0
0.7936507936502493 0.6666666666661598 0
0.7936507936502493 0.6825396825391861 0
0.7936507936502493 0.6984126984122127 0
0.7936507936502493 0.714285714285239 0
0.7936507936502493 0.7301587301582653 0
0.7936507936502493 0.7460317460312916 0
0.7936507936502493 0.761904761904318 0
0.7936507936502493 0.7777777777773444 0
0.7936507936502493 0.7936507936503707 0
0.7936507936502493 0.809523809523397 0
0.7936507936502493 0.8253968253964235 0
0.7936507936502493 0.8412698412694499 0
0.7936507936502493 0.8571428571424762 0
0.7936507936502493 0.873015873015506 0
0.7936507936502493 0.8888888888885607 0
0.7936507936502493 0.9047619047616237 0
0.7936507936502493 0.9206349206346862 0
0.7936507936502493 0.9365079365077491 0
0.7936507936502493 0.9523809523808118 0
0.7936507936502493 0.9682539682538744 0
0.7936507936502493 0.9841269841269372 0
0.8095238095233069 0.01587301587300419 0
0.809523809523307 0.03174603174600787 0
0.8095238095233068 0.04761904761900822 0
0.8095238095233073 0.06349206349200957 0
0.8095238095233073 0.07936507936501745 0
0.8095238095233073 0.09523809523802618 0
0.8095238095233073 0.1111111111110349 0
0.809523809523307 0.1269841269840398 0
0.809523809523307 0.1428571428570325 0
0.8095238095233068 0.1587301587300234 0
0.809523809523307 0.1746031746030144 0
0.8095238095233068 0.1904761904760053 0
0.809523809523307 0.2063492063489963 0
0.809523809523307 0.2222222222219872 0
0.8095238095233073 0.2380952380949782 0
0.8095238095233073 0.2539682539679691 0
0.809523809523307 0.26984126984096 0
0.809523809523307 0.2857142857139509 0
0.8095238095233069 0.301587301586942 0
0.8095238095233072 0.317460317459933 0
0.809523809523307 0.3333333333329239 0
0.809523809523307 0.3492063492059148 0
0.809523809523307 0.3650793650789058 0
0.809523809523307 0.3809523809518967 0
0.809523809523307 0.3968253968248875 0
0.809523809523307 0.4126984126978785 0
0.809523809523307 0.4285714285708695 0
0.809523809523307 0.4444444444438604 0
0.809523809523307 0.4603174603168514 0
0.809523809523307 0.4761904761898424 0
0.809523809523307 0.4920634920628334 0
0.809523809523307 0.5079365079358432 0
0.809523809523307 0.523809523808872 0
0.809523809523307 0.5396825396819008 0
0.809523809523307 0.5555555555549296 0
0.809523809523307 0.5714285714279584 0
0.809523809523307 0.5873015873009869 0
0.809523809523307 0.6031746031740159 0
0.809523809523307 0.6190476190470448 0
0.809523809523307 0.6349206349200734 0
0.809523809523307 0.6507936507931025 0
0.809523809523307 0.6666666666661312 0
0.809523809523307 0.6825396825391601 0
0.809523809523307 0.6984126984121887 0
0.809523809523307 0.7142857142852176 0
0.809523809523307 0.7301587301582464 0
0.809523809523307 0.7460317460312752 0
0.809523809523307 0.7619047619043038 0
0.809523809523307 0.7777777777773327 0
0.809523809523307 0.7936507936503614 0
0.809523809523307 0.80952380952339 0
0.809523809523307 0.825396825396419 0
0.809523809523307 0.8412698412694477 0
0.809523809523307 0.8571428571424766 0
0.809523809523307 0.8730158730155084 0
0.809523809523307 0.8888888888885633 0
0.809523809523307 0.9047619047616259 0
0.809523809523307 0.9206349206346882 0
0.809523809523307 0.9365079365077505 0
0.809523809523307 0.9523809523808129 0
0.809523809523307 0.9682539682538753 0
0.809523809523307 0.9841269841269377 0
0.8253968253963648 0.01587301587300267 0
0.8253968253963648 0.03174603174600481 0
0.8253968253963648 0.04761904761900357 0
0.8253968253963648 0.06349206349200336 0
0.8253968253963648 0.07936507936500974 0
0.8253968253963651 0.09523809523801705 0
0.8253968253963648 0.1111111111110244 0
0.8253968253963648 0.1269841269840278 0
0.8253968253963648 0.1428571428570186 0
0.8253968253963648 0.1587301587300078 0
0.8253968253963646 0.1746031746029969 0
0.8253968253963648 0.1904761904759861 0
0.8253968253963651 0.2063492063489753 0
0.8253968253963648 0.2222222222219644 0
0.8253968253963648 0.2380952380949536 0
0.8253968253963648 0.2539682539679428 0
0.8253968253963648 0.2698412698409319 0
0.8253968253963648 0.2857142857139212 0
0.8253968253963647 0.3015873015869103 0
0.8253968253963648 0.3174603174598994 0
0.8253968253963648 0.3333333333328887 0
0.8253968253963648 0.3492063492058778 0
0.8253968253963648 0.3650793650788669 0
0.8253968253963648 0.3809523809518561 0
0.8253968253963648 0.3968253968248452 0
0.8253968253963648 0.4126984126978345 0
0.8253968253963648 0.4285714285708236 0
0.8253968253963648 0.4444444444438127 0
0.8253968253963648 0.4603174603168019 0
0.8253968253963648 0.4761904761897912 0
0.8253968253963648 0.4920634920627803 0
0.8253968253963648 0.5079365079357906 0
0.8253968253963648 0.5238095238088218 0
0.8253968253963648 0.5396825396818529 0
0.8253968253963648 0.5555555555548841 0
0.8253968253963648 0.5714285714279154 0
0.8253968253963648 0.5873015873009465 0
0.8253968253963648 0.6031746031739775 0
0.8253968253963648 0.619047619047009 0
0.8253968253963648 0.6349206349200401 0
0.8253968253963648 0.6507936507930714 0
0.8253968253963648 0.6666666666661026 0
0.8253968253963648 0.6825396825391339 0
0.8253968253963648 0.6984126984121646 0
0.8253968253963648 0.7142857142851963 0
0.8253968253963648 0.7301587301582273 0
0.8253968253963648 0.7460317460312584 0
0.8253968253963648 0.7619047619042896 0
0.8253968253963648 0.7777777777773208 0
0.8253968253963648 0.7936507936503521 0
0.8253968253963648 0.8095238095233833 0
0.8253968253963648 0.8253968253964146 0
0.8253968253963648 0.8412698412694455 0
0.8253968253963648 0.8571428571424768 0
0.8253968253963648 0.8730158730155109 0
0.8253968253963648 0.888888888888566 0
0.8253968253963648 0.9047619047616281 0
0.8253968253963648 0.9206349206346902 0
0.8253968253963648 0.9365079365077521 0
0.8253968253963648 0.952380952380814 0
0.8253968253963648 0.968253968253876 0
0.8253968253963648 0.9841269841269378 0
0.8412698412694223 0.01587301587300114 0
0.8412698412694226 0.03174603174600173 0
0.8412698412694225 0.04761904761899891 0
0.8412698412694223 0.06349206349199708 0
0.8412698412694227 0.07936507936500205 0
0.8412698412694225 0.09523809523800791 0
0.8412698412694227 0.1111111111110138 0
0.8412698412694227 0.1269841269840157 0
0.8412698412694225 0.1428571428570048 0
0.8412698412694225 0.1587301587299922 0
0.8412698412694226 0.1746031746029796 0
0.8412698412694225 0.190476190475967 0
0.8412698412694225 0.2063492063489543 0
0.8412698412694225 0.2222222222219417 0
0.8412698412694224 0.2380952380949291 0
0.8412698412694225 0.2539682539679164 0
0.8412698412694225 0.2698412698409038 0
0.8412698412694224 0.2857142857138912 0
0.8412698412694224 0.3015873015868786 0
0.8412698412694227 0.3174603174598661 0
0.8412698412694224 0.3333333333328534 0
0.8412698412694225 0.3492063492058408 0
0.8412698412694227 0.3650793650788282 0
0.8412698412694226 0.3809523809518155 0
0.8412698412694224 0.3968253968248029 0
0.8412698412694225 0.4126984126977903 0
0.8412698412694225 0.4285714285707777 0
0.8412698412694225 0.444444444443765 0
0.8412698412694227 0.4603174603167525 0
0.8412698412694226 0.4761904761897398 0
0.8412698412694223 0.4920634920627273 0
0.8412698412694225 0.5079365079357377 0
0.8412698412694225 0.5238095238087712 0
0.8412698412694225 0.5396825396818049 0
0.8412698412694223 0.5555555555548386 0
0.8412698412694225 0.5714285714278721 0
0.8412698412694225 0.5873015873009056 0
0.8412698412694225 0.6031746031739393 0
0.8412698412694223 0.619047619046973 0
0.8412698412694227 0.6349206349200066 0
0.8412698412694226 0.6507936507930403 0
0.8412698412694224 0.6666666666660738 0
0.8412698412694227 0.6825396825391075 0
0.8412698412694225 0.6984126984121412 0
0.8412698412694225 0.7142857142851747 0
0.8412698412694224 0.7301587301582084 0
0.8412698412694227 0.7460317460312419 0
0.8412698412694225 0.7619047619042754 0
0.8412698412694227 0.7777777777773091 0
0.8412698412694225 0.7936507936503427 0
0.8412698412694224 0.8095238095233761 0
0.8412698412694225 0.8253968253964099 0
0.8412698412694225 0.8412698412694435 0
0.8412698412694225 0.8571428571424771 0
0.8412698412694225 0.8730158730155135 0
0.8412698412694224 0.8888888888885689 0
0.8412698412694225 0.9047619047616303 0
0.8412698412694225 0.920634920634692 0
0.8412698412694225 0.9365079365077537 0
0.8412698412694225 0.9523809523808153 0
0.8412698412694225 0.9682539682538767 0
0.8412698412694225 0.9841269841269383 0
0.8571428571424803 0.01587301587299962 0
0.8571428571424802 0.03174603174599868 0
0.8571428571424805 0.04761904761899424 0
0.8571428571424803 0.06349206349199087 0
0.8571428571424803 0.07936507936499436 0
0.8571428571424803 0.09523809523799881 0
0.8571428571424803 0.1111111111110033 0
0.8571428571424801 0.1269841269840036 0
0.8571428571424805 0.142857142856991 0
0.8571428571424801 0.1587301587299766 0
0.8571428571424803 0.1746031746029622 0
0.8571428571424803 0.1904761904759478 0
0.8571428571424804 0.2063492063489334 0
0.8571428571424802 0.222222222221919 0
0.8571428571424804 0.2380952380949046 0
0.8571428571424803 0.2539682539678901 0
0.8571428571424803 0.2698412698408758 0
0.8571428571424803 0.2857142857138614 0
0.8571428571424802 0.301587301586847 0
0.8571428571424804 0.3174603174598326 0
0.8571428571424802 0.3333333333328181 0
0.8571428571424804 0.3492063492058037 0
0.8571428571424801 0.3650793650787894 0
0.8571428571424805 0.3809523809517749 0
0.8571428571424802 0.3968253968247605 0
0.8571428571424804 0.4126984126977462 0
0.8571428571424803 0.4285714285707317 0
0.8571428571424803 0.4444444444437172 0
0.8571428571424803 0.4603174603167028 0
0.8571428571424803 0.4761904761896885 0
0.8571428571424803 0.4920634920626742 0
0.8571428571424803 0.5079365079356849 0
0.8571428571424803 0.523809523808721 0
0.8571428571424803 0.5396825396817569 0
0.8571428571424805 0.5555555555547929 0
0.8571428571424801 0.571428571427829 0
0.8571428571424804 0.5873015873008648 0
0.8571428571424801 0.6031746031739009 0
0.8571428571424802 0.6190476190469369 0
0.8571428571424805 0.6349206349199731 0
0.8571428571424801 0.6507936507930092 0
0.8571428571424802 0.6666666666660451 0
0.8571428571424803 0.6825396825390813 0
0.8571428571424804 0.6984126984121172 0
0.8571428571424803 0.7142857142851532 0
0.8571428571424803 0.7301587301581893 0
0.8571428571424804 0.7460317460312254 0
0.8571428571424805 0.7619047619042612 0
0.8571428571424801 0.7777777777772973 0
0.8571428571424803 0.7936507936503334 0
0.8571428571424803 0.8095238095233696 0
0.8571428571424804 0.8253968253964055 0
0.8571428571424803 0.8412698412694415 0
0.8571428571424803 0.8571428571424775 0
0.8571428571424803 0.8730158730155158 0
0.8571428571424803 0.8888888888885715 0
0.8571428571424803 0.9047619047616325 0
0.8571428571424803 0.9206349206346938 0
0.8571428571424803 0.9365079365077552 0
0.8571428571424803 0.9523809523808162 0
0.8571428571424803 0.9682539682538776 0
0.8571428571424803 0.9841269841269388 0
0.8730158730155381 0.01587301587299809 0
0.8730158730155381 0.03174603174599563 0
0.8730158730155378 0.04761904761898959 0
0.8730158730155378 0.06349206349198462 0
0.8730158730155378 0.07936507936498664 0
0.8730158730155381 0.09523809523798968 0
0.8730158730155378 0.1111111111109927 0
0.8730158730155381 0.1269841269839916 0
0.873015873015538 0.1428571428569772 0
0.8730158730155381 0.158730158729961 0
0.8730158730155383 0.1746031746029447 0
0.873015873015538 0.1904761904759286 0
0.8730158730155381 0.2063492063489124 0
0.8730158730155381 0.2222222222218962 0
0.873015873015538 0.23809523809488 0
0.8730158730155382 0.2539682539678638 0
0.8730158730155378 0.2698412698408476 0
0.873015873015538 0.2857142857138315 0
0.8730158730155382 0.3015873015868153 0
0.8730158730155382 0.317460317459799 0
0.8730158730155382 0.333333333332783 0
0.8730158730155378 0.3492063492057667 0
0.8730158730155383 0.3650793650787506 0
0.873015873015538 0.3809523809517343 0
0.873015873015538 0.3968253968247181 0
0.8730158730155381 0.412698412697702 0
0.8730158730155381 0.4285714285706858 0
0.8730158730155381 0.4444444444436695 0
0.8730158730155378 0.4603174603166534 0
0.8730158730155382 0.4761904761896372 0
0.8730158730155381 0.492063492062621 0
0.8730158730155381 0.5079365079356321 0
0.8730158730155381 0.5238095238086706 0
0.8730158730155378 0.539682539681709 0
0.8730158730155381 0.5555555555547476 0
0.8730158730155381 0.5714285714277859 0
0.8730158730155382 0.5873015873008244 0
0.8730158730155382 0.6031746031738627 0
0.8730158730155381 0.6190476190469011 0
0.8730158730155382 0.6349206349199398 0
0.8730158730155381 0.6507936507929781 0
0.873015873015538 0.6666666666660164 0
0.8730158730155378 0.6825396825390551 0
0.8730158730155382 0.6984126984120934 0
0.8730158730155378 0.7142857142851319 0
0.8730158730155383 0.7301587301581702 0
0.8730158730155381 0.7460317460312088 0
0.8730158730155381 0.7619047619042472 0
0.873015873015538 0.7777777777772856 0
0.8730158730155378 0.7936507936503241 0
0.8730158730155383 0.8095238095233624 0
0.8730158730155381 0.8253968253964008 0
0.8730158730155378 0.8412698412694393 0
0.873015873015538 0.8571428571424777 0
0.8730158730155381 0.8730158730155184 0
0.8730158730155382 0.8888888888885744 0
0.8730158730155381 0.9047619047616352 0
0.8730158730155381 0.920634920634696 0
0.8730158730155381 0.9365079365077568 0
0.8730158730155381 0.9523809523808175 0
0.8730158730155381 0.9682539682538784 0
0.8730158730155381 0.9841269841269392 0
0.8888888888885955 0.01587301587299657 0
0.8888888888885955 0.03174603174599256 0
0.8888888888885957 0.04761904761898493 0
0.8888888888885955 0.06349206349197838 0
0.8888888888885957 0.07936507936497898 0
0.8888888888885957 0.09523809523798055 0
0.8888888888885957 0.1111111111109821 0
0.8888888888885957 0.1269841269839795 0
0.8888888888885957 0.1428571428569633 0
0.8888888888885955 0.1587301587299454 0
0.8888888888885957 0.1746031746029274 0
0.8888888888885957 0.1904761904759095 0
0.8888888888885957 0.2063492063488914 0
0.8888888888885955 0.2222222222218735 0
0.8888888888885956 0.2380952380948555 0
0.8888888888885957 0.2539682539678375 0
0.8888888888885957 0.2698412698408196 0
0.8888888888885956 0.2857142857138016 0
0.8888888888885957 0.3015873015867835 0
0.8888888888885957 0.3174603174597657 0
0.8888888888885957 0.3333333333327477 0
0.8888888888885957 0.3492063492057297 0
0.8888888888885957 0.3650793650787117 0
0.8888888888885957 0.3809523809516937 0
0.8888888888885956 0.3968253968246757 0
0.8888888888885957 0.4126984126976578 0
0.8888888888885957 0.4285714285706398 0
0.8888888888885957 0.4444444444436219 0
0.8888888888885957 0.4603174603166039 0
0.8888888888885957 0.4761904761895859 0
0.8888888888885957 0.4920634920625681 0
0.8888888888885957 0.5079365079355792 0
0.8888888888885957 0.5238095238086202 0
0.8888888888885957 0.539682539681661 0
0.8888888888885957 0.555555555554702 0
0.8888888888885957 0.5714285714277428 0
0.8888888888885957 0.5873015873007835 0
0.8888888888885957 0.6031746031738245 0
0.8888888888885957 0.6190476190468656 0
0.8888888888885957 0.6349206349199062 0
0.8888888888885957 0.650793650792947 0
0.8888888888885957 0.6666666666659881 0
0.8888888888885957 0.6825396825390286 0
0.8888888888885957 0.6984126984120697 0
0.8888888888885957 0.7142857142851106 0
0.8888888888885957 0.7301587301581514 0
0.8888888888885957 0.7460317460311923 0
0.8888888888885957 0.761904761904233 0
0.8888888888885957 0.7777777777772737 0
0.8888888888885957 0.7936507936503148 0
0.8888888888885957 0.8095238095233557 0
0.8888888888885957 0.8253968253963964 0
0.8888888888885957 0.841269841269437 0
0.8888888888885957 0.8571428571424782 0
0.8888888888885957 0.8730158730155209 0
0.8888888888885957 0.8888888888885769 0
0.8888888888885957 0.9047619047616374 0
0.8888888888885957 0.9206349206346978 0
0.8888888888885957 0.9365079365077581 0
0.8888888888885957 0.9523809523808184 0
0.8888888888885957 0.9682539682538791 0
0.8888888888885957 0.9841269841269396 0
0.9047619047616535 0.01587301587299504 0
0.9047619047616536 0.03174603174598949 0
0.9047619047616535 0.04761904761898027 0
0.9047619047616535 0.06349206349197216 0
0.9047619047616533 0.07936507936497127 0
0.9047619047616534 0.09523809523797142 0
0.9047619047616535 0.1111111111109716 0
0.9047619047616535 0.1269841269839674 0
0.9047619047616535 0.1428571428569495 0
0.9047619047616535 0.1587301587299298 0
0.9047619047616535 0.17460317460291 0
0.9047619047616535 0.1904761904758903 0
0.9047619047616535 0.2063492063488705 0
0.9047619047616537 0.2222222222218507 0
0.9047619047616536 0.238095238094831 0
0.9047619047616533 0.2539682539678112 0
0.9047619047616533 0.2698412698407914 0
0.9047619047616535 0.2857142857137717 0
0.9047619047616535 0.301587301586752 0
0.9047619047616535 0.3174603174597322 0
0.9047619047616535 0.3333333333327124 0
0.9047619047616535 0.3492063492056927 0
0.9047619047616533 0.3650793650786729 0
0.9047619047616535 0.3809523809516532 0
0.9047619047616534 0.3968253968246333 0
0.9047619047616535 0.4126984126976136 0
0.9047619047616535 0.4285714285705938 0
0.9047619047616535 0.4444444444435741 0
0.9047619047616535 0.4603174603165544 0
0.9047619047616533 0.4761904761895346 0
0.9047619047616535 0.4920634920625149 0
0.9047619047616535 0.5079365079355266 0
0.9047619047616535 0.52380952380857 0
0.9047619047616535 0.5396825396816133 0
0.9047619047616535 0.5555555555546565 0
0.9047619047616535 0.5714285714276998 0
0.9047619047616535 0.5873015873007429 0
0.9047619047616535 0.6031746031737864 0
0.9047619047616535 0.6190476190468296 0
0.9047619047616535 0.6349206349198727 0
0.9047619047616535 0.650793650792916 0
0.9047619047616535 0.6666666666659592 0
0.9047619047616535 0.6825396825390024 0
0.9047619047616535 0.6984126984120457 0
0.9047619047616535 0.7142857142850894 0
0.9047619047616535 0.7301587301581325 0
0.9047619047616535 0.7460317460311757 0
0.9047619047616535 0.761904761904219 0
0.9047619047616535 0.7777777777772622 0
0.9047619047616535 0.7936507936503054 0
0.9047619047616535 0.8095238095233487 0
0.9047619047616535 0.8253968253963919 0
0.9047619047616535 0.8412698412694353 0
0.9047619047616535 0.8571428571424784 0
0.9047619047616535 0.8730158730155233 0
0.9047619047616535 0.8888888888885798 0
0.9047619047616535 0.9047619047616396 0
0.9047619047616535 0.9206349206346995 0
0.9047619047616535 0.9365079365077599 0
0.9047619047616535 0.9523809523808198 0
0.9047619047616535 0.9682539682538798 0
0.9047619047616535 0.9841269841269399 0
0.9206349206347112 0.01587301587299352 0
0.9206349206347113 0.03174603174598644 0
0.9206349206347112 0.0476190476189756 0
0.9206349206347111 0.06349206349196591 0
0.9206349206347112 0.07936507936496358 0
0.9206349206347111 0.09523809523796228 0
0.9206349206347112 0.111111111110961 0
0.9206349206347113 0.1269841269839553 0
0.9206349206347112 0.1428571428569357 0
0.9206349206347112 0.1587301587299142 0
0.9206349206347113 0.1746031746028926 0
0.9206349206347111 0.1904761904758711 0
0.9206349206347112 0.2063492063488496 0
0.9206349206347112 0.222222222221828 0
0.9206349206347113 0.2380952380948064 0
0.9206349206347112 0.2539682539677849 0
0.9206349206347112 0.2698412698407634 0
0.9206349206347113 0.2857142857137417 0
0.9206349206347111 0.3015873015867203 0
0.9206349206347111 0.3174603174596988 0
0.9206349206347113 0.3333333333326772 0
0.9206349206347112 0.3492063492056556 0
0.9206349206347112 0.3650793650786342 0
0.9206349206347112 0.3809523809516125 0
0.9206349206347111 0.3968253968245911 0
0.9206349206347111 0.4126984126975695 0
0.9206349206347112 0.428571428570548 0
0.9206349206347112 0.4444444444435265 0
0.9206349206347112 0.4603174603165049 0
0.9206349206347111 0.4761904761894833 0
0.9206349206347112 0.4920634920624619 0
0.9206349206347114 0.507936507935474 0
0.9206349206347112 0.5238095238085196 0
0.920634920634711 0.5396825396815653 0
0.9206349206347113 0.5555555555546108 0
0.9206349206347111 0.5714285714276567 0
0.9206349206347111 0.5873015873007023 0
0.9206349206347113 0.6031746031737479 0
0.9206349206347112 0.6190476190467936 0
0.9206349206347112 0.6349206349198394 0
0.9206349206347114 0.6507936507928849 0
0.9206349206347112 0.6666666666659308 0
0.920634920634711 0.6825396825389765 0
0.9206349206347112 0.6984126984120219 0
0.9206349206347112 0.7142857142850677 0
0.920634920634711 0.7301587301581134 0
0.9206349206347113 0.7460317460311591 0
0.9206349206347111 0.7619047619042048 0
0.9206349206347114 0.7777777777772502 0
0.9206349206347112 0.7936507936502959 0
0.9206349206347114 0.8095238095233416 0
0.9206349206347112 0.8253968253963875 0
0.9206349206347112 0.841269841269433 0
0.9206349206347112 0.8571428571424788 0
0.9206349206347113 0.8730158730155257 0
0.920634920634711 0.8888888888885824 0
0.920634920634711 0.9047619047616419 0
0.9206349206347111 0.9206349206347015 0
0.9206349206347112 0.9365079365077612 0
0.9206349206347112 0.9523809523808209 0
0.9206349206347112 0.9682539682538807 0
0.9206349206347112 0.9841269841269401 0
0.9365079365077689 0.01587301587299199 0
0.936507936507769 0.03174603174598339 0
0.9365079365077692 0.04761904761897094 0
0.936507936507769 0.06349206349195967 0
0.9365079365077689 0.07936507936495589 0
0.9365079365077689 0.09523809523795318 0
0.9365079365077688 0.1111111111109505 0
0.936507936507769 0.1269841269839433 0
0.9365079365077691 0.1428571428569219 0
0.9365079365077688 0.1587301587298985 0
0.936507936507769 0.1746031746028752 0
0.936507936507769 0.1904761904758519 0
0.9365079365077692 0.2063492063488286 0
0.9365079365077689 0.2222222222218052 0
0.936507936507769 0.2380952380947819 0
0.936507936507769 0.2539682539677586 0
0.9365079365077688 0.2698412698407352 0
0.9365079365077689 0.285714285713712 0
0.9365079365077689 0.3015873015866886 0
0.9365079365077691 0.3174603174596654 0
0.9365079365077691 0.333333333332642 0
0.9365079365077689 0.3492063492056185 0
0.936507936507769 0.3650793650785953 0
0.9365079365077691 0.380952380951572 0
0.9365079365077688 0.3968253968245487 0
0.9365079365077688 0.4126984126975254 0
0.936507936507769 0.428571428570502 0
0.9365079365077692 0.4444444444434787 0
0.9365079365077692 0.4603174603164554 0
0.9365079365077689 0.4761904761894321 0
0.936507936507769 0.4920634920624087 0
0.9365079365077688 0.5079365079354211 0
0.936507936507769 0.5238095238084692 0
0.9365079365077689 0.5396825396815174 0
0.936507936507769 0.5555555555545655 0
0.936507936507769 0.5714285714276136 0
0.9365079365077689 0.5873015873006614 0
0.936507936507769 0.6031746031737095 0
0.936507936507769 0.6190476190467576 0
0.9365079365077689 0.6349206349198057 0
0.9365079365077689 0.6507936507928538 0
0.936507936507769 0.6666666666659019 0
0.936507936507769 0.68253968253895 0
0.9365079365077691 0.698412698411998 0
0.9365079365077689 0.7142857142850462 0
0.936507936507769 0.7301587301580943 0
0.936507936507769 0.7460317460311424 0
0.9365079365077691 0.7619047619041905 0
0.9365079365077692 0.7777777777772387 0
0.9365079365077688 0.7936507936502866 0
0.9365079365077689 0.8095238095233347 0
0.936507936507769 0.825396825396383 0
0.9365079365077692 0.8412698412694308 0
0.936507936507769 0.8571428571424791 0
0.9365079365077688 0.8730158730155282 0
0.9365079365077692 0.8888888888885851 0
0.9365079365077692 0.9047619047616443 0
0.9365079365077692 0.9206349206347035 0
0.936507936507769 0.936507936507763 0
0.936507936507769 0.952380952380822 0
0.936507936507769 0.9682539682538813 0
0.936507936507769 0.9841269841269406 0
0.9523809523808269 0.01587301587299046 0
0.9523809523808267 0.03174603174598031 0
0.9523809523808267 0.04761904761896629 0
0.9523809523808267 0.06349206349195345 0
0.9523809523808267 0.07936507936494817 0
0.9523809523808265 0.09523809523794405 0
0.9523809523808267 0.1111111111109399 0
0.9523809523808264 0.1269841269839312 0
0.9523809523808264 0.142857142856908 0
0.9523809523808268 0.158730158729883 0
0.9523809523808267 0.1746031746028578 0
0.9523809523808267 0.1904761904758327 0
0.9523809523808267 0.2063492063488076 0
0.9523809523808267 0.2222222222217825 0
0.9523809523808267 0.2380952380947574 0
0.9523809523808267 0.2539682539677323 0
0.9523809523808267 0.2698412698407072 0
0.9523809523808267 0.285714285713682 0
0.9523809523808267 0.301587301586657 0
0.9523809523808267 0.3174603174596318 0
0.9523809523808269 0.3333333333326067 0
0.9523809523808267 0.3492063492055816 0
0.9523809523808267 0.3650793650785565 0
0.9523809523808264 0.3809523809515314 0
0.9523809523808269 0.3968253968245063 0
0.9523809523808267 0.4126984126974812 0
0.9523809523808267 0.428571428570456 0
0.9523809523808267 0.444444444443431 0
0.9523809523808267 0.460317460316406 0
0.9523809523808267 0.4761904761893808 0
0.9523809523808267 0.4920634920623558 0
0.9523809523808267 0.5079365079353683 0
0.9523809523808267 0.5238095238084191 0
0.9523809523808267 0.5396825396814694 0
0.9523809523808267 0.5555555555545197 0
0.9523809523808267 0.5714285714275706 0
0.9523809523808267 0.5873015873006208 0
0.9523809523808267 0.6031746031736713 0
0.9523809523808267 0.6190476190467219 0
0.9523809523808267 0.6349206349197724 0
0.9523809523808267 0.6507936507928227 0
0.9523809523808267 0.6666666666658735 0
0.9523809523808267 0.6825396825389238 0
0.9523809523808267 0.6984126984119744 0
0.9523809523808267 0.7142857142850247 0
0.9523809523808267 0.7301587301580754 0
0.9523809523808267 0.746031746031126 0
0.9523809523808267 0.7619047619041763 0
0.9523809523808267 0.7777777777772267 0
0.9523809523808267 0.7936507936502772 0
0.9523809523808267 0.8095238095233278 0
0.9523809523808267 0.8253968253963784 0
0.9523809523808267 0.8412698412694288 0
0.9523809523808267 0.8571428571424793 0
0.9523809523808267 0.8730158730155306 0
0.9523809523808267 0.8888888888885877 0
0.9523809523808267 0.9047619047616468 0
0.9523809523808267 0.9206349206347053 0
0.9523809523808267 0.9365079365077643 0
0.9523809523808267 0.9523809523808231 0
0.9523809523808267 0.968253968253882 0
0.9523809523808267 0.984126984126941 0
0.9682539682538844 0.01587301587298894 0
0.9682539682538847 0.03174603174597725 0
0.9682539682538844 0.04761904761896163 0
0.9682539682538844 0.06349206349194718 0
0.9682539682538844 0.07936507936494051 0
0.9682539682538843 0.09523809523793492 0
0.9682539682538842 0.1111111111109293 0
0.9682539682538844 0.1269841269839191 0
0.9682539682538844 0.1428571428568942 0
0.9682539682538844 0.1587301587298673 0
0.9682539682538844 0.1746031746028404 0
0.9682539682538844 0.1904761904758135 0
0.9682539682538844 0.2063492063487866 0
0.9682539682538844 0.2222222222217597 0
0.9682539682538844 0.2380952380947328 0
0.9682539682538844 0.2539682539677059 0
0.9682539682538844 0.269841269840679 0
0.9682539682538847 0.2857142857136523 0
0.9682539682538844 0.3015873015866252 0
0.9682539682538842 0.3174603174595984 0
0.9682539682538844 0.3333333333325716 0
0.9682539682538844 0.3492063492055446 0
0.9682539682538844 0.3650793650785177 0
0.9682539682538844 0.3809523809514909 0
0.9682539682538844 0.3968253968244639 0
0.9682539682538844 0.4126984126974371 0
0.9682539682538844 0.4285714285704102 0
0.9682539682538847 0.4444444444433833 0
0.9682539682538844 0.4603174603163565 0
0.9682539682538844 0.4761904761893295 0
0.9682539682538844 0.4920634920623026 0
0.9682539682538844 0.5079365079353154 0
0.9682539682538844 0.5238095238083684 0
0.9682539682538844 0.5396825396814214 0
0.9682539682538844 0.5555555555544744 0
0.9682539682538844 0.5714285714275275 0
0.9682539682538844 0.5873015873005801 0
0.9682539682538844 0.6031746031736329 0
0.9682539682538844 0.6190476190466859 0
0.9682539682538844 0.634920634919739 0
0.9682539682538844 0.6507936507927916 0
0.9682539682538844 0.6666666666658446 0
0.9682539682538844 0.6825396825388976 0
0.9682539682538844 0.6984126984119506 0
0.9682539682538844 0.7142857142850035 0
0.9682539682538844 0.7301587301580565 0
0.9682539682538844 0.7460317460311093 0
0.9682539682538844 0.7619047619041621 0
0.9682539682538844 0.7777777777772151 0
0.9682539682538844 0.7936507936502679 0
0.9682539682538844 0.8095238095233209 0
0.9682539682538844 0.8253968253963737 0
0.9682539682538844 0.8412698412694268 0
0.9682539682538844 0.8571428571424797 0
0.9682539682538844 0.8730158730155331 0
0.9682539682538844 0.8888888888885904 0
0.9682539682538844 0.904761904761649 0
0.9682539682538844 0.9206349206347075 0
0.9682539682538844 0.9365079365077659 0
0.9682539682538844 0.9523809523808242 0
0.9682539682538844 0.9682539682538829 0
0.9682539682538844 0.9841269841269414 0
0.9841269841269421 0.01587301587298742 0
0.9841269841269421 0.0317460317459742 0
0.9841269841269421 0.04761904761895697 0
0.9841269841269422 0.06349206349194096 0
0.9841269841269424 0.0793650793649328 0
0.9841269841269422 0.09523809523792579 0
0.9841269841269422 0.1111111111109188 0
0.9841269841269422 0.126984126983907 0
0.9841269841269422 0.1428571428568804 0
0.9841269841269422 0.1587301587298517 0
0.9841269841269422 0.174603174602823 0
0.9841269841269422 0.1904761904757943 0
0.9841269841269422 0.2063492063487657 0
0.9841269841269422 0.222222222221737 0
0.9841269841269422 0.2380952380947083 0
0.9841269841269422 0.2539682539676796 0
0.9841269841269422 0.2698412698406509 0
0.9841269841269423 0.2857142857136223 0
0.9841269841269422 0.3015873015865936 0
0.9841269841269422 0.317460317459565 0
0.9841269841269422 0.3333333333325363 0
0.9841269841269422 0.3492063492055075 0
0.9841269841269422 0.365079365078479 0
0.9841269841269422 0.3809523809514502 0
0.9841269841269422 0.3968253968244215 0
0.9841269841269422 0.4126984126973929 0
0.9841269841269422 0.4285714285703642 0
0.9841269841269422 0.4444444444433355 0
0.9841269841269422 0.4603174603163069 0
0.9841269841269423 0.4761904761892782 0
0.9841269841269422 0.4920634920622496 0
0.9841269841269422 0.5079365079352628 0
0.9841269841269422 0.5238095238083182 0
0.9841269841269422 0.5396825396813735 0
0.9841269841269422 0.5555555555544287 0
0.9841269841269422 0.5714285714274842 0
0.9841269841269422 0.5873015873005393 0
0.9841269841269422 0.6031746031735947 0
0.9841269841269422 0.6190476190466502 0
0.9841269841269422 0.6349206349197053 0
0.9841269841269422 0.6507936507927607 0
0.9841269841269422 0.6666666666658162 0
0.9841269841269422 0.6825396825388714 0
0.9841269841269422 0.6984126984119267 0
0.9841269841269422 0.7142857142849821 0
0.9841269841269422 0.7301587301580375 0
0.9841269841269422 0.7460317460310927 0
0.9841269841269422 0.7619047619041479 0
0.9841269841269422 0.7777777777772034 0
0.9841269841269422 0.7936507936502586 0
0.9841269841269422 0.809523809523314 0
0.9841269841269422 0.8253968253963693 0
0.9841269841269422 0.8412698412694246 0
0.9841269841269422 0.85714285714248 0
0.9841269841269422 0.8730158730155355 0
0.9841269841269422 0.8888888888885931 0
0.9841269841269422 0.9047619047616512 0
0.9841269841269422 0.9206349206347093 0
0.9841269841269422 0.9365079365077674 0
0.9841269841269422 0.9523809523808255 0
0.9841269841269422 0.9682539682538838 0
0.9841269841269422 0.9841269841269419 0
2 2 0 3844
4347
4348
4349
4350
4351
4352
4353
4354
4355
4356
4357
4358
4359
4360
4361
4362
4363
4364
4365
4366
4367
4368
4369
4370
4371
4372
4373
4374
4375
4376
4377
4378
4379
4380
4381
4382
4383
4384
4385
4386
4387
4388
4389
4390
4391
4392
4393
4394
4395
4396
4397
4398
4399
4400
4401
4402
4403
4404
4405
4406
4407
4408
4409
4410
4411
4412
4413
4414
4415
4416
4417
4418
4419
4420
4421
4422
4423
4424
4425
4426
4427
4428
4429
4430
4431
4432
4433
4434
4435
4436
4437
4438
4439
4440
4441
4442
4443
4444
4445
4446
4447
4448
4449
4450
4451
4452
4453
4454
4455
4456
4457
4458
4459
4460
4461
4462
4463
4464
4465
4466
4467
4468
4469
4470
4471
4472
4473
4474
4475
4476
4477
4478
4479
4480
4481
4482
4483
4484
4485
4486
4487
4488
4489
4490
4491
4492
4493
4494
4495
4496
4497
4498
4499
4500
4501
4502
4503
4504
4505
4506
4507
4508
4509
4510
4511
4512
4513
4514
4515
4516
4517
4518
4519
4520
4521
4522
4523
4524
4525
4526
4527
4528
4529
4530
4531
4532
4533
4534
4535
4536
4537
4538
4539
4540
4541
4542
4543
4544
4545
4546
4547
4548
4549
4550
4551
4552
4553
4554
4555
4556
4557
4558
4559
4560
4561
4562
4563
4564
4565
4566
4567
4568
4569
4570
4571
4572
4573
4574
4575
4576
4577
4578
4579
4580
4581
4582
4583
4584
4585
4586
4587
4588
4589
4590
4591
4592
4593
4594
4595
4596
4597
4598
4599
4600
4601
4602
4603
4604
4605
4606
4607
4608
4609
4610
4611
4612
4613
4614
4615
4616
4617
4618
4619
4620
4621
4622
4623
4624
4625
4626
4627
4628
4629
4630
4631
4632
4633
4634
4635
4636
4637
4638
4639
4640
4641
4642
4643
4644
4645
4646
4647
4648
4649
4650
4651
4652
4653
4654
4655
4656
4657
4658
4659
4660
4661
4662
4663
4664
4665
4666
4667
4668
4669
4670
4671
4672
4673
4674
4675
4676
4677
4678
4679
4680
4681
4682
4683
4684
4685
4686
4687
4688
4689
4690
4691
4692
4693
4694
4695
4696
4697
4698
4699
4700
4701
4702
4703
4704
4705
4706
4707
4708
4709
4710
4711
4712
4713
4714
4715
4716
4717
4718
4719
4720
4721
4722
4723
4724
4725
4726
4727
4728
4729
4730
4731
4732
4733
4734
4735
4736
4737
4738
4739
4740
4741
4742
4743
4744
4745
4746
4747
4748
4749
4750
4751
4752
4753
4754
4755
4756
4757
4758
4759
4760
4761
4762
4763
4764
4765
4766
4767
4768
4769
4770
4771
4772
4773
4774
4775
4776
4777
4778
4779
4780
4781
4782
4783
4784
4785
4786
4787
4788
4789
4790
4791
4792
4793
4794
4795
4796
4797
4798
4799
4800
4801
4802
4803
4804
4805
4806
4807
4808
4809
4810
4811
4812
4813
4814
4815
4816
4817
4818
4819
4820
4821
4822
4823
4824
4825
4826
4827
4828
4829
4830
4831
4832
4833
4834
4835
4836
4837
4838
4839
4840
4841
4842
4843
4844
4845
4846
4847
4848
4849
4850
4851
4852
4853
4854
4855
4856
4857
4858
4859
4860
4861
4862
4863
4864
4865
4866
4867
4868
4869
4870
4871
4872
4873
4874
4875
4876
4877
4878
4879
4880
4881
4882
4883
4884
4885
4886
4887
4888
4889
4890
4891
4892
4893
4894
4895
4896
4897
4898
4899
4900
4901
4902
4903
4904
4905
4906
4907
4908
4909
4910
4911
4912
4913
4914
4915
4916
4917
4918
4919
4920
4921
4922
4923
4924
4925
4926
4927
4928
4929
4930
4931
4932
4933
4934
4935
4936
4937
4938
4939
4940
4941
4942
4943
4944
4945
4946
4947
4948
4949
4950
4951
4952
4953
4954
4955
4956
4957
4958
4959
4960
4961
4962
4963
4964
4965
4966
4967
4968
4969
4970
4971
4972
4973
4974
4975
4976
4977
4978
4979
4980
4981
4982
4983
4984
4985
4986
4987
4988
4989
4990
4991
4992
4993
4994
4995
4996
4997
4998
4999
5000
5001
5002
5003
5004
5005
5006
5007
5008
5009
5010
5011
5012
5013
5014
5015
5016
5017
5018
5019
5020
5021
5022
5023
5024
5025
5026
5027
5028
5029
5030
5031
5032
5033
5034
5035
5036
5037
5038
5039
5040
5041
5042
5043
5044
5045
5046
5047
5048
5049
5050
5051
5052
5053
5054
5055
5056
5057
5058
5059
5060
5061
5062
5063
5064
5065
5066
5067
5068
5069
5070
5071
5072
5073
5074
5075
5076
5077
5078
5079
5080
5081
5082
5083
5084
5085
5086
5087
5088
5089
5090
5091
5092
5093
5094
5095
5096
5097
5098
5099
5100
5101
5102
5103
5104
5105
5106
5107
5108
5109
5110
5111
5112
5113
5114
5115
5116
5117
5118
5119
5120
5121
5122
5123
5124
5125
5126
5127
5128
5129
5130
5131
5132
5133
5134
5135
5136
5137
5138
5139
5140
5141
5142
5143
5144
5145
5146
5147
5148
5149
5150
5151
5152
5153
5154
5155
5156
5157
5158
5159
5160
5161
5162
5163
5164
5165
5166
5167
5168
5169
5170
5171
5172
5173
5174
5175
5176
5177
5178
5179
5180
5181
5182
5183
5184
5185
5186
5187
5188
5189
5190
5191
5192
5193
5194
5195
5196
5197
5198
5199
5200
5201
5202
5203
5204
5205
5206
5207
5208
5209
5210
5211
5212
5213
5214
5215
5216
5217
5218
5219
5220
5221
5222
5223
5224
5225
5226
5227
5228
5229
5230
5231
5232
5233
5234
5235
5236
5237
5238
5239
5240
5241
5242
5243
5244
5245
5246
5247
5248
5249
5250
5251
5252
5253
5254
5255
5256
5257
5258
5259
5260
5261
5262
5263
5264
5265
5266
5267
5268
5269
5270
5271
5272
5273
5274
5275
5276
5277
5278
5279
5280
5281
5282
5283
5284
5285
5286
5287
5288
5289
5290
5291
5292
5293
5294
5295
5296
5297
5298
5299
5300
5301
5302
5303
5304
5305
5306
5307
5308
5309
5310
5311
5312
5313
5314
5315
5316
5317
5318
5319
5320
5321
5322
5323
5324
5325
5326
5327
5328
5329
5330
5331
5332
5333
5334
5335
5336
5337
5338
5339
5340
5341
5342
5343
5344
5345
5346
5347
5348
5349
5350
5351
5352
5353
5354
5355
5356
5357
5358
5359
5360
5361
5362
5363
5364
5365
5366
5367
5368
5369
5370
5371
5372
5373
5374
5375
5376
5377
5378
5379
5380
5381
5382
5383
5384
5385
5386
5387
5388
5389
5390
5391
5392
5393
5394
5395
5396
5397
5398
5399
5400
5401
5402
5403
5404
5405
5406
5407
5408
5409
5410
5411
5412
5413
5414
5415
5416
5417
5418
5419
5420
5421
5422
5423
5424
5425
5426
5427
5428
5429
5430
5431
5432
5433
5434
5435
5436
5437
5438
5439
5440
5441
5442
5443
5444
5445
5446
5447
5448
5449
5450
5451
5452
5453
5454
5455
5456
5457
5458
5459
5460
5461
5462
5463
5464
5465
5466
5467
5468
5469
5470
5471
5472
5473
5474
5475
5476
5477
5478
5479
5480
5481
5482
5483
5484
5485
5486
5487
5488
5489
5490
5491
5492
5493
5494
5495
5496
5497
5498
5499
5500
5501
5502
5503
5504
5505
5506
5507
5508
5509
5510
5511
5512
5513
5514
5515
5516
5517
5518
5519
5520
5521
5522
5523
5524
5525
5526
5527
5528
5529
5530
5531
5532
5533
5534
5535
5536
5537
5538
5539
5540
5541
5542
5543
5544
5545
5546
5547
5548
5549
5550
5551
5552
5553
5554
5555
5556
5557
5558
5559
5560
5561
5562
5563
5564
5565
5566
5567
5568
5569
5570
5571
5572
5573
5574
5575
5576
5577
5578
5579
5580
5581
5582
5583
5584
5585
5586
5587
5588
5589
5590
5591
5592
5593
5594
5595
5596
5597
5598
5599
5600
5601
5602
5603
5604
5605
5606
5607
5608
5609
5610
5611
5612
5613
5614
5615
5616
5617
5618
5619
5620
5621
5622
5623
5624
5625
5626
5627
5628
5629
5630
5631
5632
5633
5634
5635
5636
5637
5638
5639
5640
5641
5642
5643
5644
5645
5646
5647
5648
5649
5650
5651
5652
5653
5654
5655
5656
5657
5658
5659
5660
5661
5662
5663
5664
5665
5666
5667
5668
5669
5670
5671
5672
5673
5674
5675
5676
5677
5678
5679
5680
5681
5682
5683
5684
5685
5686
5687
5688
5689
5690
5691
5692
5693
5694
5695
5696
5697
5698
5699
5700
5701
5702
5703
5704
5705
5706
5707
5708
5709
5710
5711
5712
5713
5714
5715
5716
5717
5718
5719
5720
5721
5722
5723
5724
5725
5726
5727
5728
5729
5730
5731
5732
5733
5734
5735
5736
5737
5738
5739
5740
5741
5742
5743
5744
5745
5746
5747
5748
5749
5750
5751
5752
5753
5754
5755
5756
5757
5758
5759
5760
5761
5762
5763
5764
5765
5766
5767
5768
5769
5770
5771
5772
5773
5774
5775
5776
5777
5778
5779
5780
5781
5782
5783
5784
5785
5786
5787
5788
5789
5790
5791
5792
5793
5794
5795
5796
5797
5798
5799
5800
5801
5802
5803
5804
5805
5806
5807
5808
5809
5810
5811
5812
5813
5814
5815
5816
5817
5818
5819
5820
5821
5822
5823
5824
5825
5826
5827
5828
5829
5830
5831
5832
5833
5834
5835
5836
5837
5838
5839
5840
5841
5842
5843
5844
5845
5846
5847
5848
5849
5850
5851
5852
5853
5854
5855
5856
5857
5858
5859
5860
5861
5862
5863
5864
5865
5866
5867
5868
5869
5870
5871
5872
5873
5874
5875
5876
5877
5878
5879
5880
5881
5882
5883
5884
5885
5886
5887
5888
5889
5890
5891
5892
5893
5894
5895
5896
5897
5898
5899
5900
5901
5902
5903
5904
5905
5906
5907
5908
5909
5910
5911
5912
5913
5914
5915
5916
5917
5918
5919
5920
5921
5922
5923
5924
5925
5926
5927
5928
5929
5930
5931
5932
5933
5934
5935
5936
5937
5938
5939
5940
5941
5942
5943
5944
5945
5946
5947
5948
5949
5950
5951
5952
5953
5954
5955
5956
5957
5958
5959
5960
5961
5962
5963
5964
5965
5966
5967
5968
5969
5970
5971
5972
5973
5974
5975
5976
5977
5978
5979
5980
5981
5982
5983
5984
5985
5986
5987
5988
5989
5990
5991
5992
5993
5994
5995
5996
5997
5998
5999
6000
6001
6002
6003
6004
6005
6006
6007
6008
6009
6010
6011
6012
6013
6014
6015
6016
6017
6018
6019
6020
6021
6022
6023
6024
6025
6026
6027
6028
6029
6030
6031
6032
6033
6034
6035
6036
6037
6038
6039
6040
6041
6042
6043
6044
6045
6046
6047
6048
6049
6050
6051
6052
6053
6054
6055
6056
6057
6058
6059
6060
6061
6062
6063
6064
6065
6066
6067
6068
6069
6070
6071
6072
6073
6074
6075
6076
6077
6078
6079
6080
6081
6082
6083
6084
6085
6086
6087
6088
6089
6090
6091
6092
6093
6094
6095
6096
6097
6098
6099
6100
6101
6102
6103
6104
6105
6106
6107
6108
6109
6110
6111
6112
6113
6114
6115
6116
6117
6118
6119
6120
6121
6122
6123
6124
6125
6126
6127
6128
6129
6130
6131
6132
6133
6134
6135
6136
6137
6138
6139
6140
6141
6142
6143
6144
6145
6146
6147
6148
6149
6150
6151
6152
6153
6154
6155
6156
6157
6158
6159
6160
6161
6162
6163
6164
6165
6166
6167
6168
6169
6170
6171
6172
6173
6174
6175
6176
6177
6178
6179
6180
6181
6182
6183
6184
6185
6186
6187
6188
6189
6190
6191
6192
6193
6194
6195
6196
6197
6198
6199
6200
6201
6202
6203
6204
6205
6206
6207
6208
6209
6210
6211
6212
6213
6214
6215
6216
6217
6218
6219
6220
6221
6222
6223
6224
6225
6226
6227
6228
6229
6230
6231
6232
6233
6234
6235
6236
6237
6238
6239
6240
6241
6242
6243
6244
6245
6246
6247
6248
6249
6250
6251
6252
6253
6254
6255
6256
6257
6258
6259
6260
6261
6262
6263
6264
6265
6266
6267
6268
6269
6270
6271
6272
6273
6274
6275
6276
6277
6278
6279
6280
6281
6282
6283
6284
6285
6286
6287
6288
6289
6290
6291
6292
6293
6294
6295
6296
6297
6298
6299
6300
6301
6302
6303
6304
6305
6306
6307
6308
6309
6310
6311
6312
6313
6314
6315
6316
6317
6318
6319
6320
6321
6322
6323
6324
6325
6326
6327
6328
6329
6330
6331
6332
6333
6334
6335
6336
6337
6338
6339
6340
6341
6342
6343
6344
6345
6346
6347
6348
6349
6350
6351
6352
6353
6354
6355
6356
6357
6358
6359
6360
6361
6362
6363
6364
6365
6366
6367
6368
6369
6370
6371
6372
6373
6374
6375
6376
6377
6378
6379
6380
6381
6382
6383
6384
6385
6386
6387
6388
6389
6390
6391
6392
6393
6394
6395
6396
6397
6398
6399
6400
6401
6402
6403
6404
6405
6406
6407
6408
6409
6410
6411
6412
6413
6414
6415
6416
6417
6418
6419
6420
6421
6422
6423
6424
6425
6426
6427
6428
6429
6430
6431
6432
6433
6434
6435
6436
6437
6438
6439
6440
6441
6442
6443
6444
6445
6446
6447
6448
6449
6450
6451
6452
6453
6454
6455
6456
6457
6458
6459
6460
6461
6462
6463
6464
6465
6466
6467
6468
6469
6470
6471
6472
6473
6474
6475
6476
6477
6478
6479
6480
6481
6482
6483
6484
6485
6486
6487
6488
6489
6490
6491
6492
6493
6494
6495
6496
6497
6498
6499
6500
6501
6502
6503
6504
6505
6506
6507
6508
6509
6510
6511
6512
6513
6514
6515
6516
6517
6518
6519
6520
6521
6522
6523
6524
6525
6526
6527
6528
6529
6530
6531
6532
6533
6534
6535
6536
6537
6538
6539
6540
6541
6542
6543
6544
6545
6546
6547
6548
6549
6550
6551
6552
6553
6554
6555
6556
6557
6558
6559
6560
6561
6562
6563
6564
6565
6566
6567
6568
6569
6570
6571
6572
6573
6574
6575
6576
6577
6578
6579
6580
6581
6582
6583
6584
6585
6586
6587
6588
6589
6590
6591
6592
6593
6594
6595
6596
6597
6598
6599
6600
6601
6602
6603
6604
6605
6606
6607
6608
6609
6610
6611
6612
6613
6614
6615
6616
6617
6618
6619
6620
6621
6622
6623
6624
6625
6626
6627
6628
6629
6630
6631
6632
6633
6634
6635
6636
6637
6638
6639
6640
6641
6642
6643
6644
6645
6646
6647
6648
6649
6650
6651
6652
6653
6654
6655
6656
6657
6658
6659
6660
6661
6662
6663
6664
6665
6666
6667
6668
6669
6670
6671
6672
6673
6674
6675
6676
6677
6678
6679
6680
6681
6682
6683
6684
6685
6686
6687
6688
6689
6690
6691
6692
6693
6694
6695
6696
6697
6698
6699
6700
6701
6702
6703
6704
6705
6706
6707
6708
6709
6710
6711
6712
6713
6714
6715
6716
6717
6718
6719
6720
6721
6722
6723
6724
6725
6726
6727
6728
6729
6730
6731
6732
6733
6734
6735
6736
6737
6738
6739
6740
6741
6742
6743
6744
6745
6746
6747
6748
6749
6750
6751
6752
6753
6754
6755
6756
6757
6758
6759
6760
6761
6762
6763
6764
6765
6766
6767
6768
6769
6770
6771
6772
6773
6774
6775
6776
6777
6778
6779
6780
6781
6782
6783
6784
6785
6786
6787
6788
6789
6790
6791
6792
6793
6794
6795
6796
6797
6798
6799
6800
6801
6802
6803
6804
6805
6806
6807
6808
6809
6810
6811
6812
6813
6814
6815
6816
6817
6818
6819
6820
6821
6822
6823
6824
6825
6826
6827
6828
6829
6830
6831
6832
6833
6834
6835
6836
6837
6838
6839
6840
6841
6842
6843
6844
6845
6846
6847
6848
6849
6850
6851
6852
6853
6854
6855
6856
6857
6858
6859
6860
6861
6862
6863
6864
6865
6866
6867
6868
6869
6870
6871
6872
6873
6874
6875
6876
6877
6878
6879
6880
6881
6882
6883
6884
6885
6886
6887
6888
6889
6890
6891
6892
6893
6894
6895
6896
6897
6898
6899
6900
6901
6902
6903
6904
6905
6906
6907
6908
6909
6910
6911
6912
6913
6914
6915
6916
6917
6918
6919
6920
6921
6922
6923
6924
6925
6926
6927
6928
6929
6930
6931
6932
6933
6934
6935
6936
6937
6938
6939
6940
6941
6942
6943
6944
6945
6946
6947
6948
6949
6950
6951
6952
6953
6954
6955
6956
6957
6958
6959
6960
6961
6962
6963
6964
6965
6966
6967
6968
6969
6970
6971
6972
6973
6974
6975
6976
6977
6978
6979
6980
6981
6982
6983
6984
6985
6986
6987
6988
6989
6990
6991
6992
6993
6994
6995
6996
6997
6998
6999
7000
7001
7002
7003
7004
7005
7006
7007
7008
7009
7010
7011
7012
7013
7014
7015
7016
7017
7018
7019
7020
7021
7022
7023
7024
7025
7026
7027
7028
7029
7030
7031
7032
7033
7034
7035
7036
7037
7038
7039
7040
7041
7042
7043
7044
7045
7046
7047
7048
7049
7050
7051
7052
7053
7054
7055
7056
7057
7058
7059
7060
7061
7062
7063
7064
7065
7066
7067
7068
7069
7070
7071
7072
7073
7074
7075
7076
7077
7078
7079
7080
7081
7082
7083
7084
7085
7086
7087
7088
7089
7090
7091
7092
7093
7094
7095
7096
7097
7098
7099
7100
7101
7102
7103
7104
7105
7106
7107
7108
7109
7110
7111
7112
7113
7114
7115
7116
7117
7118
7119
7120
7121
7122
7123
7124
7125
7126
7127
7128
7129
7130
7131
7132
7133
7134
7135
7136
7137
7138
7139
7140
7141
7142
7143
7144
7145
7146
7147
7148
7149
7150
7151
7152
7153
7154
7155
7156
7157
7158
7159
7160
7161
7162
7163
7164
7165
7166
7167
7168
7169
7170
7171
7172
7173
7174
7175
7176
7177
7178
7179
7180
7181
7182
7183
7184
7185
7186
7187
7188
7189
7190
7191
7192
7193
7194
7195
7196
7197
7198
7199
7200
7201
7202
7203
7204
7205
7206
7207
7208
7209
7210
7211
7212
7213
7214
7215
7216
7217
7218
7219
7220
7221
7222
7223
7224
7225
7226
7227
7228
7229
7230
7231
7232
7233
7234
7235
7236
7237
7238
7239
7240
7241
7242
7243
7244
7245
7246
7247
7248
7249
7250
7251
7252
7253
7254
7255
7256
7257
7258
7259
7260
7261
7262
7263
7264
7265
7266
7267
7268
7269
7270
7271
7272
7273
7274
7275
7276
7277
7278
7279
7280
7281
7282
7283
7284
7285
7286
7287
7288
7289
7290
7291
7292
7293
7294
7295
7296
7297
7298
7299
7300
7301
7302
7303
7304
7305
7306
7307
7308
7309
7310
7311
7312
7313
7314
7315
7316
7317
7318
7319
7320
7321
7322
7323
7324
7325
7326
7327
7328
7329
7330
7331
7332
7333
7334
7335
7336
7337
7338
7339
7340
7341
7342
7343
7344
7345
7346
7347
7348
7349
7350
7351
7352
7353
7354
7355
7356
7357
7358
7359
7360
7361
7362
7363
7364
7365
7366
7367
7368
7369
7370
7371
7372
7373
7374
7375
7376
7377
7378
7379
7380
7381
7382
7383
7384
7385
7386
7387
7388
7389
7390
7391
7392
7393
7394
7395
7396
7397
7398
7399
7400
7401
7402
7403
7404
7405
7406
7407
7408
7409
7410
7411
7412
7413
7414
7415
7416
7417
7418
7419
7420
7421
7422
7423
7424
7425
7426
7427
7428
7429
7430
7431
7432
7433
7434
7435
7436
7437
7438
7439
7440
7441
7442
7443
7444
7445
7446
7447
7448
7449
7450
7451
7452
7453
7454
7455
7456
7457
7458
7459
7460
7461
7462
7463
7464
7465
7466
7467
7468
7469
7470
7471
7472
7473
7474
7475
7476
7477
7478
7479
7480
7481
7482
7483
7484
7485
7486
7487
7488
7489
7490
7491
7492
7493
7494
7495
7496
7497
7498
7499
7500
7501
7502
7503
7504
7505
7506
7507
7508
7509
7510
7511
7512
7513
7514
7515
7516
7517
7518
7519
7520
7521
7522
7523
7524
7525
7526
7527
7528
7529
7530
7531
7532
7533
7534
7535
7536
7537
7538
7539
7540
7541
7542
7543
7544
7545
7546
7547
7548
7549
7550
7551
7552
7553
7554
7555
7556
7557
7558
7559
7560
7561
7562
7563
7564
7565
7566
7567
7568
7569
7570
7571
7572
7573
7574
7575
7576
7577
7578
7579
7580
7581
7582
7583
7584
7585
7586
7587
7588
7589
7590
7591
7592
7593
7594
7595
7596
7597
7598
7599
7600
7601
7602
7603
7604
7605
7606
7607
7608
7609
7610
7611
7612
7613
7614
7615
7616
7617
7618
7619
7620
7621
7622
7623
7624
7625
7626
7627
7628
7629
7630
7631
7632
7633
7634
7635
7636
7637
7638
7639
7640
7641
7642
7643
7644
7645
7646
7647
7648
7649
7650
7651
7652
7653
7654
7655
7656
7657
7658
7659
7660
7661
7662
7663
7664
7665
7666
7667
7668
7669
7670
7671
7672
7673
7674
7675
7676
7677
7678
7679
7680
7681
7682
7683
7684
7685
7686
7687
7688
7689
7690
7691
7692
7693
7694
7695
7696
7697
7698
7699
7700
7701
7702
7703
7704
7705
7706
7707
7708
7709
7710
7711
7712
7713
7714
7715
7716
7717
7718
7719
7720
7721
7722
7723
7724
7725
7726
7727
7728
7729
7730
7731
7732
7733
7734
7735
7736
7737
7738
7739
7740
7741
7742
7743
7744
7745
7746
7747
7748
7749
7750
7751
7752
7753
7754
7755
7756
7757
7758
7759
7760
7761
7762
7763
7764
7765
7766
7767
7768
7769
7770
7771
7772
7773
7774
7775
7776
7777
7778
7779
7780
7781
7782
7783
7784
7785
7786
7787
7788
7789
7790
7791
7792
7793
7794
7795
7796
7797
7798
7799
7800
7801
7802
7803
7804
7805
7806
7807
7808
7809
7810
7811
7812
7813
7814
7815
7816
7817
7818
7819
7820
7821
7822
7823
7824
7825
7826
7827
7828
7829
7830
7831
7832
7833
7834
7835
7836
7837
7838
7839
7840
7841
7842
7843
7844
7845
7846
7847
7848
7849
7850
7851
7852
7853
7854
7855
7856
7857
7858
7859
7860
7861
7862
7863
7864
7865
7866
7867
7868
7869
7870
7871
7872
7873
7874
7875
7876
7877
7878
7879
7880
7881
7882
7883
7884
7885
7886
7887
7888
7889
7890
7891
7892
7893
7894
7895
7896
7897
7898
7899
7900
7901
7902
7903
7904
7905
7906
7907
7908
7909
7910
7911
7912
7913
7914
7915
7916
7917
7918
7919
7920
7921
7922
7923
7924
7925
7926
7927
7928
7929
7930
7931
7932
7933
7934
7935
7936
7937
7938
7939
7940
7941
7942
7943
7944
7945
7946
7947
7948
7949
7950
7951
7952
7953
7954
7955
7956
7957
7958
7959
7960
7961
7962
7963
7964
7965
7966
7967
7968
7969
7970
7971
7972
7973
7974
7975
7976
7977
7978
7979
7980
7981
7982
7983
7984
7985
7986
7987
7988
7989
7990
7991
7992
7993
7994
7995
7996
7997
7998
7999
8000
8001
8002
8003
8004
8005
8006
8007
8008
8009
8010
8011
8012
8013
8014
8015
8016
8017
8018
8019
8020
8021
8022
8023
8024
8025
8026
8027
8028
8029
8030
8031
8032
8033
8034
8035
8036
8037
8038
8039
8040
8041
8042
8043
8044
8045
8046
8047
8048
8049
8050
8051
8052
8053
8054
8055
8056
8057
8058
8059
8060
8061
8062
8063
8064
8065
8066
8067
8068
8069
8070
8071
8072
8073
8074
8075
8076
8077
8078
8079
8080
8081
8082
8083
8084
8085
8086
8087
8088
8089
8090
8091
8092
8093
8094
8095
8096
8097
8098
8099
8100
8101
8102
8103
8104
8105
8106
8107
8108
8109
8110
8111
8112
8113
8114
8115
8116
8117
8118
8119
8120
8121
8122
8123
8124
8125
8126
8127
8128
8129
8130
8131
8132
8133
8134
8135
8136
8137
8138
8139
8140
8141
8142
8143
8144
8145
8146
8147
8148
8149
8150
8151
8152
8153
8154
8155
8156
8157
8158
8159
8160
8161
8162
8163
8164
8165
8166
8167
8168
8169
8170
8171
8172
8173
8174
8175
8176
8177
8178
8179
8180
8181
8182
8183
8184
8185
8186
8187
8188
8189
8190
0.01587301587298741 1.015873015873016 0
0.01587301587298894 1.031746031746031 0
0.01587301587299046 1.047619047619048 0
0.015873015872992 1.063492063492063 0
0.01587301587299352 1.07936507936508 0
0.01587301587299504 1.095238095238095 0
0.01587301587299657 1.111111111111111 0
0.01587301587299809 1.126984126984127 0
0.01587301587299961 1.142857142857143 0
0.01587301587300114 1.158730158730158 0
0.01587301587300267 1.174603174603175 0
0.01587301587300419 1.19047619047619 0
0.01587301587300572 1.206349206349207 0
0.01587301587300725 1.222222222222222 0
0.01587301587300877 1.238095238095238 0
0.01587301587301029 1.253968253968254 0
0.01587301587301182 1.26984126984127 0
0.01587301587301335 1.285714285714286 0
0.01587301587301487 1.301587301587302 0
0.0158730158730164 1.317460317460317 0
0.01587301587301792 1.333333333333333 0
0.01587301587301945 1.349206349206349 0
0.01587301587302097 1.365079365079365 0
0.0158730158730225 1.380952380952381 0
0.01587301587302402 1.396825396825397 0
0.01587301587302554 1.412698412698413 0
0.01587301587302707 1.428571428571428 0
0.0158730158730286 1.444444444444444 0
0.01587301587303012 1.46031746031746 0
0.01587301587303165 1.476190476190476 0
0.01587301587303318 1.492063492063492 0
0.0158730158730347 1.507936507936508 0
0.01587301587303623 1.523809523809524 0
0.01587301587303775 1.539682539682539 0
0.01587301587303928 1.555555555555556 0
0.0158730158730408 1.571428571428571 0
0.01587301587304233 1.587301587301587 0
0.01587301587304386 1.603174603174603 0
0.01587301587304538 1.619047619047619 0
0.0158730158730469 1.634920634920635 0
0.01587301587304843 1.650793650793651 0
0.01587301587304996 1.666666666666666 0
0.01587301587305148 1.682539682539683 0
0.015873015873053 1.698412698412698 0
0.01587301587305453 1.714285714285714 0
0.01587301587305606 1.73015873015873 0
0.01587301587305758 1.746031746031746 0
0.01587301587305911 1.761904761904762 0
0.01587301587306063 1.777777777777778 0
0.01587301587306215 1.793650793650793 0
0.01587301587306368 1.80952380952381 0
0.01587301587306521 1.825396825396825 0
0.01587301587306673 1.841269841269841 0
0.01587301587306826 1.857142857142857 0
0.01587301587306979 1.873015873015873 0
0.01587301587307131 1.888888888888889 0
0.01587301587307283 1.904761904761905 0
0.01587301587307436 1.920634920634921 0
0.01587301587307588 1.936507936507936 0
0.01587301587307741 1.952380952380952 0
0.01587301587307893 1.968253968253969 0
0.01587301587308046 1.984126984126984 0
0.03174603174597419 1.015873015873016 0
0.03174603174597725 1.031746031746032 0
0.03174603174598032 1.047619047619048 0
0.03174603174598339 1.063492063492063 0
0.03174603174598644 1.07936507936508 0
0.03174603174598951 1.095238095238095 0
0.03174603174599256 1.111111111111111 0
0.03174603174599563 1.126984126984127 0
0.03174603174599868 1.142857142857143 0
0.03174603174600175 1.158730158730159 0
0.0317460317460048 1.174603174603175 0
0.03174603174600787 1.19047619047619 0
0.03174603174601092 1.206349206349207 0
0.03174603174601399 1.222222222222222 0
0.03174603174601705 1.238095238095238 0
0.03174603174602011 1.253968253968254 0
0.03174603174602316 1.26984126984127 0
0.03174603174602623 1.285714285714286 0
0.03174603174602929 1.301587301587302 0
0.03174603174603236 1.317460317460317 0
0.03174603174603541 1.333333333333333 0
0.03174603174603848 1.349206349206349 0
0.03174603174604154 1.365079365079365 0
0.0317460317460446 1.380952380952381 0
0.03174603174604766 1.396825396825397 0
0.03174603174605072 1.412698412698413 0
0.03174603174605378 1.428571428571429 0
0.03174603174605684 1.444444444444444 0
0.0317460317460599 1.460317460317461 0
0.03174603174606296 1.476190476190476 0
0.03174603174606602 1.492063492063492 0
0.03174603174606908 1.507936507936508 0
0.03174603174607215 1.523809523809524 0
0.0317460317460752 1.53968253968254 0
0.03174603174607827 1.555555555555556 0
0.03174603174608132 1.571428571428571 0
0.03174603174608439 1.587301587301588 0
0.03174603174608746 1.603174603174603 0
0.03174603174609051 1.619047619047619 0
0.03174603174609358 1.634920634920635 0
0.03174603174609663 1.650793650793651 0
0.0317460317460997 1.666666666666667 0
0.03174603174610276 1.682539682539683 0
0.03174603174610582 1.698412698412699 0
0.03174603174610887 1.714285714285715 0
0.03174603174611194 1.73015873015873 0
0.031746031746115 1.746031746031746 0
0.03174603174611806 1.761904761904762 0
0.03174603174612111 1.777777777777778 0
0.03174603174612418 1.793650793650793 0
0.03174603174612724 1.80952380952381 0
0.0317460317461303 1.825396825396825 0
0.03174603174613336 1.841269841269841 0
0.03174603174613642 1.857142857142857 0
0.03174603174613948 1.873015873015873 0
0.03174603174614255 1.888888888888889 0
0.0317460317461456 1.904761904761905 0
0.03174603174614867 1.92063492063492 0
0.03174603174615172 1.936507936507937 0
0.03174603174615479 1.952380952380952 0
0.03174603174615784 1.968253968253968 0
0.03174603174616091 1.984126984126984 0
0.04761904761895697 1.015873015873016 0
0.04761904761896163 1.031746031746032 0
0.04761904761896628 1.047619047619048 0
0.04761904761897094 1.063492063492063 0
0.0476190476189756 1.07936507936508 0
0.04761904761898027 1.095238095238095 0
0.04761904761898492 1.111111111111111 0
0.04761904761898959 1.126984126984127 0
0.04761904761899426 1.142857142857143 0
0.04761904761899889 1.158730158730159 0
0.04761904761900357 1.174603174603175 0
0.04761904761900822 1.19047619047619 0
0.04761904761901288 1.206349206349207 0
0.04761904761901754 1.222222222222222 0
0.04761904761902221 1.238095238095238 0
0.04761904761902686 1.253968253968254 0
0.04761904761903152 1.26984126984127 0
0.04761904761903618 1.285714285714286 0
0.04761904761904084 1.301587301587302 0
0.04761904761904551 1.317460317460317 0
0.04761904761905016 1.333333333333333 0
0.04761904761905482 1.349206349206349 0
0.04761904761905947 1.365079365079365 0
0.04761904761906412 1.380952380952381 0
0.04761904761906879 1.396825396825397 0
0.04761904761907344 1.412698412698413 0
0.04761904761907811 1.428571428571429 0
0.04761904761908277 1.444444444444444 0
0.04761904761908743 1.46031746031746 0
0.04761904761909209 1.476190476190476 0
0.04761904761909676 1.492063492063492 0
0.04761904761910141 1.507936507936508 0
0.04761904761910606 1.523809523809524 0
0.04761904761911073 1.539682539682539 0
0.0476190476191154 1.555555555555556 0
0.04761904761912004 1.571428571428572 0
0.04761904761912471 1.587301587301587 0
0.04761904761912936 1.603174603174603 0
0.04761904761913403 1.619047619047619 0
0.04761904761913868 1.634920634920635 0
0.04761904761914335 1.650793650793651 0
0.04761904761914799 1.666666666666667 0
0.04761904761915266 1.682539682539683 0
0.04761904761915732 1.698412698412698 0
0.04761904761916198 1.714285714285715 0
0.04761904761916665 1.73015873015873 0
0.0476190476191713 1.746031746031746 0
0.04761904761917596 1.761904761904762 0
0.04761904761918061 1.777777777777778 0
0.04761904761918527 1.793650793650793 0
0.04761904761918993 1.80952380952381 0
0.0476190476191946 1.825396825396825 0
0.04761904761919926 1.841269841269841 0
0.04761904761920391 1.857142857142857 0
0.04761904761920857 1.873015873015873 0
0.04761904761921322 1.888888888888889 0
0.04761904761921788 1.904761904761905 0
0.04761904761922255 1.92063492063492 0
0.04761904761922721 1.936507936507937 0
0.04761904761923187 1.952380952380952 0
0.04761904761923653 1.968253968253968 0
0.04761904761924118 1.984126984126984 0
0.06349206349194096 1.015873015873016 0
0.06349206349194718 1.031746031746031 0
0.06349206349195342 1.047619047619048 0
0.06349206349195967 1.063492063492063 0
0.06349206349196591 1.07936507936508 0
0.06349206349197216 1.095238095238095 0
0.06349206349197838 1.111111111111111 0
0.06349206349198462 1.126984126984127 0
0.06349206349199087 1.142857142857143 0
0.06349206349199708 1.158730158730159 0
0.06349206349200333 1.174603174603175 0
0.06349206349200957 1.19047619047619 0
0.06349206349201582 1.206349206349207 0
0.06349206349202206 1.222222222222222 0
0.06349206349202828 1.238095238095238 0
0.06349206349203453 1.253968253968254 0
0.06349206349204077 1.26984126984127 0
0.06349206349204699 1.285714285714286 0
0.06349206349205323 1.301587301587302 0
0.06349206349205948 1.317460317460317 0
0.06349206349206572 1.333333333333333 0
0.06349206349207197 1.349206349206349 0
0.06349206349207819 1.365079365079365 0
0.06349206349208443 1.380952380952381 0
0.06349206349209068 1.396825396825397 0
0.06349206349209689 1.412698412698413 0
0.06349206349210314 1.428571428571429 0
0.06349206349210938 1.444444444444444 0
0.06349206349211563 1.46031746031746 0
0.06349206349212187 1.476190476190476 0
0.06349206349212809 1.492063492063492 0
0.06349206349213433 1.507936507936508 0
0.06349206349214058 1.523809523809524 0
0.0634920634921468 1.53968253968254 0
0.06349206349215307 1.555555555555556 0
0.06349206349215929 1.571428571428571 0
0.06349206349216553 1.587301587301587 0
0.06349206349217178 1.603174603174603 0
0.06349206349217799 1.619047619047619 0
0.06349206349218424 1.634920634920635 0
0.06349206349219048 1.650793650793651 0
0.0634920634921967 1.666666666666667 0
0.06349206349220297 1.682539682539683 0
0.06349206349220919 1.698412698412698 0
0.06349206349221544 1.714285714285715 0
0.06349206349222168 1.73015873015873 0
0.0634920634922279 1.746031746031746 0
0.06349206349223414 1.761904761904762 0
0.06349206349224039 1.777777777777778 0
0.06349206349224661 1.793650793650793 0
0.06349206349225288 1.809523809523809 0
0.0634920634922591 1.825396825396825 0
0.06349206349226534 1.841269841269841 0
0.06349206349227159 1.857142857142857 0
0.0634920634922778 1.873015873015873 0
0.06349206349228405 1.888888888888889 0
0.06349206349229029 1.904761904761905 0
0.06349206349229651 1.92063492063492 0
0.06349206349230278 1.936507936507937 0
0.063492063492309 1.952380952380952 0
0.06349206349231525 1.968253968253968 0
0.06349206349232149 1.984126984126984 0
0.0793650793649328 1.015873015873016 0
0.07936507936494049 1.031746031746031 0
0.07936507936494817 1.047619047619048 0
0.0793650793649559 1.063492063492063 0
0.07936507936496358 1.07936507936508 0
0.07936507936497129 1.095238095238095 0
0.07936507936497895 1.111111111111111 0
0.07936507936498667 1.126984126984127 0
0.07936507936499436 1.142857142857143 0
0.07936507936500205 1.158730158730158 0
0.07936507936500976 1.174603174603174 0
0.07936507936501744 1.19047619047619 0
0.07936507936502513 1.206349206349207 0
0.07936507936503283 1.222222222222222 0
0.07936507936504052 1.238095238095238 0
0.07936507936504823 1.253968253968254 0
0.07936507936505589 1.26984126984127 0
0.07936507936506358 1.285714285714286 0
0.0793650793650713 1.301587301587302 0
0.07936507936507899 1.317460317460317 0
0.0793650793650867 1.333333333333333 0
0.07936507936509436 1.349206349206349 0
0.07936507936510208 1.365079365079365 0
0.07936507936510977 1.380952380952381 0
0.07936507936511746 1.396825396825397 0
0.07936507936512517 1.412698412698412 0
0.07936507936513283 1.428571428571428 0
0.07936507936514052 1.444444444444444 0
0.07936507936514824 1.46031746031746 0
0.0793650793651559 1.476190476190476 0
0.07936507936516361 1.492063492063492 0
0.0793650793651713 1.507936507936508 0
0.07936507936517899 1.523809523809524 0
0.07936507936518671 1.53968253968254 0
0.07936507936519439 1.555555555555555 0
0.07936507936520208 1.571428571428571 0
0.07936507936520977 1.587301587301587 0
0.07936507936521749 1.603174603174603 0
0.07936507936522517 1.619047619047619 0
0.07936507936523286 1.634920634920635 0
0.07936507936524055 1.650793650793651 0
0.07936507936524824 1.666666666666667 0
0.07936507936525596 1.682539682539683 0
0.07936507936526364 1.698412698412698 0
0.0793650793652713 1.714285714285714 0
0.07936507936527902 1.73015873015873 0
0.07936507936528674 1.746031746031746 0
0.07936507936529442 1.761904761904762 0
0.07936507936530211 1.777777777777778 0
0.07936507936530982 1.793650793650793 0
0.0793650793653175 1.80952380952381 0
0.07936507936532521 1.825396825396825 0
0.07936507936533287 1.841269841269841 0
0.07936507936534058 1.857142857142857 0
0.07936507936534824 1.873015873015873 0
0.07936507936535596 1.888888888888889 0
0.07936507936536365 1.904761904761905 0
0.07936507936537134 1.92063492063492 0
0.07936507936537907 1.936507936507937 0
0.07936507936538674 1.952380952380952 0
0.07936507936539443 1.968253968253968 0
0.07936507936540212 1.984126984126984 0
0.09523809523792576 1.015873015873016 0
0.09523809523793492 1.031746031746031 0
0.09523809523794402 1.047619047619048 0
0.09523809523795318 1.063492063492063 0
0.09523809523796228 1.07936507936508 0
0.09523809523797142 1.095238095238095 0
0.09523809523798052 1.111111111111111 0
0.09523809523798971 1.126984126984127 0
0.09523809523799881 1.142857142857143 0
0.09523809523800791 1.158730158730159 0
0.09523809523801705 1.174603174603175 0
0.09523809523802618 1.19047619047619 0
0.09523809523803531 1.206349206349207 0
0.09523809523804444 1.222222222222222 0
0.09523809523805357 1.238095238095238 0
0.09523809523806268 1.253968253968254 0
0.09523809523807183 1.26984126984127 0
0.09523809523808097 1.285714285714286 0
0.0952380952380901 1.301587301587302 0
0.0952380952380992 1.317460317460317 0
0.09523809523810833 1.333333333333333 0
0.09523809523811747 1.349206349206349 0
0.09523809523812657 1.365079365079365 0
0.0952380952381357 1.380952380952381 0
0.09523809523814483 1.396825396825397 0
0.09523809523815396 1.412698412698413 0
0.0952380952381631 1.428571428571429 0
0.09523809523817223 1.444444444444444 0
0.09523809523818136 1.46031746031746 0
0.09523809523819049 1.476190476190476 0
0.09523809523819962 1.492063492063492 0
0.09523809523820873 1.507936507936508 0
0.09523809523821786 1.523809523809524 0
0.09523809523822699 1.539682539682539 0
0.09523809523823612 1.555555555555555 0
0.09523809523824525 1.571428571428571 0
0.09523809523825438 1.587301587301587 0
0.09523809523826351 1.603174603174603 0
0.09523809523827265 1.619047619047619 0
0.09523809523828178 1.634920634920635 0
0.09523809523829088 1.650793650793651 0
0.09523809523830001 1.666666666666666 0
0.09523809523830915 1.682539682539682 0
0.09523809523831828 1.698412698412698 0
0.09523809523832738 1.714285714285714 0
0.09523809523833654 1.73015873015873 0
0.09523809523834564 1.746031746031746 0
0.09523809523835478 1.761904761904762 0
0.09523809523836391 1.777777777777778 0
0.09523809523837304 1.793650793650793 0
0.09523809523838217 1.809523809523809 0
0.09523809523839127 1.825396825396825 0
0.09523809523840043 1.841269841269841 0
0.09523809523840954 1.857142857142857 0
0.09523809523841867 1.873015873015873 0
0.0952380952384278 1.888888888888889 0
0.09523809523843693 1.904761904761905 0
0.09523809523844606 1.92063492063492 0
0.09523809523845517 1.936507936507936 0
0.09523809523846433 1.952380952380952 0
0.09523809523847343 1.968253968253968 0
0.09523809523848256 1.984126984126984 0
0.1111111111109188 1.015873015873016 0
0.1111111111109293 1.031746031746032 0
0.1111111111109399 1.047619047619048 0
0.1111111111109505 1.063492063492063 0
0.111111111110961 1.07936507936508 0
0.1111111111109716 1.095238095238095 0
0.1111111111109821 1.111111111111111 0
0.1111111111109927 1.126984126984127 0
0.1111111111110033 1.142857142857143 0
0.1111111111110138 1.158730158730159 0
0.1111111111110244 1.174603174603175 0
0.111111111111035 1.19047619047619 0
0.1111111111110455 1.206349206349207 0
0.1111111111110561 1.222222222222222 0
0.1111111111110666 1.238095238095238 0
0.1111111111110772 1.253968253968254 0
0.1111111111110878 1.26984126984127 0
0.1111111111110983 1.285714285714286 0
0.1111111111111089 1.301587301587301 0
0.1111111111111195 1.317460317460318 0
0.11111111111113 1.333333333333334 0
0.1111111111111406 1.349206349206349 0
0.1111111111111511 1.365079365079365 0
0.1111111111111617 1.380952380952381 0
0.1111111111111723 1.396825396825397 0
0.1111111111111828 1.412698412698413 0
0.1111111111111934 1.428571428571429 0
0.1111111111112039 1.444444444444445 0
0.1111111111112145 1.460317460317461 0
0.111111111111225 1.476190476190476 0
0.1111111111112356 1.492063492063492 0
0.1111111111112462 1.507936507936508 0
0.1111111111112567 1.523809523809524 0
0.1111111111112673 1.53968253968254 0
0.1111111111112779 1.555555555555556 0
0.1111111111112884 1.571428571428571 0
0.111111111111299 1.587301587301587 0
0.1111111111113095 1.603174603174603 0
0.1111111111113201 1.619047619047619 0
0.1111111111113307 1.634920634920635 0
0.1111111111113412 1.650793650793651 0
0.1111111111113518 1.666666666666667 0
0.1111111111113623 1.682539682539683 0
0.1111111111113729 1.698412698412699 0
0.1111111111113835 1.714285714285715 0
0.111111111111394 1.73015873015873 0
0.1111111111114046 1.746031746031746 0
0.1111111111114152 1.761904761904762 0
0.1111111111114257 1.777777777777778 0
0.1111111111114363 1.793650793650793 0
0.1111111111114469 1.809523809523809 0
0.1111111111114574 1.825396825396825 0
0.111111111111468 1.841269841269841 0
0.1111111111114785 1.857142857142857 0
0.1111111111114891 1.873015873015873 0
0.1111111111114997 1.888888888888889 0
0.1111111111115102 1.904761904761905 0
0.1111111111115207 1.92063492063492 0
0.1111111111115313 1.936507936507937 0
0.1111111111115419 1.952380952380953 0
0.1111111111115524 1.968253968253969 0
0.111111111111563 1.984126984126984 0
0.126984126983907 1.015873015873016 0
0.1269841269839191 1.031746031746031 0
0.1269841269839312 1.047619047619048 0
0.1269841269839433 1.063492063492063 0
0.1269841269839554 1.07936507936508 0
0.1269841269839674 1.095238095238095 0
0.1269841269839795 1.111111111111111 0
0.1269841269839916 1.126984126984127 0
0.1269841269840036 1.142857142857143 0
0.1269841269840157 1.158730158730158 0
0.1269841269840278 1.174603174603175 0
0.1269841269840398 1.19047619047619 0
0.1269841269840519 1.206349206349207 0
0.126984126984064 1.222222222222222 0
0.1269841269840761 1.238095238095238 0
0.1269841269840881 1.253968253968254 0
0.1269841269841002 1.26984126984127 0
0.1269841269841123 1.285714285714286 0
0.1269841269841244 1.301587301587302 0
0.1269841269841365 1.317460317460317 0
0.1269841269841485 1.333333333333333 0
0.1269841269841606 1.349206349206349 0
0.1269841269841727 1.365079365079365 0
0.1269841269841847 1.380952380952381 0
0.1269841269841968 1.396825396825397 0
0.1269841269842089 1.412698412698413 0
0.126984126984221 1.428571428571429 0
0.126984126984233 1.444444444444444 0
0.1269841269842451 1.46031746031746 0
0.1269841269842572 1.476190476190476 0
0.1269841269842693 1.492063492063492 0
0.1269841269842813 1.507936507936508 0
0.1269841269842934 1.523809523809524 0
0.1269841269843054 1.53968253968254 0
0.1269841269843175 1.555555555555556 0
0.1269841269843296 1.571428571428571 0
0.1269841269843417 1.587301587301588 0
0.1269841269843537 1.603174603174603 0
0.1269841269843658 1.619047619047619 0
0.1269841269843779 1.634920634920635 0
0.12698412698439 1.650793650793651 0
0.126984126984402 1.666666666666667 0
0.1269841269844141 1.682539682539682 0
0.1269841269844262 1.698412698412698 0
0.1269841269844383 1.714285714285714 0
0.1269841269844503 1.73015873015873 0
0.1269841269844624 1.746031746031746 0
0.1269841269844745 1.761904761904762 0
0.1269841269844865 1.777777777777778 0
0.1269841269844986 1.793650793650793 0
0.1269841269845107 1.80952380952381 0
0.1269841269845228 1.825396825396825 0
0.1269841269845348 1.841269841269841 0
0.1269841269845469 1.857142857142857 0
0.126984126984559 1.873015873015873 0
0.1269841269845711 1.888888888888889 0
0.1269841269845831 1.904761904761905 0
0.1269841269845952 1.92063492063492 0
0.1269841269846073 1.936507936507937 0
0.1269841269846194 1.952380952380953 0
0.1269841269846314 1.968253968253968 0
0.1269841269846435 1.984126984126984 0
0.1428571428568804 1.015873015873016 0
0.1428571428568942 1.031746031746031 0
0.142857142856908 1.047619047619048 0
0.1428571428569219 1.063492063492063 0
0.1428571428569357 1.07936507936508 0
0.1428571428569495 1.095238095238095 0
0.1428571428569634 1.111111111111111 0
0.1428571428569772 1.126984126984127 0
0.142857142856991 1.142857142857143 0
0.1428571428570048 1.158730158730159 0
0.1428571428570186 1.174603174603175 0
0.1428571428570325 1.19047619047619 0
0.1428571428570463 1.206349206349207 0
0.1428571428570601 1.222222222222222 0
0.1428571428570739 1.238095238095238 0
0.1428571428570878 1.253968253968254 0
0.1428571428571016 1.26984126984127 0
0.1428571428571154 1.285714285714286 0
0.1428571428571292 1.301587301587302 0
0.1428571428571431 1.317460317460317 0
0.1428571428571569 1.333333333333333 0
0.1428571428571707 1.349206349206349 0
0.1428571428571846 1.365079365079365 0
0.1428571428571984 1.380952380952381 0
0.1428571428572122 1.396825396825397 0
0.142857142857226 1.412698412698413 0
0.1428571428572399 1.428571428571428 0
0.1428571428572537 1.444444444444444 0
0.1428571428572675 1.46031746031746 0
0.1428571428572813 1.476190476190476 0
0.1428571428572951 1.492063492063492 0
0.142857142857309 1.507936507936508 0
0.1428571428573228 1.523809523809524 0
0.1428571428573366 1.53968253968254 0
0.1428571428573504 1.555555555555556 0
0.1428571428573643 1.571428571428572 0
0.1428571428573781 1.587301587301587 0
0.1428571428573919 1.603174603174603 0
0.1428571428574057 1.619047619047619 0
0.1428571428574195 1.634920634920635 0
0.1428571428574334 1.650793650793651 0
0.1428571428574472 1.666666666666667 0
0.142857142857461 1.682539682539683 0
0.1428571428574749 1.698412698412698 0
0.1428571428574887 1.714285714285715 0
0.1428571428575025 1.73015873015873 0
0.1428571428575164 1.746031746031746 0
0.1428571428575302 1.761904761904762 0
0.142857142857544 1.777777777777778 0
0.1428571428575578 1.793650793650793 0
0.1428571428575716 1.809523809523809 0
0.1428571428575855 1.825396825396825 0
0.1428571428575993 1.841269841269842 0
0.1428571428576131 1.857142857142857 0
0.1428571428576269 1.873015873015873 0
0.1428571428576408 1.888888888888889 0
0.1428571428576546 1.904761904761905 0
0.1428571428576684 1.92063492063492 0
0.1428571428576823 1.936507936507937 0
0.142857142857696 1.952380952380952 0
0.1428571428577099 1.968253968253968 0
0.1428571428577237 1.984126984126984 0
0.1587301587298517 1.015873015873016 0
0.1587301587298674 1.031746031746031 0
0.1587301587298829 1.047619047619048 0
0.1587301587298986 1.063492063492063 0
0.1587301587299142 1.07936507936508 0
0.1587301587299297 1.095238095238095 0
0.1587301587299454 1.111111111111111 0
0.158730158729961 1.126984126984127 0
0.1587301587299766 1.142857142857143 0
0.1587301587299922 1.158730158730159 0
0.1587301587300078 1.174603174603175 0
0.1587301587300234 1.19047619047619 0
0.158730158730039 1.206349206349207 0
0.1587301587300546 1.222222222222222 0
0.1587301587300702 1.238095238095238 0
0.1587301587300858 1.253968253968254 0
0.1587301587301015 1.26984126984127 0
0.1587301587301171 1.285714285714286 0
0.1587301587301327 1.301587301587302 0
0.1587301587301483 1.317460317460318 0
0.1587301587301639 1.333333333333333 0
0.1587301587301795 1.349206349206349 0
0.1587301587301951 1.365079365079365 0
0.1587301587302107 1.380952380952381 0
0.1587301587302264 1.396825396825397 0
0.1587301587302419 1.412698412698413 0
0.1587301587302576 1.428571428571429 0
0.1587301587302732 1.444444444444444 0
0.1587301587302888 1.460317460317461 0
0.1587301587303044 1.476190476190476 0
0.15873015873032 1.492063492063492 0
0.1587301587303356 1.507936507936508 0
0.1587301587303512 1.523809523809524 0
0.1587301587303668 1.53968253968254 0
0.1587301587303824 1.555555555555555 0
0.158730158730398 1.571428571428571 0
0.1587301587304136 1.587301587301588 0
0.1587301587304292 1.603174603174603 0
0.1587301587304449 1.619047619047619 0
0.1587301587304605 1.634920634920635 0
0.1587301587304761 1.650793650793651 0
0.1587301587304916 1.666666666666667 0
0.1587301587305072 1.682539682539683 0
0.1587301587305228 1.698412698412698 0
0.1587301587305385 1.714285714285714 0
0.1587301587305541 1.73015873015873 0
0.1587301587305697 1.746031746031746 0
0.1587301587305853 1.761904761904762 0
0.1587301587306009 1.777777777777778 0
0.1587301587306165 1.793650793650793 0
0.1587301587306321 1.809523809523809 0
0.1587301587306477 1.825396825396825 0
0.1587301587306633 1.841269841269841 0
0.1587301587306789 1.857142857142857 0
0.1587301587306945 1.873015873015873 0
0.1587301587307102 1.888888888888889 0
0.1587301587307257 1.904761904761905 0
0.1587301587307414 1.92063492063492 0
0.1587301587307569 1.936507936507937 0
0.1587301587307726 1.952380952380952 0
0.1587301587307882 1.968253968253968 0
0.1587301587308038 1.984126984126984 0
0.174603174602823 1.015873015873016 0
0.1746031746028404 1.031746031746032 0
0.1746031746028578 1.047619047619048 0
0.1746031746028752 1.063492063492063 0
0.1746031746028926 1.07936507936508 0
0.17460317460291 1.095238095238095 0
0.1746031746029274 1.111111111111111 0
0.1746031746029448 1.126984126984127 0
0.1746031746029622 1.142857142857143 0
0.1746031746029796 1.158730158730159 0
0.1746031746029969 1.174603174603175 0
0.1746031746030143 1.19047619047619 0
0.1746031746030317 1.206349206349207 0
0.1746031746030491 1.222222222222222 0
0.1746031746030665 1.238095238095238 0
0.1746031746030839 1.253968253968254 0
0.1746031746031013 1.26984126984127 0
0.1746031746031187 1.285714285714286 0
0.174603174603136 1.301587301587302 0
0.1746031746031535 1.317460317460318 0
0.1746031746031708 1.333333333333333 0
0.1746031746031882 1.349206349206349 0
0.1746031746032057 1.365079365079365 0
0.174603174603223 1.380952380952381 0
0.1746031746032404 1.396825396825397 0
0.1746031746032578 1.412698412698413 0
0.1746031746032752 1.428571428571429 0
0.1746031746032926 1.444444444444444 0
0.17460317460331 1.46031746031746 0
0.1746031746033274 1.476190476190476 0
0.1746031746033448 1.492063492063492 0
0.1746031746033622 1.507936507936508 0
0.1746031746033796 1.523809523809524 0
0.1746031746033969 1.53968253968254 0
0.1746031746034144 1.555555555555556 0
0.1746031746034317 1.571428571428571 0
0.1746031746034491 1.587301587301587 0
0.1746031746034665 1.603174603174603 0
0.1746031746034839 1.619047619047619 0
0.1746031746035013 1.634920634920635 0
0.1746031746035187 1.650793650793651 0
0.1746031746035361 1.666666666666667 0
0.1746031746035535 1.682539682539683 0
0.1746031746035709 1.698412698412698 0
0.1746031746035882 1.714285714285714 0
0.1746031746036057 1.73015873015873 0
0.174603174603623 1.746031746031746 0
0.1746031746036404 1.761904761904762 0
0.1746031746036578 1.777777777777778 0
0.1746031746036752 1.793650793650793 0
0.1746031746036926 1.809523809523809 0
0.17460317460371 1.825396825396825 0
0.1746031746037273 1.841269841269841 0
0.1746031746037448 1.857142857142857 0
0.1746031746037622 1.873015873015873 0
0.1746031746037795 1.888888888888889 0
0.174603174603797 1.904761904761905 0
0.1746031746038143 1.92063492063492 0
0.1746031746038317 1.936507936507937 0
0.1746031746038491 1.952380952380953 0
0.1746031746038665 1.968253968253968 0
0.1746031746038839 1.984126984126984 0
0.1904761904757943 1.015873015873016 0
0.1904761904758135 1.031746031746032 0
0.1904761904758328 1.047619047619048 0
0.1904761904758519 1.063492063492063 0
0.1904761904758711 1.07936507936508 0
0.1904761904758903 1.095238095238095 0
0.1904761904759094 1.111111111111111 0
0.1904761904759287 1.126984126984127 0
0.1904761904759478 1.142857142857143 0
0.190476190475967 1.158730158730158 0
0.1904761904759861 1.174603174603175 0
0.1904761904760053 1.19047619047619 0
0.1904761904760245 1.206349206349207 0
0.1904761904760437 1.222222222222222 0
0.1904761904760628 1.238095238095238 0
0.1904761904760821 1.253968253968254 0
0.1904761904761012 1.26984126984127 0
0.1904761904761204 1.285714285714286 0
0.1904761904761396 1.301587301587302 0
0.1904761904761588 1.317460317460317 0
0.1904761904761779 1.333333333333333 0
0.1904761904761971 1.349206349206349 0
0.1904761904762162 1.365079365079365 0
0.1904761904762354 1.380952380952381 0
0.1904761904762546 1.396825396825397 0
0.1904761904762738 1.412698412698412 0
0.190476190476293 1.428571428571428 0
0.1904761904763121 1.444444444444444 0
0.1904761904763314 1.46031746031746 0
0.1904761904763506 1.476190476190476 0
0.1904761904763697 1.492063492063492 0
0.1904761904763889 1.507936507936508 0
0.1904761904764081 1.523809523809524 0
0.1904761904764272 1.53968253968254 0
0.1904761904764464 1.555555555555556 0
0.1904761904764656 1.571428571428571 0
0.1904761904764848 1.587301587301588 0
0.1904761904765039 1.603174603174603 0
0.1904761904765231 1.619047619047619 0
0.1904761904765423 1.634920634920635 0
0.1904761904765615 1.650793650793651 0
0.1904761904765806 1.666666666666667 0
0.1904761904765998 1.682539682539683 0
0.190476190476619 1.698412698412698 0
0.1904761904766382 1.714285714285715 0
0.1904761904766573 1.73015873015873 0
0.1904761904766765 1.746031746031746 0
0.1904761904766957 1.761904761904762 0
0.1904761904767149 1.777777777777778 0
0.1904761904767341 1.793650793650793 0
0.1904761904767532 1.80952380952381 0
0.1904761904767724 1.825396825396825 0
0.1904761904767916 1.841269841269841 0
0.1904761904768107 1.857142857142857 0
0.19047619047683 1.873015873015873 0
0.1904761904768492 1.888888888888889 0
0.1904761904768683 1.904761904761905 0
0.1904761904768875 1.92063492063492 0
0.1904761904769067 1.936507936507937 0
0.1904761904769259 1.952380952380952 0
0.190476190476945 1.968253968253968 0
0.1904761904769642 1.984126984126984 0
0.2063492063487657 1.015873015873016 0
0.2063492063487867 1.031746031746032 0
0.2063492063488077 1.047619047619048 0
0.2063492063488286 1.063492063492063 0
0.2063492063488496 1.07936507936508 0
0.2063492063488705 1.095238095238095 0
0.2063492063488914 1.111111111111111 0
0.2063492063489124 1.126984126984127 0
0.2063492063489334 1.142857142857143 0
0.2063492063489544 1.158730158730158 0
0.2063492063489753 1.174603174603175 0
0.2063492063489962 1.19047619047619 0
0.2063492063490172 1.206349206349207 0
0.2063492063490382 1.222222222222222 0
0.2063492063490592 1.238095238095238 0
0.2063492063490801 1.253968253968254 0
0.2063492063491011 1.26984126984127 0
0.206349206349122 1.285714285714286 0
0.206349206349143 1.301587301587302 0
0.2063492063491639 1.317460317460317 0
0.2063492063491849 1.333333333333333 0
0.2063492063492058 1.349206349206349 0
0.2063492063492268 1.365079365079365 0
0.2063492063492478 1.380952380952381 0
0.2063492063492687 1.396825396825397 0
0.2063492063492897 1.412698412698413 0
0.2063492063493106 1.428571428571429 0
0.2063492063493316 1.444444444444445 0
0.2063492063493526 1.46031746031746 0
0.2063492063493735 1.476190476190476 0
0.2063492063493945 1.492063492063492 0
0.2063492063494155 1.507936507936508 0
0.2063492063494364 1.523809523809524 0
0.2063492063494574 1.53968253968254 0
0.2063492063494783 1.555555555555555 0
0.2063492063494993 1.571428571428571 0
0.2063492063495203 1.587301587301587 0
0.2063492063495412 1.603174603174603 0
0.2063492063495622 1.619047619047619 0
0.2063492063495832 1.634920634920635 0
0.2063492063496041 1.650793650793651 0
0.2063492063496251 1.666666666666667 0
0.206349206349646 1.682539682539683 0
0.206349206349667 1.698412698412699 0
0.206349206349688 1.714285714285714 0
0.206349206349709 1.73015873015873 0
0.2063492063497299 1.746031746031746 0
0.2063492063497508 1.761904761904762 0
0.2063492063497718 1.777777777777778 0
0.2063492063497928 1.793650793650793 0
0.2063492063498137 1.80952380952381 0
0.2063492063498347 1.825396825396825 0
0.2063492063498557 1.841269841269842 0
0.2063492063498766 1.857142857142857 0
0.2063492063498976 1.873015873015873 0
0.2063492063499185 1.888888888888889 0
0.2063492063499395 1.904761904761905 0
0.2063492063499605 1.92063492063492 0
0.2063492063499814 1.936507936507937 0
0.2063492063500024 1.952380952380952 0
0.2063492063500233 1.968253968253968 0
0.2063492063500443 1.984126984126984 0
0.222222222221737 1.015873015873016 0
0.2222222222217597 1.031746031746031 0
0.2222222222217825 1.047619047619048 0
0.2222222222218052 1.063492063492063 0
0.222222222221828 1.07936507936508 0
0.2222222222218507 1.095238095238095 0
0.2222222222218735 1.111111111111111 0
0.2222222222218962 1.126984126984127 0
0.222222222221919 1.142857142857143 0
0.2222222222219417 1.158730158730159 0
0.2222222222219644 1.174603174603175 0
0.2222222222219872 1.19047619047619 0
0.2222222222220099 1.206349206349207 0
0.2222222222220326 1.222222222222222 0
0.2222222222220554 1.238095238095238 0
0.2222222222220782 1.253968253968254 0
0.2222222222221009 1.26984126984127 0
0.2222222222221236 1.285714285714285 0
0.2222222222221464 1.301587301587302 0
0.2222222222221691 1.317460317460317 0
0.2222222222221919 1.333333333333333 0
0.2222222222222146 1.349206349206349 0
0.2222222222222374 1.365079365079365 0
0.2222222222222601 1.380952380952381 0
0.2222222222222828 1.396825396825397 0
0.2222222222223056 1.412698412698413 0
0.2222222222223283 1.428571428571429 0
0.2222222222223511 1.444444444444444 0
0.2222222222223739 1.46031746031746 0
0.2222222222223965 1.476190476190476 0
0.2222222222224193 1.492063492063492 0
0.2222222222224421 1.507936507936508 0
0.2222222222224648 1.523809523809524 0
0.2222222222224876 1.53968253968254 0
0.2222222222225103 1.555555555555556 0
0.222222222222533 1.571428571428571 0
0.2222222222225558 1.587301587301587 0
0.2222222222225785 1.603174603174603 0
0.2222222222226012 1.619047619047619 0
0.2222222222226241 1.634920634920635 0
0.2222222222226468 1.650793650793651 0
0.2222222222226695 1.666666666666667 0
0.2222222222226923 1.682539682539683 0
0.222222222222715 1.698412698412699 0
0.2222222222227378 1.714285714285714 0
0.2222222222227604 1.73015873015873 0
0.2222222222227832 1.746031746031746 0
0.222222222222806 1.761904761904762 0
0.2222222222228287 1.777777777777778 0
0.2222222222228515 1.793650793650793 0
0.2222222222228742 1.80952380952381 0
0.2222222222228969 1.825396825396825 0
0.2222222222229198 1.841269841269841 0
0.2222222222229424 1.857142857142857 0
0.2222222222229652 1.873015873015873 0
0.2222222222229879 1.888888888888889 0
0.2222222222230107 1.904761904761905 0
0.2222222222230334 1.92063492063492 0
0.2222222222230562 1.936507936507937 0
0.2222222222230789 1.952380952380952 0
0.2222222222231016 1.968253968253968 0
0.2222222222231244 1.984126984126984 0
0.2380952380947083 1.015873015873016 0
0.2380952380947329 1.031746031746031 0
0.2380952380947574 1.047619047619048 0
0.2380952380947819 1.063492063492063 0
0.2380952380948064 1.07936507936508 0
0.238095238094831 1.095238095238095 0
0.2380952380948555 1.111111111111111 0
0.23809523809488 1.126984126984127 0
0.2380952380949046 1.142857142857143 0
0.2380952380949291 1.158730158730158 0
0.2380952380949536 1.174603174603175 0
0.2380952380949781 1.19047619047619 0
0.2380952380950027 1.206349206349207 0
0.2380952380950273 1.222222222222222 0
0.2380952380950517 1.238095238095238 0
0.2380952380950762 1.253968253968254 0
0.2380952380951007 1.26984126984127 0
0.2380952380951253 1.285714285714285 0
0.2380952380951499 1.301587301587301 0
0.2380952380951744 1.317460317460317 0
0.2380952380951989 1.333333333333333 0
0.2380952380952234 1.349206349206349 0
0.238095238095248 1.365079365079365 0
0.2380952380952725 1.380952380952381 0
0.238095238095297 1.396825396825397 0
0.2380952380953216 1.412698412698412 0
0.2380952380953461 1.428571428571429 0
0.2380952380953706 1.444444444444444 0
0.2380952380953951 1.46031746031746 0
0.2380952380954197 1.476190476190476 0
0.2380952380954442 1.492063492063492 0
0.2380952380954687 1.507936507936508 0
0.2380952380954933 1.523809523809524 0
0.2380952380955177 1.539682539682539 0
0.2380952380955423 1.555555555555556 0
0.2380952380955668 1.571428571428571 0
0.2380952380955914 1.587301587301587 0
0.2380952380956159 1.603174603174603 0
0.2380952380956404 1.619047619047619 0
0.238095238095665 1.634920634920635 0
0.2380952380956895 1.650793650793651 0
0.238095238095714 1.666666666666666 0
0.2380952380957386 1.682539682539682 0
0.2380952380957631 1.698412698412698 0
0.2380952380957876 1.714285714285714 0
0.2380952380958122 1.73015873015873 0
0.2380952380958366 1.746031746031746 0
0.2380952380958612 1.761904761904762 0
0.2380952380958857 1.777777777777778 0
0.2380952380959103 1.793650793650794 0
0.2380952380959348 1.80952380952381 0
0.2380952380959593 1.825396825396825 0
0.2380952380959839 1.841269841269841 0
0.2380952380960084 1.857142857142857 0
0.2380952380960329 1.873015873015873 0
0.2380952380960574 1.888888888888889 0
0.238095238096082 1.904761904761905 0
0.2380952380961065 1.920634920634921 0
0.238095238096131 1.936507936507937 0
0.2380952380961555 1.952380952380952 0
0.2380952380961801 1.968253968253968 0
0.2380952380962046 1.984126984126984 0
0.2539682539676796 1.015873015873016 0
0.2539682539677059 1.031746031746031 0
0.2539682539677323 1.047619047619048 0
0.2539682539677586 1.063492063492063 0
0.2539682539677849 1.07936507936508 0
0.2539682539678112 1.095238095238095 0
0.2539682539678375 1.111111111111111 0
0.2539682539678638 1.126984126984127 0
0.2539682539678901 1.142857142857143 0
0.2539682539679164 1.158730158730159 0
0.2539682539679428 1.174603174603175 0
0.2539682539679691 1.19047619047619 0
0.2539682539679954 1.206349206349207 0
0.2539682539680217 1.222222222222222 0
0.253968253968048 1.238095238095238 0
0.2539682539680743 1.253968253968254 0
0.2539682539681006 1.26984126984127 0
0.2539682539681269 1.285714285714286 0
0.2539682539681534 1.301587301587302 0
0.2539682539681797 1.317460317460317 0
0.2539682539682059 1.333333333333333 0
0.2539682539682322 1.349206349206349 0
0.2539682539682586 1.365079365079365 0
0.2539682539682848 1.380952380952381 0
0.2539682539683112 1.396825396825397 0
0.2539682539683374 1.412698412698413 0
0.2539682539683639 1.428571428571429 0
0.2539682539683901 1.444444444444444 0
0.2539682539684164 1.46031746031746 0
0.2539682539684428 1.476190476190476 0
0.253968253968469 1.492063492063492 0
0.2539682539684953 1.507936507936508 0
0.2539682539685216 1.523809523809524 0
0.2539682539685481 1.53968253968254 0
0.2539682539685744 1.555555555555556 0
0.2539682539686007 1.571428571428571 0
0.253968253968627 1.587301587301588 0
0.2539682539686532 1.603174603174603 0
0.2539682539686796 1.619047619047619 0
0.2539682539687058 1.634920634920635 0
0.2539682539687322 1.650793650793651 0
0.2539682539687586 1.666666666666667 0
0.2539682539687849 1.682539682539682 0
0.2539682539688111 1.698412698412698 0
0.2539682539688375 1.714285714285714 0
0.2539682539688638 1.73015873015873 0
0.2539682539688901 1.746031746031746 0
0.2539682539689163 1.761904761904762 0
0.2539682539689427 1.777777777777778 0
0.253968253968969 1.793650793650793 0
0.2539682539689954 1.80952380952381 0
0.2539682539690217 1.825396825396825 0
0.253968253969048 1.841269841269841 0
0.2539682539690743 1.857142857142857 0
0.2539682539691006 1.873015873015873 0
0.2539682539691269 1.888888888888889 0
0.2539682539691532 1.904761904761905 0
0.2539682539691795 1.92063492063492 0
0.2539682539692059 1.936507936507937 0
0.2539682539692322 1.952380952380953 0
0.2539682539692585 1.968253968253968 0
0.2539682539692848 1.984126984126984 0
0.269841269840651 1.015873015873016 0
0.269841269840679 1.031746031746031 0
0.2698412698407072 1.047619047619048 0
0.2698412698407352 1.063492063492063 0
0.2698412698407633 1.07936507936508 0
0.2698412698407915 1.095238095238095 0
0.2698412698408196 1.111111111111111 0
0.2698412698408476 1.126984126984127 0
0.2698412698408758 1.142857142857143 0
0.2698412698409038 1.158730158730158 0
0.2698412698409319 1.174603174603175 0
0.26984126984096 1.19047619047619 0
0.2698412698409881 1.206349206349207 0
0.2698412698410162 1.222222222222222 0
0.2698412698410443 1.238095238095238 0
0.2698412698410724 1.253968253968254 0
0.2698412698411005 1.26984126984127 0
0.2698412698411286 1.285714285714285 0
0.2698412698411566 1.301587301587302 0
0.2698412698411848 1.317460317460317 0
0.2698412698412129 1.333333333333333 0
0.269841269841241 1.349206349206349 0
0.2698412698412691 1.365079365079365 0
0.2698412698412972 1.380952380952381 0
0.2698412698413253 1.396825396825397 0
0.2698412698413534 1.412698412698413 0
0.2698412698413816 1.428571428571429 0
0.2698412698414095 1.444444444444444 0
0.2698412698414376 1.46031746031746 0
0.2698412698414657 1.476190476190476 0
0.2698412698414939 1.492063492063492 0
0.2698412698415219 1.507936507936508 0
0.2698412698415501 1.523809523809524 0
0.2698412698415782 1.53968253968254 0
0.2698412698416063 1.555555555555556 0
0.2698412698416344 1.571428571428571 0
0.2698412698416625 1.587301587301587 0
0.2698412698416905 1.603174603174603 0
0.2698412698417186 1.619047619047619 0
0.2698412698417467 1.634920634920635 0
0.2698412698417748 1.650793650793651 0
0.2698412698418029 1.666666666666667 0
0.269841269841831 1.682539682539683 0
0.2698412698418591 1.698412698412698 0
0.2698412698418873 1.714285714285714 0
0.2698412698419154 1.73015873015873 0
0.2698412698419435 1.746031746031746 0
0.2698412698419715 1.761904761904762 0
0.2698412698419996 1.777777777777778 0
0.2698412698420277 1.793650793650793 0
0.2698412698420558 1.80952380952381 0
0.2698412698420839 1.825396825396825 0
0.269841269842112 1.841269841269841 0
0.2698412698421401 1.857142857142857 0
0.2698412698421682 1.873015873015873 0
0.2698412698421963 1.888888888888889 0
0.2698412698422245 1.904761904761905 0
0.2698412698422524 1.92063492063492 0
0.2698412698422806 1.936507936507937 0
0.2698412698423087 1.952380952380952 0
0.2698412698423368 1.968253968253968 0
0.2698412698423649 1.984126984126984 0
0.2857142857136223 1.015873015873016 0
0.2857142857136521 1.031746031746031 0
0.285714285713682 1.047619047619048 0
0.2857142857137119 1.063492063492063 0
0.2857142857137419 1.07936507936508 0
0.2857142857137717 1.095238095238095 0
0.2857142857138016 1.111111111111111 0
0.2857142857138315 1.126984126984127 0
0.2857142857138614 1.142857142857143 0
0.2857142857138912 1.158730158730158 0
0.285714285713921 1.174603174603175 0
0.285714285713951 1.19047619047619 0
0.2857142857139809 1.206349206349207 0
0.2857142857140106 1.222222222222222 0
0.2857142857140406 1.238095238095238 0
0.2857142857140705 1.253968253968254 0
0.2857142857141003 1.26984126984127 0
0.2857142857141302 1.285714285714285 0
0.2857142857141602 1.301587301587302 0
0.2857142857141901 1.317460317460317 0
0.2857142857142199 1.333333333333333 0
0.2857142857142498 1.349206349206349 0
0.2857142857142796 1.365079365079365 0
0.2857142857143095 1.380952380952381 0
0.2857142857143394 1.396825396825397 0
0.2857142857143694 1.412698412698413 0
0.2857142857143992 1.428571428571429 0
0.2857142857144291 1.444444444444444 0
0.2857142857144589 1.46031746031746 0
0.2857142857144888 1.476190476190476 0
0.2857142857145187 1.492063492063492 0
0.2857142857145487 1.507936507936508 0
0.2857142857145785 1.523809523809524 0
0.2857142857146084 1.539682539682539 0
0.2857142857146381 1.555555555555555 0
0.2857142857146681 1.571428571428571 0
0.285714285714698 1.587301587301587 0
0.2857142857147278 1.603174603174603 0
0.2857142857147577 1.619047619047619 0
0.2857142857147876 1.634920634920635 0
0.2857142857148176 1.650793650793651 0
0.2857142857148473 1.666666666666667 0
0.2857142857148773 1.682539682539682 0
0.2857142857149071 1.698412698412698 0
0.285714285714937 1.714285714285714 0
0.2857142857149669 1.73015873015873 0
0.2857142857149967 1.746031746031746 0
0.2857142857150266 1.761904761904762 0
0.2857142857150565 1.777777777777778 0
0.2857142857150864 1.793650793650794 0
0.2857142857151163 1.809523809523809 0
0.2857142857151462 1.825396825396825 0
0.285714285715176 1.841269841269841 0
0.2857142857152059 1.857142857142857 0
0.2857142857152359 1.873015873015873 0
0.2857142857152657 1.888888888888889 0
0.2857142857152956 1.904761904761904 0
0.2857142857153255 1.920634920634921 0
0.2857142857153553 1.936507936507936 0
0.2857142857153852 1.952380952380952 0
0.2857142857154151 1.968253968253968 0
0.285714285715445 1.984126984126984 0
0.3015873015865936 1.015873015873016 0
0.3015873015866253 1.031746031746031 0
0.301587301586657 1.047619047619048 0
0.3015873015866886 1.063492063492063 0
0.3015873015867203 1.07936507936508 0
0.3015873015867519 1.095238095238095 0
0.3015873015867835 1.111111111111111 0
0.3015873015868153 1.126984126984127 0
0.3015873015868469 1.142857142857143 0
0.3015873015868786 1.158730158730158 0
0.3015873015869102 1.174603174603175 0
0.301587301586942 1.19047619047619 0
0.3015873015869736 1.206349206349207 0
0.3015873015870053 1.222222222222222 0
0.301587301587037 1.238095238095238 0
0.3015873015870685 1.253968253968254 0
0.3015873015871003 1.26984126984127 0
0.3015873015871319 1.285714285714285 0
0.3015873015871636 1.301587301587302 0
0.3015873015871953 1.317460317460317 0
0.301587301587227 1.333333333333333 0
0.3015873015872586 1.349206349206349 0
0.3015873015872902 1.365079365079365 0
0.301587301587322 1.380952380952381 0
0.3015873015873536 1.396825396825397 0
0.3015873015873853 1.412698412698412 0
0.3015873015874169 1.428571428571429 0
0.3015873015874486 1.444444444444444 0
0.3015873015874803 1.46031746031746 0
0.301587301587512 1.476190476190476 0
0.3015873015875436 1.492063492063492 0
0.3015873015875752 1.507936507936508 0
0.3015873015876069 1.523809523809524 0
0.3015873015876386 1.53968253968254 0
0.3015873015876703 1.555555555555556 0
0.3015873015877019 1.571428571428571 0
0.3015873015877337 1.587301587301587 0
0.3015873015877653 1.603174603174603 0
0.301587301587797 1.619047619047619 0
0.3015873015878286 1.634920634920635 0
0.3015873015878602 1.650793650793651 0
0.301587301587892 1.666666666666666 0
0.3015873015879236 1.682539682539682 0
0.3015873015879553 1.698412698412698 0
0.301587301587987 1.714285714285714 0
0.3015873015880187 1.73015873015873 0
0.3015873015880503 1.746031746031746 0
0.3015873015880819 1.761904761904762 0
0.3015873015881136 1.777777777777778 0
0.3015873015881453 1.793650793650793 0
0.301587301588177 1.809523809523809 0
0.3015873015882086 1.825396825396825 0
0.3015873015882403 1.841269841269841 0
0.3015873015882719 1.857142857142857 0
0.3015873015883037 1.873015873015873 0
0.3015873015883352 1.888888888888889 0
0.3015873015883669 1.904761904761904 0
0.3015873015883986 1.92063492063492 0
0.3015873015884302 1.936507936507936 0
0.301587301588462 1.952380952380952 0
0.3015873015884936 1.968253968253968 0
0.3015873015885253 1.984126984126984 0
0.317460317459565 1.015873015873016 0
0.3174603174595984 1.031746031746032 0
0.3174603174596318 1.047619047619048 0
0.3174603174596652 1.063492063492063 0
0.3174603174596988 1.07936507936508 0
0.3174603174597322 1.095238095238095 0
0.3174603174597657 1.111111111111111 0
0.3174603174597991 1.126984126984127 0
0.3174603174598326 1.142857142857143 0
0.317460317459866 1.158730158730159 0
0.3174603174598994 1.174603174603175 0
0.3174603174599329 1.19047619047619 0
0.3174603174599664 1.206349206349207 0
0.3174603174599998 1.222222222222223 0
0.3174603174600332 1.238095238095238 0
0.3174603174600668 1.253968253968254 0
0.3174603174601001 1.26984126984127 0
0.3174603174601336 1.285714285714286 0
0.3174603174601671 1.301587301587301 0
0.3174603174602005 1.317460317460317 0
0.317460317460234 1.333333333333334 0
0.3174603174602674 1.349206349206349 0
0.3174603174603008 1.365079365079365 0
0.3174603174603343 1.380952380952381 0
0.3174603174603677 1.396825396825397 0
0.3174603174604012 1.412698412698413 0
0.3174603174604347 1.428571428571429 0
0.3174603174604682 1.444444444444444 0
0.3174603174605016 1.460317460317461 0
0.317460317460535 1.476190476190476 0
0.3174603174605684 1.492063492063492 0
0.3174603174606019 1.507936507936508 0
0.3174603174606354 1.523809523809524 0
0.3174603174606688 1.53968253968254 0
0.3174603174607022 1.555555555555556 0
0.3174603174607356 1.571428571428571 0
0.3174603174607691 1.587301587301587 0
0.3174603174608027 1.603174603174603 0
0.3174603174608361 1.619047619047619 0
0.3174603174608695 1.634920634920635 0
0.3174603174609029 1.650793650793651 0
0.3174603174609363 1.666666666666667 0
0.3174603174609699 1.682539682539682 0
0.3174603174610033 1.698412698412698 0
0.3174603174610367 1.714285714285715 0
0.3174603174610702 1.73015873015873 0
0.3174603174611036 1.746031746031746 0
0.3174603174611371 1.761904761904762 0
0.3174603174611705 1.777777777777778 0
0.3174603174612041 1.793650793650793 0
0.3174603174612374 1.809523809523809 0
0.317460317461271 1.825396825396825 0
0.3174603174613043 1.841269841269842 0
0.3174603174613378 1.857142857142857 0
0.3174603174613712 1.873015873015873 0
0.3174603174614046 1.888888888888889 0
0.3174603174614382 1.904761904761905 0
0.3174603174614716 1.92063492063492 0
0.317460317461505 1.936507936507936 0
0.3174603174615385 1.952380952380953 0
0.3174603174615719 1.968253968253969 0
0.3174603174616054 1.984126984126984 0
0.3333333333325363 1.015873015873016 0
0.3333333333325716 1.031746031746031 0
0.3333333333326068 1.047619047619048 0
0.3333333333326419 1.063492063492063 0
0.3333333333326772 1.07936507936508 0
0.3333333333327124 1.095238095238095 0
0.3333333333327477 1.111111111111111 0
0.3333333333327829 1.126984126984127 0
0.3333333333328181 1.142857142857143 0
0.3333333333328535 1.158730158730158 0
0.3333333333328887 1.174603174603175 0
0.3333333333329238 1.19047619047619 0
0.3333333333329591 1.206349206349207 0
0.3333333333329943 1.222222222222222 0
0.3333333333330296 1.238095238095238 0
0.3333333333330648 1.253968253968254 0
0.3333333333330999 1.26984126984127 0
0.3333333333331353 1.285714285714285 0
0.3333333333331704 1.301587301587302 0
0.3333333333332056 1.317460317460317 0
0.3333333333332409 1.333333333333333 0
0.3333333333332761 1.349206349206349 0
0.3333333333333114 1.365079365079365 0
0.3333333333333465 1.380952380952381 0
0.3333333333333818 1.396825396825397 0
0.333333333333417 1.412698412698413 0
0.3333333333334523 1.428571428571429 0
0.3333333333334875 1.444444444444444 0
0.3333333333335228 1.46031746031746 0
0.333333333333558 1.476190476190476 0
0.3333333333335933 1.492063492063492 0
0.3333333333336284 1.507936507936508 0
0.3333333333336637 1.523809523809524 0
0.3333333333336989 1.539682539682539 0
0.3333333333337342 1.555555555555555 0
0.3333333333337694 1.571428571428571 0
0.3333333333338047 1.587301587301587 0
0.3333333333338399 1.603174603174603 0
0.3333333333338752 1.619047619047619 0
0.3333333333339103 1.634920634920635 0
0.3333333333339456 1.650793650793651 0
0.3333333333339808 1.666666666666666 0
0.333333333334016 1.682539682539682 0
0.3333333333340513 1.698412698412698 0
0.3333333333340865 1.714285714285714 0
0.3333333333341218 1.73015873015873 0
0.333333333334157 1.746031746031746 0
0.3333333333341922 1.761904761904762 0
0.3333333333342274 1.777777777777778 0
0.3333333333342627 1.793650793650794 0
0.3333333333342979 1.809523809523809 0
0.3333333333343331 1.825396825396825 0
0.3333333333343684 1.841269841269841 0
0.3333333333344037 1.857142857142857 0
0.3333333333344388 1.873015873015873 0
0.3333333333344741 1.888888888888889 0
0.3333333333345094 1.904761904761905 0
0.3333333333345445 1.920634920634921 0
0.3333333333345798 1.936507936507936 0
0.3333333333346151 1.952380952380952 0
0.3333333333346503 1.968253968253968 0
0.3333333333346855 1.984126984126984 0
0.3492063492055075 1.015873015873016 0
0.3492063492055446 1.031746031746032 0
0.3492063492055816 1.047619047619048 0
0.3492063492056185 1.063492063492063 0
0.3492063492056556 1.07936507936508 0
0.3492063492056927 1.095238095238095 0
0.3492063492057297 1.111111111111111 0
0.3492063492057668 1.126984126984127 0
0.3492063492058037 1.142857142857143 0
0.3492063492058408 1.158730158730158 0
0.3492063492058778 1.174603174603175 0
0.3492063492059148 1.19047619047619 0
0.3492063492059518 1.206349206349207 0
0.3492063492059889 1.222222222222222 0
0.3492063492060259 1.238095238095238 0
0.3492063492060629 1.253968253968254 0
0.3492063492060998 1.26984126984127 0
0.3492063492061369 1.285714285714286 0
0.3492063492061739 1.301587301587302 0
0.349206349206211 1.317460317460317 0
0.3492063492062479 1.333333333333333 0
0.349206349206285 1.349206349206349 0
0.349206349206322 1.365079365079365 0
0.349206349206359 1.380952380952381 0
0.3492063492063959 1.396825396825397 0
0.349206349206433 1.412698412698413 0
0.3492063492064701 1.428571428571429 0
0.3492063492065069 1.444444444444444 0
0.349206349206544 1.46031746031746 0
0.3492063492065811 1.476190476190476 0
0.3492063492066181 1.492063492063492 0
0.3492063492066551 1.507936507936508 0
0.3492063492066921 1.523809523809524 0
0.3492063492067292 1.53968253968254 0
0.3492063492067661 1.555555555555555 0
0.3492063492068032 1.571428571428571 0
0.3492063492068402 1.587301587301587 0
0.3492063492068772 1.603174603174603 0
0.3492063492069143 1.619047619047619 0
0.3492063492069513 1.634920634920635 0
0.3492063492069882 1.650793650793651 0
0.3492063492070253 1.666666666666667 0
0.3492063492070623 1.682539682539682 0
0.3492063492070994 1.698412698412698 0
0.3492063492071363 1.714285714285714 0
0.3492063492071733 1.73015873015873 0
0.3492063492072104 1.746031746031746 0
0.3492063492072475 1.761904761904762 0
0.3492063492072844 1.777777777777778 0
0.3492063492073214 1.793650793650793 0
0.3492063492073585 1.80952380952381 0
0.3492063492073955 1.825396825396826 0
0.3492063492074324 1.841269841269841 0
0.3492063492074695 1.857142857142857 0
0.3492063492075066 1.873015873015873 0
0.3492063492075436 1.888888888888889 0
0.3492063492075805 1.904761904761905 0
0.3492063492076176 1.92063492063492 0
0.3492063492076547 1.936507936507936 0
0.3492063492076916 1.952380952380952 0
0.3492063492077286 1.968253968253969 0
0.3492063492077657 1.984126984126984 0
0.365079365078479 1.015873015873016 0
0.3650793650785177 1.031746031746032 0
0.3650793650785566 1.047619047619047 0
0.3650793650785953 1.063492063492063 0
0.3650793650786342 1.07936507936508 0
0.365079365078673 1.095238095238095 0
0.3650793650787117 1.111111111111111 0
0.3650793650787506 1.126984126984127 0
0.3650793650787894 1.142857142857143 0
0.3650793650788282 1.158730158730159 0
0.365079365078867 1.174603174603175 0
0.3650793650789058 1.19047619047619 0
0.3650793650789446 1.206349206349207 0
0.3650793650789834 1.222222222222222 0
0.3650793650790222 1.238095238095238 0
0.365079365079061 1.253968253968254 0
0.3650793650790997 1.26984126984127 0
0.3650793650791386 1.285714285714286 0
0.3650793650791773 1.301587301587302 0
0.3650793650792162 1.317460317460317 0
0.3650793650792549 1.333333333333333 0
0.3650793650792938 1.349206349206349 0
0.3650793650793326 1.365079365079365 0
0.3650793650793714 1.380952380952381 0
0.3650793650794101 1.396825396825397 0
0.3650793650794491 1.412698412698413 0
0.3650793650794877 1.428571428571429 0
0.3650793650795266 1.444444444444445 0
0.3650793650795653 1.460317460317461 0
0.3650793650796043 1.476190476190476 0
0.3650793650796429 1.492063492063492 0
0.3650793650796818 1.507936507936508 0
0.3650793650797207 1.523809523809524 0
0.3650793650797594 1.53968253968254 0
0.3650793650797983 1.555555555555555 0
0.365079365079837 1.571428571428571 0
0.3650793650798759 1.587301587301588 0
0.3650793650799146 1.603174603174603 0
0.3650793650799534 1.619047619047619 0
0.3650793650799922 1.634920634920635 0
0.3650793650800311 1.650793650793651 0
0.3650793650800698 1.666666666666667 0
0.3650793650801086 1.682539682539683 0
0.3650793650801474 1.698412698412699 0
0.3650793650801863 1.714285714285714 0
0.365079365080225 1.73015873015873 0
0.3650793650802638 1.746031746031746 0
0.3650793650803026 1.761904761904762 0
0.3650793650803415 1.777777777777778 0
0.3650793650803802 1.793650793650793 0
0.365079365080419 1.809523809523809 0
0.3650793650804579 1.825396825396825 0
0.3650793650804967 1.841269841269841 0
0.3650793650805355 1.857142857142857 0
0.3650793650805742 1.873015873015873 0
0.3650793650806131 1.888888888888889 0
0.3650793650806519 1.904761904761905 0
0.3650793650806907 1.92063492063492 0
0.3650793650807294 1.936507936507936 0
0.3650793650807683 1.952380952380952 0
0.3650793650808071 1.968253968253969 0
0.3650793650808459 1.984126984126984 0
0.3809523809514502 1.015873015873016 0
0.3809523809514909 1.031746031746032 0
0.3809523809515314 1.047619047619048 0
0.380952380951572 1.063492063492063 0
0.3809523809516125 1.07936507936508 0
0.3809523809516532 1.095238095238095 0
0.3809523809516937 1.111111111111111 0
0.3809523809517343 1.126984126984127 0
0.3809523809517749 1.142857142857143 0
0.3809523809518155 1.158730158730159 0
0.3809523809518561 1.174603174603175 0
0.3809523809518967 1.19047619047619 0
0.3809523809519374 1.206349206349207 0
0.3809523809519778 1.222222222222222 0
0.3809523809520184 1.238095238095238 0
0.3809523809520591 1.253968253968254 0
0.3809523809520996 1.26984126984127 0
0.3809523809521402 1.285714285714285 0
0.3809523809521808 1.301587301587302 0
0.3809523809522214 1.317460317460317 0
0.3809523809522619 1.333333333333333 0
0.3809523809523027 1.349206349206349 0
0.3809523809523431 1.365079365079365 0
0.3809523809523837 1.380952380952381 0
0.3809523809524243 1.396825396825397 0
0.3809523809524649 1.412698412698413 0
0.3809523809525055 1.428571428571429 0
0.380952380952546 1.444444444444444 0
0.3809523809525867 1.46031746031746 0
0.3809523809526273 1.476190476190476 0
0.3809523809526678 1.492063492063492 0
0.3809523809527084 1.507936507936508 0
0.380952380952749 1.523809523809524 0
0.3809523809527896 1.53968253968254 0
0.3809523809528302 1.555555555555556 0
0.3809523809528708 1.571428571428571 0
0.3809523809529113 1.587301587301587 0
0.3809523809529519 1.603174603174603 0
0.3809523809529924 1.619047619047619 0
0.3809523809530332 1.634920634920635 0
0.3809523809530736 1.650793650793651 0
0.3809523809531142 1.666666666666667 0
0.3809523809531549 1.682539682539682 0
0.3809523809531954 1.698412698412698 0
0.3809523809532359 1.714285714285714 0
0.3809523809532765 1.73015873015873 0
0.3809523809533172 1.746031746031746 0
0.3809523809533578 1.761904761904762 0
0.3809523809533983 1.777777777777778 0
0.3809523809534389 1.793650793650793 0
0.3809523809534795 1.809523809523809 0
0.3809523809535201 1.825396825396825 0
0.3809523809535608 1.841269841269842 0
0.3809523809536013 1.857142857142857 0
0.3809523809536418 1.873015873015873 0
0.3809523809536824 1.888888888888889 0
0.3809523809537231 1.904761904761905 0
0.3809523809537637 1.92063492063492 0
0.3809523809538042 1.936507936507936 0
0.3809523809538448 1.952380952380952 0
0.3809523809538854 1.968253968253969 0
0.380952380953926 1.984126984126984 0
0.3968253968244216 1.015873015873016 0
0.3968253968244639 1.031746031746031 0
0.3968253968245063 1.047619047619048 0
0.3968253968245487 1.063492063492063 0
0.3968253968245912 1.07936507936508 0
0.3968253968246334 1.095238095238095 0
0.3968253968246758 1.111111111111111 0
0.396825396824718 1.126984126984127 0
0.3968253968247604 1.142857142857143 0
0.3968253968248028 1.158730158730158 0
0.3968253968248454 1.174603174603175 0
0.3968253968248877 1.19047619047619 0
0.3968253968249299 1.206349206349207 0
0.3968253968249724 1.222222222222222 0
0.3968253968250147 1.238095238095238 0
0.3968253968250571 1.253968253968254 0
0.3968253968250995 1.26984126984127 0
0.3968253968251419 1.285714285714285 0
0.3968253968251843 1.301587301587302 0
0.3968253968252267 1.317460317460317 0
0.3968253968252689 1.333333333333333 0
0.3968253968253113 1.349206349206349 0
0.3968253968253538 1.365079365079365 0
0.396825396825396 1.380952380952381 0
0.3968253968254384 1.396825396825397 0
0.3968253968254808 1.412698412698412 0
0.3968253968255233 1.428571428571429 0
0.3968253968255656 1.444444444444444 0
0.3968253968256079 1.46031746031746 0
0.3968253968256503 1.476190476190476 0
0.3968253968256927 1.492063492063492 0
0.3968253968257351 1.507936507936508 0
0.3968253968257775 1.523809523809524 0
0.3968253968258198 1.539682539682539 0
0.3968253968258622 1.555555555555556 0
0.3968253968259045 1.571428571428571 0
0.3968253968259469 1.587301587301587 0
0.3968253968259893 1.603174603174603 0
0.3968253968260317 1.619047619047619 0
0.3968253968260742 1.634920634920635 0
0.3968253968261163 1.650793650793651 0
0.3968253968261587 1.666666666666667 0
0.3968253968262012 1.682539682539683 0
0.3968253968262435 1.698412698412698 0
0.3968253968262859 1.714285714285714 0
0.3968253968263282 1.73015873015873 0
0.3968253968263706 1.746031746031746 0
0.396825396826413 1.761904761904762 0
0.3968253968264554 1.777777777777778 0
0.3968253968264976 1.793650793650793 0
0.3968253968265401 1.809523809523809 0
0.3968253968265824 1.825396825396825 0
0.3968253968266248 1.841269841269841 0
0.3968253968266672 1.857142857142857 0
0.3968253968267096 1.873015873015873 0
0.3968253968267521 1.888888888888889 0
0.3968253968267942 1.904761904761905 0
0.3968253968268367 1.920634920634921 0
0.3968253968268791 1.936507936507937 0
0.3968253968269215 1.952380952380952 0
0.3968253968269638 1.968253968253968 0
0.3968253968270062 1.984126984126984 0
0.4126984126973928 1.015873015873016 0
0.412698412697437 1.031746031746032 0
0.4126984126974812 1.047619047619048 0
0.4126984126975254 1.063492063492063 0
0.4126984126975695 1.07936507936508 0
0.4126984126976136 1.095238095238095 0
0.4126984126976578 1.111111111111111 0
0.412698412697702 1.126984126984127 0
0.4126984126977461 1.142857142857143 0
0.4126984126977903 1.158730158730159 0
0.4126984126978344 1.174603174603175 0
0.4126984126978785 1.19047619047619 0
0.4126984126979227 1.206349206349207 0
0.4126984126979669 1.222222222222222 0
0.4126984126980111 1.238095238095238 0
0.4126984126980552 1.253968253968254 0
0.4126984126980994 1.26984126984127 0
0.4126984126981434 1.285714285714286 0
0.4126984126981876 1.301587301587302 0
0.4126984126982318 1.317460317460317 0
0.412698412698276 1.333333333333334 0
0.4126984126983202 1.349206349206349 0
0.4126984126983644 1.365079365079365 0
0.4126984126984085 1.380952380952381 0
0.4126984126984526 1.396825396825397 0
0.4126984126984968 1.412698412698413 0
0.4126984126985409 1.428571428571429 0
0.4126984126985851 1.444444444444444 0
0.4126984126986293 1.46031746031746 0
0.4126984126986734 1.476190476190476 0
0.4126984126987175 1.492063492063492 0
0.4126984126987617 1.507936507936508 0
0.4126984126988059 1.523809523809524 0
0.41269841269885 1.53968253968254 0
0.4126984126988942 1.555555555555556 0
0.4126984126989384 1.571428571428571 0
0.4126984126989824 1.587301587301587 0
0.4126984126990266 1.603174603174603 0
0.4126984126990708 1.619047619047619 0
0.4126984126991149 1.634920634920635 0
0.4126984126991591 1.650793650793651 0
0.4126984126992033 1.666666666666667 0
0.4126984126992475 1.682539682539683 0
0.4126984126992915 1.698412698412698 0
0.4126984126993357 1.714285714285714 0
0.4126984126993798 1.73015873015873 0
0.412698412699424 1.746031746031746 0
0.4126984126994682 1.761904761904762 0
0.4126984126995124 1.777777777777778 0
0.4126984126995565 1.793650793650793 0
0.4126984126996007 1.80952380952381 0
0.4126984126996449 1.825396825396825 0
0.412698412699689 1.841269841269841 0
0.4126984126997331 1.857142857142857 0
0.4126984126997773 1.873015873015873 0
0.4126984126998214 1.888888888888889 0
0.4126984126998656 1.904761904761905 0
0.4126984126999098 1.92063492063492 0
0.4126984126999539 1.936507936507937 0
0.4126984126999981 1.952380952380952 0
0.4126984127000421 1.968253968253968 0
0.4126984127000863 1.984126984126984 0
0.4285714285703642 1.015873015873016 0
0.4285714285704102 1.031746031746032 0
0.428571428570456 1.047619047619048 0
0.4285714285705021 1.063492063492063 0
0.428571428570548 1.07936507936508 0
0.4285714285705938 1.095238095238095 0
0.4285714285706399 1.111111111111111 0
0.4285714285706858 1.126984126984127 0
0.4285714285707317 1.142857142857143 0
0.4285714285707777 1.158730158730159 0
0.4285714285708235 1.174603174603175 0
0.4285714285708696 1.19047619047619 0
0.4285714285709155 1.206349206349207 0
0.4285714285709614 1.222222222222222 0
0.4285714285710074 1.238095238095238 0
0.4285714285710532 1.253968253968254 0
0.4285714285710992 1.26984126984127 0
0.4285714285711451 1.285714285714285 0
0.4285714285711911 1.301587301587302 0
0.428571428571237 1.317460317460317 0
0.4285714285712831 1.333333333333334 0
0.428571428571329 1.349206349206349 0
0.4285714285713748 1.365079365079365 0
0.4285714285714208 1.380952380952381 0
0.4285714285714667 1.396825396825397 0
0.4285714285715126 1.412698412698413 0
0.4285714285715586 1.428571428571429 0
0.4285714285716046 1.444444444444444 0
0.4285714285716504 1.46031746031746 0
0.4285714285716964 1.476190476190476 0
0.4285714285717424 1.492063492063492 0
0.4285714285717883 1.507936507936508 0
0.4285714285718343 1.523809523809524 0
0.4285714285718802 1.53968253968254 0
0.4285714285719261 1.555555555555556 0
0.4285714285719721 1.571428571428571 0
0.428571428572018 1.587301587301587 0
0.4285714285720639 1.603174603174603 0
0.4285714285721099 1.619047619047619 0
0.4285714285721557 1.634920634920635 0
0.4285714285722019 1.650793650793651 0
0.4285714285722476 1.666666666666667 0
0.4285714285722936 1.682539682539683 0
0.4285714285723395 1.698412698412698 0
0.4285714285723855 1.714285714285714 0
0.4285714285724315 1.73015873015873 0
0.4285714285724774 1.746031746031746 0
0.4285714285725234 1.761904761904762 0
0.4285714285725692 1.777777777777778 0
0.4285714285726152 1.793650793650793 0
0.4285714285726611 1.809523809523809 0
0.428571428572707 1.825396825396825 0
0.428571428572753 1.841269841269841 0
0.428571428572799 1.857142857142857 0
0.4285714285728449 1.873015873015873 0
0.4285714285728909 1.888888888888889 0
0.4285714285729368 1.904761904761905 0
0.4285714285729827 1.92063492063492 0
0.4285714285730287 1.936507936507937 0
0.4285714285730746 1.952380952380953 0
0.4285714285731205 1.968253968253968 0
0.4285714285731664 1.984126984126984 0
0.4444444444433355 1.015873015873016 0
0.4444444444433832 1.031746031746032 0
0.444444444443431 1.047619047619048 0
0.4444444444434787 1.063492063492063 0
0.4444444444435264 1.07936507936508 0
0.4444444444435741 1.095238095238095 0
0.444444444443622 1.111111111111111 0
0.4444444444436696 1.126984126984127 0
0.4444444444437172 1.142857142857143 0
0.4444444444437651 1.158730158730159 0
0.4444444444438127 1.174603174603175 0
0.4444444444438604 1.19047619047619 0
0.4444444444439082 1.206349206349207 0
0.4444444444439558 1.222222222222222 0
0.4444444444440036 1.238095238095238 0
0.4444444444440514 1.253968253968254 0
0.4444444444440991 1.26984126984127 0
0.4444444444441467 1.285714285714286 0
0.4444444444441945 1.301587301587302 0
0.4444444444442424 1.317460317460317 0
0.4444444444442899 1.333333333333334 0
0.4444444444443377 1.349206349206349 0
0.4444444444443855 1.365079365079365 0
0.4444444444444331 1.380952380952381 0
0.4444444444444808 1.396825396825397 0
0.4444444444445286 1.412698412698412 0
0.4444444444445762 1.428571428571429 0
0.4444444444446239 1.444444444444444 0
0.4444444444446718 1.46031746031746 0
0.4444444444447193 1.476190476190476 0
0.4444444444447672 1.492063492063492 0
0.4444444444448149 1.507936507936508 0
0.4444444444448628 1.523809523809524 0
0.4444444444449103 1.53968253968254 0
0.4444444444449581 1.555555555555556 0
0.4444444444450057 1.571428571428571 0
0.4444444444450535 1.587301587301587 0
0.4444444444451012 1.603174603174603 0
0.444444444445149 1.619047619047619 0
0.4444444444451967 1.634920634920635 0
0.4444444444452443 1.650793650793651 0
0.4444444444452922 1.666666666666667 0
0.4444444444453399 1.682539682539683 0
0.4444444444453876 1.698412698412698 0
0.4444444444454352 1.714285714285714 0
0.4444444444454829 1.73015873015873 0
0.4444444444455307 1.746031746031746 0
0.4444444444455784 1.761904761904762 0
0.4444444444456261 1.777777777777778 0
0.4444444444456739 1.793650793650793 0
0.4444444444457216 1.809523809523809 0
0.4444444444457694 1.825396825396825 0
0.4444444444458171 1.841269841269841 0
0.4444444444458648 1.857142857142857 0
0.4444444444459125 1.873015873015873 0
0.4444444444459602 1.888888888888889 0
0.4444444444460078 1.904761904761905 0
0.4444444444460557 1.92063492063492 0
0.4444444444461033 1.936507936507937 0
0.4444444444461511 1.952380952380952 0
0.4444444444461988 1.968253968253968 0
0.4444444444462465 1.984126984126984 0
0.4603174603163069 1.015873015873016 0
0.4603174603163565 1.031746031746032 0
0.4603174603164059 1.047619047619048 0
0.4603174603164554 1.063492063492063 0
0.4603174603165049 1.07936507936508 0
0.4603174603165543 1.095238095238095 0
0.4603174603166038 1.111111111111111 0
0.4603174603166534 1.126984126984127 0
0.460317460316703 1.142857142857143 0
0.4603174603167524 1.158730158730159 0
0.4603174603168019 1.174603174603175 0
0.4603174603168514 1.19047619047619 0
0.4603174603169009 1.206349206349207 0
0.4603174603169504 1.222222222222222 0
0.4603174603169999 1.238095238095238 0
0.4603174603170495 1.253968253968254 0
0.460317460317099 1.26984126984127 0
0.4603174603171485 1.285714285714286 0
0.460317460317198 1.301587301587302 0
0.4603174603172475 1.317460317460317 0
0.460317460317297 1.333333333333333 0
0.4603174603173465 1.349206349206349 0
0.4603174603173961 1.365079365079365 0
0.4603174603174456 1.380952380952381 0
0.4603174603174951 1.396825396825397 0
0.4603174603175446 1.412698412698412 0
0.460317460317594 1.428571428571429 0
0.4603174603176435 1.444444444444444 0
0.4603174603176931 1.46031746031746 0
0.4603174603177425 1.476190476190476 0
0.4603174603177921 1.492063492063492 0
0.4603174603178416 1.507936507936508 0
0.4603174603178911 1.523809523809524 0
0.4603174603179406 1.53968253968254 0
0.46031746031799 1.555555555555556 0
0.4603174603180396 1.571428571428571 0
0.4603174603180891 1.587301587301587 0
0.4603174603181386 1.603174603174603 0
0.4603174603181881 1.619047619047619 0
0.4603174603182376 1.634920634920635 0
0.4603174603182871 1.650793650793651 0
0.4603174603183366 1.666666666666667 0
0.4603174603183862 1.682539682539683 0
0.4603174603184357 1.698412698412698 0
0.4603174603184852 1.714285714285714 0
0.4603174603185347 1.73015873015873 0
0.4603174603185841 1.746031746031746 0
0.4603174603186337 1.761904761904762 0
0.4603174603186833 1.777777777777778 0
0.4603174603187327 1.793650793650793 0
0.4603174603187822 1.80952380952381 0
0.4603174603188317 1.825396825396825 0
0.4603174603188812 1.841269841269841 0
0.4603174603189306 1.857142857142857 0
0.4603174603189802 1.873015873015873 0
0.4603174603190298 1.888888888888889 0
0.4603174603190792 1.904761904761905 0
0.4603174603191287 1.92063492063492 0
0.4603174603191782 1.936507936507937 0
0.4603174603192277 1.952380952380953 0
0.4603174603192772 1.968253968253968 0
0.4603174603193267 1.984126984126984 0
0.4761904761892781 1.015873015873016 0
0.4761904761893295 1.031746031746032 0
0.4761904761893808 1.047619047619048 0
0.4761904761894321 1.063492063492063 0
0.4761904761894833 1.07936507936508 0
0.4761904761895346 1.095238095238095 0
0.4761904761895859 1.111111111111111 0
0.4761904761896372 1.126984126984127 0
0.4761904761896885 1.142857142857143 0
0.4761904761897398 1.158730158730159 0
0.4761904761897911 1.174603174603175 0
0.4761904761898424 1.19047619047619 0
0.4761904761898937 1.206349206349207 0
0.476190476189945 1.222222222222222 0
0.4761904761899963 1.238095238095238 0
0.4761904761900476 1.253968253968254 0
0.4761904761900988 1.26984126984127 0
0.47619047619015 1.285714285714286 0
0.4761904761902014 1.301587301587302 0
0.4761904761902527 1.317460317460317 0
0.4761904761903041 1.333333333333334 0
0.4761904761903553 1.349206349206349 0
0.4761904761904065 1.365079365079365 0
0.4761904761904578 1.380952380952381 0
0.4761904761905092 1.396825396825397 0
0.4761904761905604 1.412698412698413 0
0.4761904761906117 1.428571428571428 0
0.4761904761906631 1.444444444444444 0
0.4761904761907144 1.460317460317461 0
0.4761904761907657 1.476190476190476 0
0.4761904761908168 1.492063492063492 0
0.4761904761908682 1.507936507936508 0
0.4761904761909195 1.523809523809524 0
0.4761904761909708 1.53968253968254 0
0.4761904761910222 1.555555555555555 0
0.4761904761910734 1.571428571428572 0
0.4761904761911246 1.587301587301587 0
0.476190476191176 1.603174603174603 0
0.4761904761912272 1.619047619047619 0
0.4761904761912786 1.634920634920635 0
0.4761904761913299 1.650793650793651 0
0.4761904761913812 1.666666666666667 0
0.4761904761914325 1.682539682539682 0
0.4761904761914838 1.698412698412698 0
0.476190476191535 1.714285714285715 0
0.4761904761915863 1.73015873015873 0
0.4761904761916376 1.746031746031746 0
0.4761904761916889 1.761904761904762 0
0.4761904761917401 1.777777777777778 0
0.4761904761917915 1.793650793650793 0
0.4761904761918428 1.809523809523809 0
0.476190476191894 1.825396825396825 0
0.4761904761919454 1.841269841269842 0
0.4761904761919967 1.857142857142857 0
0.4761904761920479 1.873015873015873 0
0.4761904761920991 1.888888888888889 0
0.4761904761921505 1.904761904761905 0
0.4761904761922017 1.92063492063492 0
0.4761904761922531 1.936507936507936 0
0.4761904761923044 1.952380952380952 0
0.4761904761923557 1.968253968253968 0
0.476190476192407 1.984126984126984 0
0.4920634920622495 1.015873015873016 0
0.4920634920623026 1.031746031746032 0
0.4920634920623557 1.047619047619048 0
0.4920634920624087 1.063492063492063 0
0.4920634920624618 1.07936507936508 0
0.4920634920625149 1.095238095238095 0
0.4920634920625679 1.111111111111111 0
0.492063492062621 1.126984126984127 0
0.4920634920626741 1.142857142857143 0
0.4920634920627271 1.158730158730159 0
0.4920634920627803 1.174603174603175 0
0.4920634920628333 1.19047619047619 0
0.4920634920628865 1.206349206349207 0
0.4920634920629395 1.222222222222222 0
0.4920634920629926 1.238095238095238 0
0.4920634920630457 1.253968253968254 0
0.4920634920630986 1.26984126984127 0
0.4920634920631518 1.285714285714285 0
0.4920634920632049 1.301587301587302 0
0.4920634920632579 1.317460317460317 0
0.492063492063311 1.333333333333333 0
0.4920634920633641 1.349206349206349 0
0.4920634920634172 1.365079365079365 0
0.4920634920634703 1.380952380952381 0
0.4920634920635233 1.396825396825397 0
0.4920634920635765 1.412698412698412 0
0.4920634920636294 1.428571428571429 0
0.4920634920636826 1.444444444444444 0
0.4920634920637356 1.46031746031746 0
0.4920634920637886 1.476190476190476 0
0.4920634920638417 1.492063492063492 0
0.4920634920638949 1.507936507936508 0
0.4920634920639478 1.523809523809524 0
0.492063492064001 1.53968253968254 0
0.492063492064054 1.555555555555556 0
0.4920634920641072 1.571428571428571 0
0.4920634920641601 1.587301587301587 0
0.4920634920642132 1.603174603174603 0
0.4920634920642663 1.619047619047619 0
0.4920634920643194 1.634920634920635 0
0.4920634920643725 1.650793650793651 0
0.4920634920644256 1.666666666666667 0
0.4920634920644785 1.682539682539683 0
0.4920634920645317 1.698412698412698 0
0.4920634920645849 1.714285714285714 0
0.492063492064638 1.73015873015873 0
0.492063492064691 1.746031746031746 0
0.4920634920647441 1.761904761904762 0
0.492063492064797 1.777777777777778 0
0.4920634920648502 1.793650793650793 0
0.4920634920649033 1.80952380952381 0
0.4920634920649564 1.825396825396825 0
0.4920634920650094 1.841269841269841 0
0.4920634920650625 1.857142857142857 0
0.4920634920651156 1.873015873015873 0
0.4920634920651686 1.888888888888889 0
0.4920634920652217 1.904761904761905 0
0.4920634920652748 1.92063492063492 0
0.4920634920653278 1.936507936507937 0
0.4920634920653809 1.952380952380952 0
0.492063492065434 1.968253968253968 0
0.4920634920654871 1.984126984126984 0
0.5079365079352628 1.015873015873016 0
0.5079365079353156 1.031746031746032 0
0.5079365079353683 1.047619047619048 0
0.5079365079354211 1.063492063492063 0
0.507936507935474 1.07936507936508 0
0.5079365079355266 1.095238095238095 0
0.5079365079355794 1.111111111111111 0
0.5079365079356321 1.126984126984127 0
0.5079365079356849 1.142857142857143 0
0.5079365079357377 1.158730158730159 0
0.5079365079357904 1.174603174603175 0
0.5079365079358432 1.19047619047619 0
0.5079365079358961 1.206349206349207 0
0.5079365079359487 1.222222222222222 0
0.5079365079360015 1.238095238095238 0
0.5079365079360544 1.253968253968254 0
0.507936507936107 1.26984126984127 0
0.5079365079361599 1.285714285714286 0
0.5079365079362125 1.301587301587302 0
0.5079365079362653 1.317460317460317 0
0.5079365079363182 1.333333333333334 0
0.5079365079363708 1.349206349206349 0
0.5079365079364236 1.365079365079365 0
0.5079365079364765 1.380952380952381 0
0.5079365079365291 1.396825396825397 0
0.507936507936582 1.412698412698413 0
0.5079365079366346 1.428571428571429 0
0.5079365079366872 1.444444444444444 0
0.5079365079367403 1.460317460317461 0
0.5079365079367929 1.476190476190476 0
0.5079365079368457 1.492063492063492 0
0.5079365079368986 1.507936507936508 0
0.5079365079369512 1.523809523809524 0
0.5079365079370038 1.53968253968254 0
0.5079365079370567 1.555555555555556 0
0.5079365079371095 1.571428571428571 0
0.5079365079371624 1.587301587301587 0
0.507936507937215 1.603174603174603 0
0.5079365079372676 1.619047619047619 0
0.5079365079373205 1.634920634920635 0
0.5079365079373733 1.650793650793651 0
0.507936507937426 1.666666666666667 0
0.5079365079374788 1.682539682539683 0
0.5079365079375316 1.698412698412698 0
0.5079365079375843 1.714285714285714 0
0.5079365079376371 1.73015873015873 0
0.5079365079376897 1.746031746031746 0
0.5079365079377426 1.761904761904762 0
0.5079365079377954 1.777777777777778 0
0.5079365079378481 1.793650793650793 0
0.5079365079379009 1.809523809523809 0
0.5079365079379538 1.825396825396825 0
0.5079365079380064 1.841269841269841 0
0.5079365079380592 1.857142857142857 0
0.5079365079381121 1.873015873015873 0
0.5079365079381647 1.888888888888889 0
0.5079365079382175 1.904761904761905 0
0.5079365079382704 1.92063492063492 0
0.507936507938323 1.936507936507937 0
0.5079365079383756 1.952380952380953 0
0.5079365079384285 1.968253968253968 0
0.5079365079384813 1.984126984126984 0
0.5238095238083182 1.015873015873016 0
0.5238095238083684 1.031746031746031 0
0.5238095238084191 1.047619047619048 0
0.5238095238084695 1.063492063492063 0
0.5238095238085196 1.07936507936508 0
0.5238095238085698 1.095238095238095 0
0.5238095238086202 1.111111111111111 0
0.5238095238086706 1.126984126984127 0
0.523809523808721 1.142857142857143 0
0.5238095238087712 1.158730158730159 0
0.5238095238088216 1.174603174603175 0
0.523809523808872 1.19047619047619 0
0.5238095238089224 1.206349206349207 0
0.5238095238089726 1.222222222222222 0
0.523809523809023 1.238095238095238 0
0.5238095238090734 1.253968253968254 0
0.5238095238091238 1.26984126984127 0
0.523809523809174 1.285714285714285 0
0.5238095238092244 1.301587301587302 0
0.5238095238092748 1.317460317460317 0
0.5238095238093252 1.333333333333334 0
0.5238095238093754 1.349206349206349 0
0.5238095238094258 1.365079365079365 0
0.5238095238094762 1.380952380952381 0
0.5238095238095264 1.396825396825397 0
0.523809523809577 1.412698412698412 0
0.5238095238096272 1.428571428571429 0
0.5238095238096776 1.444444444444445 0
0.523809523809728 1.46031746031746 0
0.5238095238097784 1.476190476190476 0
0.5238095238098286 1.492063492063492 0
0.5238095238098788 1.507936507936508 0
0.5238095238099294 1.523809523809524 0
0.5238095238099796 1.53968253968254 0
0.52380952381003 1.555555555555555 0
0.5238095238100804 1.571428571428571 0
0.5238095238101306 1.587301587301587 0
0.5238095238101812 1.603174603174603 0
0.5238095238102314 1.619047619047619 0
0.5238095238102818 1.634920634920635 0
0.5238095238103322 1.650793650793651 0
0.5238095238103824 1.666666666666667 0
0.5238095238104328 1.682539682539683 0
0.5238095238104832 1.698412698412698 0
0.5238095238105334 1.714285714285715 0
0.5238095238105838 1.73015873015873 0
0.5238095238106342 1.746031746031746 0
0.5238095238106846 1.761904761904762 0
0.523809523810735 1.777777777777778 0
0.5238095238107852 1.793650793650793 0
0.5238095238108356 1.80952380952381 0
0.523809523810886 1.825396825396825 0
0.5238095238109362 1.841269841269841 0
0.5238095238109866 1.857142857142857 0
0.523809523811037 1.873015873015873 0
0.5238095238110874 1.888888888888889 0
0.5238095238111378 1.904761904761905 0
0.5238095238111879 1.92063492063492 0
0.5238095238112384 1.936507936507937 0
0.5238095238112888 1.952380952380952 0
0.5238095238113389 1.968253968253968 0
0.5238095238113896 1.984126984126984 0
0.5396825396813735 1.015873015873016 0
0.5396825396814214 1.031746031746031 0
0.5396825396814691 1.047619047619047 0
0.5396825396815171 1.063492063492063 0
0.5396825396815653 1.07936507936508 0
0.5396825396816131 1.095238095238095 0
0.539682539681661 1.111111111111111 0
0.5396825396817092 1.126984126984127 0
0.5396825396817569 1.142857142857143 0
0.5396825396818049 1.158730158730158 0
0.5396825396818529 1.174603174603175 0
0.5396825396819008 1.19047619047619 0
0.5396825396819488 1.206349206349207 0
0.5396825396819968 1.222222222222222 0
0.5396825396820445 1.238095238095238 0
0.5396825396820925 1.253968253968254 0
0.5396825396821404 1.26984126984127 0
0.5396825396821884 1.285714285714285 0
0.5396825396822363 1.301587301587302 0
0.5396825396822843 1.317460317460317 0
0.5396825396823323 1.333333333333334 0
0.5396825396823802 1.349206349206349 0
0.539682539682428 1.365079365079365 0
0.5396825396824761 1.380952380952381 0
0.5396825396825241 1.396825396825397 0
0.5396825396825718 1.412698412698412 0
0.5396825396826198 1.428571428571429 0
0.5396825396826678 1.444444444444444 0
0.5396825396827157 1.460317460317461 0
0.5396825396827637 1.476190476190476 0
0.5396825396828117 1.492063492063492 0
0.5396825396828594 1.507936507936508 0
0.5396825396829074 1.523809523809524 0
0.5396825396829555 1.53968253968254 0
0.5396825396830033 1.555555555555556 0
0.5396825396830512 1.571428571428571 0
0.5396825396830992 1.587301587301587 0
0.5396825396831472 1.603174603174603 0
0.5396825396831951 1.619047619047619 0
0.5396825396832431 1.634920634920635 0
0.5396825396832911 1.650793650793651 0
0.539682539683339 1.666666666666667 0
0.539682539683387 1.682539682539683 0
0.5396825396834347 1.698412698412698 0
0.5396825396834827 1.714285714285714 0
0.5396825396835306 1.73015873015873 0
0.5396825396835786 1.746031746031746 0
0.5396825396836266 1.761904761904762 0
0.5396825396836745 1.777777777777778 0
0.5396825396837225 1.793650793650793 0
0.5396825396837704 1.80952380952381 0
0.5396825396838182 1.825396825396825 0
0.5396825396838661 1.841269841269841 0
0.5396825396839141 1.857142857142857 0
0.5396825396839621 1.873015873015873 0
0.53968253968401 1.888888888888889 0
0.539682539684058 1.904761904761905 0
0.539682539684106 1.92063492063492 0
0.5396825396841539 1.936507936507937 0
0.5396825396842018 1.952380952380952 0
0.5396825396842498 1.968253968253968 0
0.5396825396842978 1.984126984126984 0
0.5555555555544287 1.015873015873016 0
0.5555555555544742 1.031746031746032 0
0.55555555555452 1.047619047619048 0
0.5555555555545655 1.063492063492063 0
0.5555555555546108 1.07936507936508 0
0.5555555555546563 1.095238095238095 0
0.5555555555547018 1.111111111111111 0
0.5555555555547476 1.126984126984127 0
0.5555555555547929 1.142857142857143 0
0.5555555555548386 1.158730158730158 0
0.5555555555548841 1.174603174603175 0
0.5555555555549296 1.19047619047619 0
0.5555555555549752 1.206349206349207 0
0.5555555555550207 1.222222222222222 0
0.5555555555550662 1.238095238095238 0
0.5555555555551117 1.253968253968254 0
0.5555555555551572 1.26984126984127 0
0.5555555555552028 1.285714285714286 0
0.5555555555552483 1.301587301587302 0
0.5555555555552938 1.317460317460317 0
0.5555555555553393 1.333333333333334 0
0.5555555555553848 1.349206349206349 0
0.5555555555554303 1.365079365079365 0
0.5555555555554759 1.380952380952381 0
0.5555555555555214 1.396825396825397 0
0.5555555555555669 1.412698412698412 0
0.5555555555556124 1.428571428571428 0
0.5555555555556579 1.444444444444444 0
0.5555555555557035 1.46031746031746 0
0.555555555555749 1.476190476190476 0
0.5555555555557945 1.492063492063492 0
0.55555555555584 1.507936507936508 0
0.5555555555558858 1.523809523809524 0
0.5555555555559311 1.53968253968254 0
0.5555555555559766 1.555555555555556 0
0.5555555555560221 1.571428571428572 0
0.5555555555560678 1.587301587301588 0
0.5555555555561131 1.603174603174603 0
0.5555555555561589 1.619047619047619 0
0.5555555555562042 1.634920634920635 0
0.5555555555562497 1.650793650793651 0
0.5555555555562952 1.666666666666667 0
0.555555555556341 1.682539682539683 0
0.5555555555563865 1.698412698412698 0
0.555555555556432 1.714285714285714 0
0.5555555555564773 1.73015873015873 0
0.555555555556523 1.746031746031746 0
0.5555555555565685 1.761904761904762 0
0.5555555555566141 1.777777777777778 0
0.5555555555566596 1.793650793650793 0
0.5555555555567051 1.809523809523809 0
0.5555555555567506 1.825396825396825 0
0.5555555555567961 1.841269841269841 0
0.5555555555568417 1.857142857142857 0
0.5555555555568872 1.873015873015873 0
0.5555555555569327 1.888888888888889 0
0.5555555555569782 1.904761904761905 0
0.5555555555570237 1.92063492063492 0
0.5555555555570693 1.936507936507937 0
0.5555555555571148 1.952380952380952 0
0.5555555555571603 1.968253968253969 0
0.5555555555572058 1.984126984126984 0
0.5714285714274839 1.015873015873016 0
0.5714285714275272 1.031746031746031 0
0.5714285714275705 1.047619047619048 0
0.5714285714276135 1.063492063492063 0
0.5714285714276565 1.07936507936508 0
0.5714285714276998 1.095238095238095 0
0.5714285714277431 1.111111111111111 0
0.5714285714277859 1.126984126984127 0
0.5714285714278292 1.142857142857143 0
0.5714285714278721 1.158730158730158 0
0.5714285714279154 1.174603174603175 0
0.5714285714279584 1.190476190476191 0
0.5714285714280013 1.206349206349207 0
0.5714285714280446 1.222222222222222 0
0.5714285714280879 1.238095238095238 0
0.5714285714281307 1.253968253968254 0
0.571428571428174 1.26984126984127 0
0.5714285714282171 1.285714285714285 0
0.5714285714282602 1.301587301587302 0
0.5714285714283033 1.317460317460317 0
0.5714285714283466 1.333333333333334 0
0.5714285714283894 1.349206349206349 0
0.5714285714284327 1.365079365079365 0
0.5714285714284758 1.380952380952381 0
0.5714285714285189 1.396825396825397 0
0.571428571428562 1.412698412698412 0
0.5714285714286053 1.428571428571428 0
0.5714285714286483 1.444444444444445 0
0.5714285714286914 1.46031746031746 0
0.5714285714287345 1.476190476190476 0
0.5714285714287776 1.492063492063492 0
0.5714285714288206 1.507936507936508 0
0.5714285714288637 1.523809523809524 0
0.5714285714289068 1.539682539682539 0
0.5714285714289499 1.555555555555556 0
0.5714285714289929 1.571428571428571 0
0.5714285714290362 1.587301587301588 0
0.5714285714290793 1.603174603174603 0
0.5714285714291224 1.619047619047619 0
0.5714285714291657 1.634920634920635 0
0.5714285714292088 1.650793650793651 0
0.5714285714292519 1.666666666666667 0
0.5714285714292949 1.682539682539682 0
0.571428571429338 1.698412698412699 0
0.5714285714293811 1.714285714285714 0
0.5714285714294242 1.73015873015873 0
0.5714285714294672 1.746031746031746 0
0.5714285714295105 1.761904761904762 0
0.5714285714295536 1.777777777777778 0
0.5714285714295967 1.793650793650793 0
0.5714285714296398 1.809523809523809 0
0.5714285714296828 1.825396825396825 0
0.5714285714297261 1.841269841269842 0
0.5714285714297692 1.857142857142857 0
0.5714285714298123 1.873015873015873 0
0.5714285714298554 1.888888888888889 0
0.5714285714298984 1.904761904761905 0
0.5714285714299415 1.92063492063492 0
0.5714285714299845 1.936507936507936 0
0.5714285714300277 1.952380952380953 0
0.5714285714300708 1.968253968253968 0
0.5714285714301141 1.984126984126984 0
0.5873015873005395 1.015873015873016 0
0.5873015873005801 1.031746031746032 0
0.5873015873006208 1.047619047619048 0
0.5873015873006614 1.063492063492063 0
0.5873015873007023 1.07936507936508 0
0.5873015873007429 1.095238095238095 0
0.5873015873007835 1.111111111111111 0
0.5873015873008242 1.126984126984127 0
0.587301587300865 1.142857142857143 0
0.5873015873009056 1.158730158730159 0
0.5873015873009463 1.174603174603175 0
0.5873015873009871 1.19047619047619 0
0.587301587301028 1.206349206349207 0
0.5873015873010686 1.222222222222222 0
0.587301587301109 1.238095238095238 0
0.5873015873011499 1.253968253968254 0
0.5873015873011908 1.26984126984127 0
0.5873015873012312 1.285714285714285 0
0.587301587301272 1.301587301587302 0
0.5873015873013127 1.317460317460317 0
0.5873015873013535 1.333333333333333 0
0.5873015873013941 1.349206349206349 0
0.5873015873014348 1.365079365079365 0
0.5873015873014754 1.380952380952381 0
0.5873015873015163 1.396825396825397 0
0.5873015873015569 1.412698412698413 0
0.5873015873015975 1.428571428571428 0
0.5873015873016384 1.444444444444444 0
0.587301587301679 1.46031746031746 0
0.5873015873017197 1.476190476190476 0
0.5873015873017605 1.492063492063492 0
0.5873015873018012 1.507936507936508 0
0.5873015873018418 1.523809523809524 0
0.5873015873018826 1.539682539682539 0
0.5873015873019233 1.555555555555556 0
0.5873015873019639 1.571428571428571 0
0.5873015873020048 1.587301587301587 0
0.5873015873020454 1.603174603174603 0
0.587301587302086 1.619047619047619 0
0.5873015873021267 1.634920634920635 0
0.5873015873021675 1.650793650793651 0
0.5873015873022082 1.666666666666667 0
0.5873015873022488 1.682539682539683 0
0.5873015873022894 1.698412698412698 0
0.5873015873023303 1.714285714285714 0
0.5873015873023711 1.73015873015873 0
0.5873015873024116 1.746031746031746 0
0.5873015873024524 1.761904761904762 0
0.5873015873024933 1.777777777777778 0
0.5873015873025337 1.793650793650793 0
0.5873015873025745 1.80952380952381 0
0.5873015873026152 1.825396825396826 0
0.5873015873026558 1.841269841269842 0
0.5873015873026967 1.857142857142857 0
0.5873015873027373 1.873015873015873 0
0.5873015873027779 1.888888888888889 0
0.5873015873028188 1.904761904761905 0
0.5873015873028594 1.92063492063492 0
0.5873015873029001 1.936507936507936 0
0.5873015873029409 1.952380952380952 0
0.5873015873029815 1.968253968253969 0
0.5873015873030222 1.984126984126984 0
0.6031746031735947 1.015873015873016 0
0.6031746031736331 1.031746031746032 0
0.6031746031736713 1.047619047619048 0
0.6031746031737095 1.063492063492063 0
0.6031746031737479 1.07936507936508 0
0.6031746031737861 1.095238095238095 0
0.6031746031738243 1.111111111111111 0
0.6031746031738627 1.126984126984127 0
0.6031746031739011 1.142857142857143 0
0.6031746031739393 1.158730158730159 0
0.6031746031739775 1.174603174603175 0
0.6031746031740159 1.19047619047619 0
0.6031746031740544 1.206349206349207 0
0.6031746031740925 1.222222222222222 0
0.6031746031741307 1.238095238095238 0
0.6031746031741692 1.253968253968254 0
0.6031746031742073 1.26984126984127 0
0.6031746031742455 1.285714285714286 0
0.6031746031742837 1.301587301587301 0
0.6031746031743221 1.317460317460317 0
0.6031746031743603 1.333333333333333 0
0.6031746031743987 1.349206349206349 0
0.6031746031744369 1.365079365079365 0
0.6031746031744754 1.380952380952381 0
0.6031746031745138 1.396825396825397 0
0.603174603174552 1.412698412698413 0
0.6031746031745902 1.428571428571428 0
0.6031746031746286 1.444444444444445 0
0.6031746031746668 1.46031746031746 0
0.6031746031747049 1.476190476190476 0
0.6031746031747434 1.492063492063492 0
0.6031746031747816 1.507936507936508 0
0.60317460317482 1.523809523809524 0
0.6031746031748582 1.53968253968254 0
0.6031746031748966 1.555555555555555 0
0.6031746031749348 1.571428571428572 0
0.6031746031749732 1.587301587301587 0
0.6031746031750114 1.603174603174603 0
0.6031746031750498 1.619047619047619 0
0.603174603175088 1.634920634920635 0
0.6031746031751262 1.650793650793651 0
0.6031746031751644 1.666666666666667 0
0.6031746031752028 1.682539682539682 0
0.6031746031752412 1.698412698412699 0
0.6031746031752794 1.714285714285714 0
0.6031746031753178 1.73015873015873 0
0.603174603175356 1.746031746031746 0
0.6031746031753942 1.761904761904762 0
0.6031746031754326 1.777777777777778 0
0.6031746031754708 1.793650793650793 0
0.6031746031755092 1.80952380952381 0
0.6031746031755474 1.825396825396826 0
0.6031746031755858 1.841269841269841 0
0.603174603175624 1.857142857142857 0
0.6031746031756622 1.873015873015873 0
0.6031746031757006 1.888888888888889 0
0.603174603175739 1.904761904761905 0
0.6031746031757772 1.92063492063492 0
0.6031746031758154 1.936507936507937 0
0.6031746031758536 1.952380952380952 0
0.603174603175892 1.968253968253968 0
0.6031746031759304 1.984126984126984 0
0.61904761904665 1.015873015873016 0
0.6190476190466859 1.031746031746031 0
0.6190476190467219 1.047619047619048 0
0.6190476190467579 1.063492063492063 0
0.6190476190467936 1.07936507936508 0
0.6190476190468294 1.095238095238095 0
0.6190476190468653 1.111111111111111 0
0.6190476190469013 1.126984126984127 0
0.6190476190469371 1.142857142857143 0
0.6190476190469728 1.158730158730159 0
0.6190476190470088 1.174603174603175 0
0.619047619047045 1.19047619047619 0
0.6190476190470807 1.206349206349207 0
0.6190476190471165 1.222222222222222 0
0.6190476190471522 1.238095238095238 0
0.6190476190471882 1.253968253968254 0
0.6190476190472242 1.26984126984127 0
0.6190476190472599 1.285714285714285 0
0.6190476190472959 1.301587301587302 0
0.6190476190473319 1.317460317460318 0
0.6190476190473676 1.333333333333333 0
0.6190476190474034 1.349206349206349 0
0.6190476190474393 1.365079365079365 0
0.6190476190474751 1.380952380952381 0
0.619047619047511 1.396825396825397 0
0.619047619047547 1.412698412698413 0
0.619047619047583 1.428571428571428 0
0.6190476190476187 1.444444444444444 0
0.6190476190476547 1.460317460317461 0
0.6190476190476905 1.476190476190476 0
0.6190476190477264 1.492063492063492 0
0.6190476190477622 1.507936507936508 0
0.6190476190477981 1.523809523809524 0
0.6190476190478341 1.53968253968254 0
0.6190476190478699 1.555555555555556 0
0.6190476190479058 1.571428571428571 0
0.6190476190479416 1.587301587301587 0
0.6190476190479776 1.603174603174603 0
0.6190476190480133 1.619047619047619 0
0.6190476190480493 1.634920634920635 0
0.619047619048085 1.650793650793651 0
0.619047619048121 1.666666666666667 0
0.619047619048157 1.682539682539683 0
0.6190476190481927 1.698412698412698 0
0.6190476190482285 1.714285714285714 0
0.6190476190482644 1.73015873015873 0
0.6190476190483004 1.746031746031746 0
0.6190476190483362 1.761904761904762 0
0.6190476190483721 1.777777777777778 0
0.6190476190484079 1.793650793650793 0
0.6190476190484439 1.80952380952381 0
0.6190476190484798 1.825396825396825 0
0.6190476190485156 1.841269841269842 0
0.6190476190485515 1.857142857142857 0
0.6190476190485873 1.873015873015873 0
0.6190476190486233 1.888888888888889 0
0.6190476190486592 1.904761904761905 0
0.619047619048695 1.92063492063492 0
0.619047619048731 1.936507936507937 0
0.6190476190487667 1.952380952380952 0
0.6190476190488027 1.968253968253968 0
0.6190476190488386 1.984126984126984 0
0.6349206349197055 1.015873015873016 0
0.634920634919739 1.031746031746032 0
0.6349206349197724 1.047619047619048 0
0.6349206349198059 1.063492063492063 0
0.6349206349198394 1.07936507936508 0
0.6349206349198727 1.095238095238095 0
0.6349206349199064 1.111111111111111 0
0.6349206349199398 1.126984126984127 0
0.6349206349199733 1.142857142857143 0
0.6349206349200066 1.158730158730159 0
0.6349206349200401 1.174603174603175 0
0.6349206349200737 1.19047619047619 0
0.634920634920107 1.206349206349207 0
0.6349206349201405 1.222222222222222 0
0.634920634920174 1.238095238095238 0
0.6349206349202073 1.253968253968254 0
0.6349206349202409 1.26984126984127 0
0.6349206349202742 1.285714285714285 0
0.6349206349203077 1.301587301587302 0
0.6349206349203412 1.317460317460317 0
0.634920634920375 1.333333333333334 0
0.6349206349204083 1.349206349206349 0
0.6349206349204416 1.365079365079365 0
0.6349206349204751 1.380952380952381 0
0.6349206349205084 1.396825396825397 0
0.634920634920542 1.412698412698413 0
0.6349206349205755 1.428571428571429 0
0.634920634920609 1.444444444444444 0
0.6349206349206425 1.46031746031746 0
0.6349206349206759 1.476190476190476 0
0.6349206349207094 1.492063492063492 0
0.6349206349207427 1.507936507936508 0
0.6349206349207762 1.523809523809524 0
0.6349206349208097 1.539682539682539 0
0.6349206349208433 1.555555555555555 0
0.6349206349208768 1.571428571428571 0
0.6349206349209101 1.587301587301588 0
0.6349206349209436 1.603174603174603 0
0.6349206349209772 1.619047619047619 0
0.6349206349210105 1.634920634920635 0
0.634920634921044 1.650793650793651 0
0.6349206349210775 1.666666666666667 0
0.6349206349211108 1.682539682539683 0
0.6349206349211444 1.698412698412698 0
0.6349206349211779 1.714285714285714 0
0.6349206349212112 1.73015873015873 0
0.6349206349212447 1.746031746031746 0
0.6349206349212783 1.761904761904762 0
0.6349206349213116 1.777777777777778 0
0.6349206349213453 1.793650793650793 0
0.6349206349213786 1.80952380952381 0
0.6349206349214119 1.825396825396825 0
0.6349206349214457 1.841269841269842 0
0.634920634921479 1.857142857142857 0
0.6349206349215123 1.873015873015873 0
0.6349206349215462 1.888888888888889 0
0.6349206349215794 1.904761904761905 0
0.6349206349216129 1.92063492063492 0
0.6349206349216464 1.936507936507937 0
0.6349206349216797 1.952380952380952 0
0.6349206349217132 1.968253968253968 0
0.6349206349217468 1.984126984126984 0
0.6507936507927607 1.015873015873016 0
0.6507936507927918 1.031746031746031 0
0.6507936507928229 1.047619047619048 0
0.6507936507928538 1.063492063492063 0
0.6507936507928849 1.07936507936508 0
0.650793650792916 1.095238095238095 0
0.650793650792947 1.111111111111111 0
0.6507936507929781 1.126984126984127 0
0.650793650793009 1.142857142857143 0
0.6507936507930403 1.158730158730159 0
0.6507936507930712 1.174603174603175 0
0.6507936507931025 1.19047619047619 0
0.6507936507931333 1.206349206349207 0
0.6507936507931644 1.222222222222222 0
0.6507936507931953 1.238095238095238 0
0.6507936507932264 1.253968253968254 0
0.6507936507932577 1.26984126984127 0
0.6507936507932885 1.285714285714285 0
0.6507936507933196 1.301587301587302 0
0.6507936507933507 1.317460317460318 0
0.6507936507933818 1.333333333333333 0
0.6507936507934129 1.349206349206349 0
0.650793650793444 1.365079365079365 0
0.6507936507934748 1.380952380952381 0
0.6507936507935062 1.396825396825397 0
0.650793650793537 1.412698412698412 0
0.6507936507935681 1.428571428571429 0
0.6507936507935992 1.444444444444444 0
0.6507936507936303 1.46031746031746 0
0.6507936507936611 1.476190476190476 0
0.6507936507936922 1.492063492063492 0
0.6507936507937233 1.507936507936508 0
0.6507936507937544 1.523809523809524 0
0.6507936507937855 1.53968253968254 0
0.6507936507938166 1.555555555555556 0
0.6507936507938477 1.571428571428571 0
0.6507936507938787 1.587301587301588 0
0.6507936507939096 1.603174603174603 0
0.6507936507939407 1.619047619047619 0
0.6507936507939718 1.634920634920635 0
0.6507936507940029 1.650793650793651 0
0.6507936507940337 1.666666666666667 0
0.650793650794065 1.682539682539682 0
0.6507936507940959 1.698412698412698 0
0.650793650794127 1.714285714285715 0
0.6507936507941581 1.73015873015873 0
0.6507936507941892 1.746031746031746 0
0.6507936507942202 1.761904761904762 0
0.6507936507942513 1.777777777777778 0
0.6507936507942824 1.793650793650793 0
0.6507936507943135 1.80952380952381 0
0.6507936507943444 1.825396825396825 0
0.6507936507943755 1.841269841269841 0
0.6507936507944065 1.857142857142857 0
0.6507936507944376 1.873015873015873 0
0.6507936507944685 1.888888888888889 0
0.6507936507944996 1.904761904761905 0
0.6507936507945307 1.92063492063492 0
0.6507936507945618 1.936507936507936 0
0.6507936507945928 1.952380952380953 0
0.6507936507946239 1.968253968253969 0
0.650793650794655 1.984126984126984 0
0.666666666665816 1.015873015873016 0
0.6666666666658446 1.031746031746032 0
0.6666666666658733 1.047619047619048 0
0.6666666666659021 1.063492063492063 0
0.6666666666659306 1.07936507936508 0
0.6666666666659592 1.095238095238095 0
0.6666666666659881 1.111111111111111 0
0.6666666666660167 1.126984126984127 0
0.6666666666660453 1.142857142857143 0
0.6666666666660738 1.158730158730159 0
0.6666666666661024 1.174603174603175 0
0.6666666666661311 1.19047619047619 0
0.6666666666661597 1.206349206349207 0
0.6666666666661883 1.222222222222222 0
0.666666666666217 1.238095238095238 0
0.6666666666662456 1.253968253968254 0
0.6666666666662745 1.26984126984127 0
0.6666666666663029 1.285714285714286 0
0.6666666666663316 1.301587301587302 0
0.6666666666663604 1.317460317460317 0
0.6666666666663891 1.333333333333334 0
0.6666666666664175 1.349206349206349 0
0.6666666666664464 1.365079365079365 0
0.6666666666664748 1.380952380952381 0
0.6666666666665034 1.396825396825397 0
0.6666666666665321 1.412698412698413 0
0.6666666666665607 1.428571428571429 0
0.6666666666665894 1.444444444444445 0
0.6666666666666182 1.460317460317461 0
0.6666666666666466 1.476190476190476 0
0.6666666666666753 1.492063492063492 0
0.6666666666667039 1.507936507936508 0
0.6666666666667326 1.523809523809524 0
0.6666666666667612 1.53968253968254 0
0.6666666666667899 1.555555555555555 0
0.6666666666668185 1.571428571428571 0
0.6666666666668469 1.587301587301588 0
0.6666666666668758 1.603174603174603 0
0.6666666666669044 1.619047619047619 0
0.6666666666669331 1.634920634920635 0
0.6666666666669617 1.650793650793651 0
0.6666666666669904 1.666666666666667 0
0.666666666667019 1.682539682539682 0
0.6666666666670477 1.698412698412698 0
0.6666666666670761 1.714285714285715 0
0.6666666666671049 1.73015873015873 0
0.6666666666671336 1.746031746031746 0
0.6666666666671622 1.761904761904762 0
0.6666666666671909 1.777777777777778 0
0.6666666666672195 1.793650793650793 0
0.6666666666672479 1.809523809523809 0
0.6666666666672768 1.825396825396825 0
0.6666666666673052 1.841269841269842 0
0.6666666666673341 1.857142857142857 0
0.6666666666673625 1.873015873015873 0
0.6666666666673914 1.888888888888889 0
0.66666666666742 1.904761904761905 0
0.6666666666674487 1.92063492063492 0
0.6666666666674771 1.936507936507936 0
0.666666666667506 1.952380952380952 0
0.6666666666675344 1.968253968253969 0
0.6666666666675632 1.984126984126984 0
0.6825396825388714 1.015873015873016 0
0.6825396825388976 1.031746031746032 0
0.6825396825389241 1.047619047619048 0
0.6825396825389503 1.063492063492063 0
0.6825396825389765 1.07936507936508 0
0.6825396825390027 1.095238095238095 0
0.6825396825390289 1.111111111111111 0
0.6825396825390548 1.126984126984127 0
0.6825396825390813 1.142857142857143 0
0.6825396825391075 1.158730158730159 0
0.6825396825391339 1.174603174603175 0
0.6825396825391601 1.19047619047619 0
0.6825396825391863 1.206349206349207 0
0.6825396825392123 1.222222222222222 0
0.6825396825392385 1.238095238095238 0
0.6825396825392649 1.253968253968254 0
0.6825396825392911 1.26984126984127 0
0.6825396825393173 1.285714285714285 0
0.6825396825393435 1.301587301587302 0
0.6825396825393697 1.317460317460317 0
0.6825396825393959 1.333333333333333 0
0.6825396825394223 1.349206349206349 0
0.6825396825394483 1.365079365079365 0
0.6825396825394747 1.380952380952381 0
0.6825396825395007 1.396825396825397 0
0.6825396825395269 1.412698412698412 0
0.6825396825395531 1.428571428571429 0
0.6825396825395795 1.444444444444444 0
0.6825396825396057 1.46031746031746 0
0.6825396825396319 1.476190476190476 0
0.6825396825396584 1.492063492063492 0
0.6825396825396843 1.507936507936508 0
0.6825396825397108 1.523809523809524 0
0.682539682539737 1.53968253968254 0
0.6825396825397632 1.555555555555556 0
0.6825396825397894 1.571428571428571 0
0.6825396825398156 1.587301587301588 0
0.6825396825398418 1.603174603174603 0
0.682539682539868 1.619047619047619 0
0.6825396825398944 1.634920634920635 0
0.6825396825399204 1.65079365079365 0
0.6825396825399468 1.666666666666667 0
0.682539682539973 1.682539682539682 0
0.6825396825399992 1.698412698412698 0
0.6825396825400254 1.714285714285715 0
0.6825396825400516 1.73015873015873 0
0.682539682540078 1.746031746031746 0
0.6825396825401042 1.761904761904762 0
0.6825396825401304 1.777777777777778 0
0.6825396825401566 1.793650793650793 0
0.6825396825401828 1.809523809523809 0
0.682539682540209 1.825396825396825 0
0.6825396825402352 1.841269841269841 0
0.6825396825402614 1.857142857142857 0
0.6825396825402876 1.873015873015873 0
0.6825396825403138 1.888888888888889 0
0.68253968254034 1.904761904761905 0
0.6825396825403662 1.92063492063492 0
0.6825396825403924 1.936507936507937 0
0.6825396825404186 1.952380952380953 0
0.6825396825404451 1.968253968253968 0
0.6825396825404713 1.984126984126984 0
0.6984126984119267 1.015873015873016 0
0.6984126984119506 1.031746031746031 0
0.6984126984119742 1.047619047619048 0
0.6984126984119982 1.063492063492063 0
0.6984126984120221 1.07936507936508 0
0.6984126984120457 1.095238095238095 0
0.6984126984120697 1.111111111111111 0
0.6984126984120936 1.126984126984127 0
0.6984126984121171 1.142857142857143 0
0.698412698412141 1.158730158730158 0
0.6984126984121648 1.174603174603175 0
0.6984126984121887 1.19047619047619 0
0.6984126984122127 1.206349206349207 0
0.6984126984122364 1.222222222222222 0
0.6984126984122602 1.238095238095238 0
0.6984126984122839 1.253968253968254 0
0.6984126984123078 1.26984126984127 0
0.6984126984123314 1.285714285714286 0
0.6984126984123554 1.301587301587302 0
0.6984126984123792 1.317460317460317 0
0.6984126984124029 1.333333333333334 0
0.6984126984124267 1.349206349206349 0
0.6984126984124507 1.365079365079365 0
0.6984126984124744 1.380952380952381 0
0.6984126984124984 1.396825396825397 0
0.6984126984125222 1.412698412698413 0
0.6984126984125459 1.428571428571429 0
0.6984126984125697 1.444444444444444 0
0.6984126984125935 1.46031746031746 0
0.6984126984126174 1.476190476190476 0
0.6984126984126412 1.492063492063492 0
0.698412698412665 1.507936507936508 0
0.6984126984126887 1.523809523809524 0
0.6984126984127127 1.539682539682539 0
0.6984126984127365 1.555555555555556 0
0.6984126984127602 1.571428571428571 0
0.6984126984127842 1.587301587301588 0
0.698412698412808 1.603174603174603 0
0.6984126984128317 1.619047619047619 0
0.6984126984128555 1.634920634920635 0
0.6984126984128792 1.650793650793651 0
0.6984126984129032 1.666666666666667 0
0.698412698412927 1.682539682539683 0
0.6984126984129507 1.698412698412698 0
0.6984126984129745 1.714285714285714 0
0.6984126984129984 1.73015873015873 0
0.6984126984130222 1.746031746031746 0
0.698412698413046 1.761904761904762 0
0.6984126984130697 1.777777777777778 0
0.6984126984130937 1.793650793650793 0
0.6984126984131175 1.80952380952381 0
0.6984126984131411 1.825396825396825 0
0.6984126984131651 1.841269841269841 0
0.6984126984131886 1.857142857142857 0
0.6984126984132127 1.873015873015873 0
0.6984126984132365 1.888888888888889 0
0.6984126984132603 1.904761904761905 0
0.6984126984132842 1.92063492063492 0
0.698412698413308 1.936507936507937 0
0.6984126984133318 1.952380952380952 0
0.6984126984133557 1.968253968253968 0
0.6984126984133793 1.984126984126984 0
0.7142857142849821 1.015873015873016 0
0.7142857142850035 1.031746031746032 0
0.7142857142850251 1.047619047619048 0
0.7142857142850462 1.063492063492063 0
0.7142857142850677 1.07936507936508 0
0.714285714285089 1.095238095238095 0
0.7142857142851103 1.111111111111111 0
0.7142857142851319 1.126984126984127 0
0.7142857142851534 1.142857142857143 0
0.7142857142851748 1.158730158730159 0
0.7142857142851963 1.174603174603175 0
0.7142857142852176 1.19047619047619 0
0.7142857142852388 1.206349206349206 0
0.7142857142852602 1.222222222222222 0
0.7142857142852818 1.238095238095238 0
0.7142857142853032 1.253968253968254 0
0.7142857142853246 1.26984126984127 0
0.7142857142853459 1.285714285714285 0
0.7142857142853672 1.301587301587302 0
0.7142857142853886 1.317460317460317 0
0.7142857142854101 1.333333333333333 0
0.7142857142854314 1.349206349206349 0
0.714285714285453 1.365079365079365 0
0.7142857142854743 1.380952380952381 0
0.7142857142854958 1.396825396825397 0
0.7142857142855171 1.412698412698412 0
0.7142857142855387 1.428571428571428 0
0.71428571428556 1.444444444444444 0
0.7142857142855813 1.460317460317461 0
0.7142857142856026 1.476190476190476 0
0.7142857142856242 1.492063492063492 0
0.7142857142856457 1.507936507936508 0
0.714285714285667 1.523809523809524 0
0.7142857142856883 1.53968253968254 0
0.7142857142857096 1.555555555555556 0
0.714285714285731 1.571428571428571 0
0.7142857142857525 1.587301587301587 0
0.714285714285774 1.603174603174603 0
0.7142857142857953 1.619047619047619 0
0.7142857142858167 1.634920634920635 0
0.7142857142858382 1.650793650793651 0
0.7142857142858595 1.666666666666666 0
0.7142857142858811 1.682539682539682 0
0.7142857142859024 1.698412698412699 0
0.7142857142859239 1.714285714285715 0
0.7142857142859452 1.73015873015873 0
0.7142857142859667 1.746031746031746 0
0.7142857142859881 1.761904761904762 0
0.7142857142860094 1.777777777777778 0
0.7142857142860306 1.793650793650793 0
0.7142857142860523 1.80952380952381 0
0.7142857142860738 1.825396825396825 0
0.7142857142860952 1.841269841269842 0
0.7142857142861164 1.857142857142857 0
0.7142857142861377 1.873015873015873 0
0.7142857142861593 1.888888888888889 0
0.7142857142861806 1.904761904761905 0
0.7142857142862021 1.92063492063492 0
0.7142857142862234 1.936507936507936 0
0.7142857142862448 1.952380952380952 0
0.7142857142862663 1.968253968253968 0
0.7142857142862875 1.984126984126984 0
0.7301587301580375 1.015873015873016 0
0.7301587301580565 1.031746031746031 0
0.7301587301580754 1.047619047619048 0
0.7301587301580945 1.063492063492063 0
0.7301587301581134 1.07936507936508 0
0.7301587301581325 1.095238095238095 0
0.7301587301581514 1.111111111111111 0
0.7301587301581702 1.126984126984127 0
0.7301587301581893 1.142857142857143 0
0.7301587301582084 1.158730158730158 0
0.7301587301582273 1.174603174603175 0
0.7301587301582464 1.19047619047619 0
0.7301587301582653 1.206349206349207 0
0.7301587301582844 1.222222222222222 0
0.7301587301583032 1.238095238095238 0
0.7301587301583221 1.253968253968254 0
0.7301587301583414 1.26984126984127 0
0.7301587301583601 1.285714285714286 0
0.7301587301583794 1.301587301587302 0
0.7301587301583983 1.317460317460317 0
0.7301587301584171 1.333333333333333 0
0.7301587301584362 1.349206349206349 0
0.7301587301584553 1.365079365079365 0
0.7301587301584742 1.380952380952381 0
0.7301587301584933 1.396825396825397 0
0.730158730158512 1.412698412698413 0
0.7301587301585313 1.428571428571428 0
0.7301587301585502 1.444444444444444 0
0.730158730158569 1.460317460317461 0
0.7301587301585881 1.476190476190476 0
0.730158730158607 1.492063492063492 0
0.7301587301586261 1.507936507936508 0
0.730158730158645 1.523809523809524 0
0.7301587301586641 1.53968253968254 0
0.7301587301586832 1.555555555555555 0
0.730158730158702 1.571428571428572 0
0.7301587301587211 1.587301587301587 0
0.73015873015874 1.603174603174603 0
0.7301587301587589 1.619047619047619 0
0.730158730158778 1.634920634920635 0
0.7301587301587968 1.650793650793651 0
0.7301587301588159 1.666666666666666 0
0.730158730158835 1.682539682539683 0
0.7301587301588541 1.698412698412698 0
0.730158730158873 1.714285714285714 0
0.7301587301588919 1.73015873015873 0
0.730158730158911 1.746031746031746 0
0.7301587301589298 1.761904761904762 0
0.7301587301589487 1.777777777777778 0
0.7301587301589678 1.793650793650793 0
0.7301587301589869 1.80952380952381 0
0.7301587301590058 1.825396825396825 0
0.7301587301590247 1.841269841269841 0
0.7301587301590438 1.857142857142857 0
0.7301587301590629 1.873015873015873 0
0.7301587301590819 1.888888888888889 0
0.7301587301591008 1.904761904761905 0
0.7301587301591197 1.92063492063492 0
0.7301587301591388 1.936507936507937 0
0.7301587301591579 1.952380952380952 0
0.7301587301591768 1.968253968253969 0
0.7301587301591956 1.984126984126984 0
0.7460317460310927 1.015873015873016 0
0.7460317460311093 1.031746031746031 0
0.746031746031126 1.047619047619048 0
0.7460317460311424 1.063492063492063 0
0.7460317460311588 1.07936507936508 0
0.7460317460311755 1.095238095238095 0
0.7460317460311922 1.111111111111111 0
0.7460317460312088 1.126984126984127 0
0.7460317460312255 1.142857142857143 0
0.7460317460312421 1.158730158730158 0
0.7460317460312585 1.174603174603175 0
0.7460317460312752 1.19047619047619 0
0.7460317460312915 1.206349206349207 0
0.7460317460313083 1.222222222222222 0
0.7460317460313247 1.238095238095238 0
0.7460317460313414 1.253968253968254 0
0.7460317460313581 1.26984126984127 0
0.7460317460313747 1.285714285714285 0
0.7460317460313913 1.301587301587302 0
0.7460317460314078 1.317460317460317 0
0.7460317460314244 1.333333333333333 0
0.7460317460314408 1.349206349206349 0
0.7460317460314575 1.365079365079365 0
0.7460317460314739 1.380952380952381 0
0.7460317460314906 1.396825396825397 0
0.7460317460315072 1.412698412698412 0
0.7460317460315239 1.428571428571429 0
0.7460317460315403 1.444444444444444 0
0.7460317460315572 1.46031746031746 0
0.7460317460315736 1.476190476190476 0
0.7460317460315901 1.492063492063492 0
0.7460317460316067 1.507936507936508 0
0.7460317460316231 1.523809523809524 0
0.7460317460316398 1.539682539682539 0
0.7460317460316565 1.555555555555555 0
0.7460317460316731 1.571428571428571 0
0.7460317460316895 1.587301587301587 0
0.7460317460317062 1.603174603174603 0
0.7460317460317228 1.619047619047619 0
0.7460317460317393 1.634920634920635 0
0.7460317460317557 1.650793650793651 0
0.7460317460317724 1.666666666666666 0
0.746031746031789 1.682539682539683 0
0.7460317460318057 1.698412698412698 0
0.7460317460318223 1.714285714285714 0
0.7460317460318389 1.73015873015873 0
0.7460317460318552 1.746031746031746 0
0.7460317460318721 1.761904761904762 0
0.7460317460318885 1.777777777777778 0
0.746031746031905 1.793650793650793 0
0.7460317460319218 1.80952380952381 0
0.7460317460319382 1.825396825396825 0
0.7460317460319549 1.841269841269841 0
0.7460317460319715 1.857142857142857 0
0.746031746031988 1.873015873015873 0
0.7460317460320044 1.888888888888889 0
0.7460317460320213 1.904761904761905 0
0.7460317460320377 1.92063492063492 0
0.7460317460320541 1.936507936507937 0
0.746031746032071 1.952380952380952 0
0.7460317460320874 1.968253968253968 0
0.7460317460321039 1.984126984126984 0
0.7619047619041479 1.015873015873016 0
0.7619047619041621 1.031746031746032 0
0.7619047619041763 1.047619047619048 0
0.7619047619041903 1.063492063492063 0
0.7619047619042045 1.07936507936508 0
0.7619047619042187 1.095238095238095 0
0.7619047619042327 1.111111111111111 0
0.7619047619042472 1.126984126984127 0
0.7619047619042614 1.142857142857143 0
0.7619047619042754 1.158730158730158 0
0.7619047619042898 1.174603174603175 0
0.7619047619043036 1.19047619047619 0
0.761904761904318 1.206349206349207 0
0.761904761904332 1.222222222222222 0
0.7619047619043462 1.238095238095238 0
0.7619047619043606 1.253968253968254 0
0.7619047619043746 1.26984126984127 0
0.7619047619043888 1.285714285714286 0
0.761904761904403 1.301587301587302 0
0.761904761904417 1.317460317460317 0
0.7619047619044312 1.333333333333333 0
0.7619047619044454 1.349206349206349 0
0.7619047619044597 1.365079365079365 0
0.7619047619044739 1.380952380952381 0
0.7619047619044879 1.396825396825397 0
0.7619047619045021 1.412698412698413 0
0.7619047619045163 1.428571428571428 0
0.7619047619045305 1.444444444444444 0
0.7619047619045447 1.460317460317461 0
0.7619047619045589 1.476190476190476 0
0.7619047619045729 1.492063492063492 0
0.7619047619045871 1.507936507936508 0
0.7619047619046013 1.523809523809524 0
0.7619047619046155 1.539682539682539 0
0.7619047619046297 1.555555555555556 0
0.7619047619046437 1.571428571428571 0
0.7619047619046579 1.587301587301587 0
0.7619047619046722 1.603174603174603 0
0.7619047619046861 1.619047619047619 0
0.7619047619047006 1.634920634920635 0
0.7619047619047146 1.650793650793651 0
0.7619047619047288 1.666666666666666 0
0.761904761904743 1.682539682539682 0
0.7619047619047572 1.698412698412698 0
0.7619047619047714 1.714285714285715 0
0.7619047619047854 1.73015873015873 0
0.7619047619047996 1.746031746031746 0
0.7619047619048138 1.761904761904762 0
0.761904761904828 1.777777777777778 0
0.7619047619048422 1.793650793650793 0
0.7619047619048562 1.809523809523809 0
0.7619047619048704 1.825396825396825 0
0.7619047619048847 1.841269841269842 0
0.7619047619048989 1.857142857142857 0
0.7619047619049131 1.873015873015873 0
0.7619047619049273 1.888888888888889 0
0.7619047619049413 1.904761904761905 0
0.7619047619049553 1.92063492063492 0
0.7619047619049695 1.936507936507937 0
0.7619047619049837 1.952380952380952 0
0.7619047619049979 1.968253968253968 0
0.7619047619050121 1.984126984126984 0
0.7777777777772034 1.015873015873016 0
0.7777777777772151 1.031746031746031 0
0.7777777777772269 1.047619047619048 0
0.7777777777772384 1.063492063492063 0
0.7777777777772502 1.07936507936508 0
0.7777777777772619 1.095238095238095 0
0.777777777777274 1.111111111111111 0
0.7777777777772855 1.126984126984127 0
0.7777777777772975 1.142857142857143 0
0.7777777777773093 1.158730158730158 0
0.777777777777321 1.174603174603175 0
0.7777777777773326 1.19047619047619 0
0.7777777777773444 1.206349206349207 0
0.7777777777773561 1.222222222222222 0
0.777777777777368 1.238095238095238 0
0.7777777777773794 1.253968253968254 0
0.7777777777773914 1.26984126984127 0
0.7777777777774032 1.285714285714286 0
0.7777777777774147 1.301587301587302 0
0.7777777777774265 1.317460317460317 0
0.7777777777774384 1.333333333333333 0
0.7777777777774499 1.349206349206349 0
0.7777777777774618 1.365079365079365 0
0.7777777777774736 1.380952380952381 0
0.7777777777774854 1.396825396825397 0
0.7777777777774971 1.412698412698412 0
0.7777777777775089 1.428571428571429 0
0.7777777777775207 1.444444444444444 0
0.7777777777775324 1.460317460317461 0
0.7777777777775442 1.476190476190476 0
0.7777777777775557 1.492063492063492 0
0.7777777777775677 1.507936507936508 0
0.7777777777775793 1.523809523809524 0
0.7777777777775911 1.53968253968254 0
0.7777777777776028 1.555555555555555 0
0.7777777777776148 1.571428571428571 0
0.7777777777776266 1.587301587301587 0
0.7777777777776383 1.603174603174603 0
0.7777777777776499 1.619047619047619 0
0.7777777777776617 1.634920634920635 0
0.7777777777776733 1.650793650793651 0
0.7777777777776849 1.666666666666666 0
0.777777777777697 1.682539682539683 0
0.7777777777777087 1.698412698412698 0
0.7777777777777205 1.714285714285715 0
0.7777777777777323 1.73015873015873 0
0.777777777777744 1.746031746031746 0
0.7777777777777557 1.761904761904762 0
0.7777777777777676 1.777777777777778 0
0.7777777777777791 1.793650793650793 0
0.7777777777777909 1.80952380952381 0
0.7777777777778027 1.825396825396825 0
0.7777777777778146 1.841269841269841 0
0.7777777777778262 1.857142857142857 0
0.777777777777838 1.873015873015873 0
0.7777777777778497 1.888888888888889 0
0.7777777777778614 1.904761904761905 0
0.7777777777778733 1.92063492063492 0
0.777777777777885 1.936507936507936 0
0.7777777777778968 1.952380952380952 0
0.7777777777779084 1.968253968253969 0
0.7777777777779203 1.984126984126984 0
0.7936507936502586 1.015873015873016 0
0.7936507936502681 1.031746031746032 0
0.7936507936502772 1.047619047619048 0
0.7936507936502868 1.063492063492063 0
0.7936507936502959 1.07936507936508 0
0.7936507936503054 1.095238095238095 0
0.7936507936503145 1.111111111111111 0
0.7936507936503239 1.126984126984127 0
0.7936507936503334 1.142857142857143 0
0.7936507936503425 1.158730158730158 0
0.7936507936503521 1.174603174603175 0
0.7936507936503612 1.19047619047619 0
0.7936507936503707 1.206349206349207 0
0.79365079365038 1.222222222222222 0
0.7936507936503894 1.238095238095238 0
0.7936507936503987 1.253968253968254 0
0.793650793650408 1.26984126984127 0
0.7936507936504176 1.285714285714285 0
0.7936507936504267 1.301587301587302 0
0.7936507936504362 1.317460317460317 0
0.7936507936504453 1.333333333333333 0
0.7936507936504549 1.349206349206349 0
0.7936507936504642 1.365079365079365 0
0.7936507936504733 1.380952380952381 0
0.7936507936504829 1.396825396825397 0
0.793650793650492 1.412698412698413 0
0.7936507936505013 1.428571428571429 0
0.7936507936505108 1.444444444444444 0
0.7936507936505202 1.460317460317461 0
0.7936507936505293 1.476190476190476 0
0.7936507936505388 1.492063492063492 0
0.7936507936505481 1.507936507936508 0
0.7936507936505572 1.523809523809524 0
0.793650793650567 1.539682539682539 0
0.7936507936505761 1.555555555555556 0
0.7936507936505857 1.571428571428571 0
0.7936507936505948 1.587301587301587 0
0.7936507936506043 1.603174603174603 0
0.7936507936506136 1.619047619047619 0
0.793650793650623 1.634920634920635 0
0.7936507936506323 1.650793650793651 0
0.7936507936506414 1.666666666666666 0
0.7936507936506509 1.682539682539683 0
0.7936507936506603 1.698412698412698 0
0.7936507936506696 1.714285714285714 0
0.7936507936506789 1.73015873015873 0
0.7936507936506882 1.746031746031746 0
0.7936507936506976 1.761904761904762 0
0.7936507936507069 1.777777777777778 0
0.7936507936507162 1.793650793650793 0
0.7936507936507256 1.80952380952381 0
0.7936507936507349 1.825396825396825 0
0.7936507936507442 1.841269841269842 0
0.7936507936507535 1.857142857142857 0
0.7936507936507629 1.873015873015873 0
0.7936507936507724 1.888888888888889 0
0.7936507936507815 1.904761904761905 0
0.7936507936507908 1.92063492063492 0
0.7936507936508004 1.936507936507936 0
0.7936507936508097 1.952380952380952 0
0.7936507936508188 1.968253968253969 0
0.7936507936508284 1.984126984126984 0
0.809523809523314 1.015873015873016 0
0.8095238095233207 1.031746031746031 0
0.8095238095233276 1.047619047619048 0
0.8095238095233347 1.063492063492063 0
0.8095238095233418 1.07936507936508 0
0.8095238095233485 1.095238095238095 0
0.8095238095233556 1.111111111111111 0
0.8095238095233627 1.126984126984127 0
0.8095238095233697 1.142857142857143 0
0.8095238095233764 1.158730158730158 0
0.8095238095233833 1.174603174603175 0
0.8095238095233902 1.19047619047619 0
0.8095238095233971 1.206349206349207 0
0.8095238095234042 1.222222222222222 0
0.8095238095234111 1.238095238095238 0
0.809523809523418 1.253968253968254 0
0.8095238095234245 1.26984126984127 0
0.8095238095234317 1.285714285714285 0
0.8095238095234386 1.301587301587302 0
0.8095238095234455 1.317460317460317 0
0.8095238095234523 1.333333333333333 0
0.8095238095234594 1.34920634920635 0
0.809523809523466 1.365079365079365 0
0.8095238095234732 1.380952380952381 0
0.8095238095234801 1.396825396825397 0
0.8095238095234872 1.412698412698412 0
0.8095238095234941 1.428571428571429 0
0.809523809523501 1.444444444444444 0
0.8095238095235079 1.46031746031746 0
0.8095238095235148 1.476190476190476 0
0.8095238095235217 1.492063492063492 0
0.8095238095235288 1.507936507936508 0
0.8095238095235356 1.523809523809524 0
0.8095238095235425 1.539682539682539 0
0.8095238095235494 1.555555555555556 0
0.8095238095235563 1.571428571428571 0
0.8095238095235632 1.587301587301587 0
0.8095238095235703 1.603174603174603 0
0.8095238095235772 1.619047619047619 0
0.8095238095235839 1.634920634920635 0
0.8095238095235913 1.650793650793651 0
0.8095238095235979 1.666666666666666 0
0.8095238095236047 1.682539682539683 0
0.8095238095236118 1.698412698412698 0
0.8095238095236187 1.714285714285714 0
0.8095238095236257 1.73015873015873 0
0.8095238095236325 1.746031746031746 0
0.8095238095236396 1.761904761904762 0
0.8095238095236464 1.777777777777778 0
0.8095238095236533 1.793650793650793 0
0.8095238095236604 1.80952380952381 0
0.8095238095236671 1.825396825396825 0
0.8095238095236742 1.841269841269841 0
0.8095238095236812 1.857142857142857 0
0.809523809523688 1.873015873015873 0
0.8095238095236948 1.888888888888889 0
0.8095238095237017 1.904761904761905 0
0.8095238095237088 1.92063492063492 0
0.8095238095237155 1.936507936507937 0
0.8095238095237226 1.952380952380952 0
0.8095238095237297 1.968253968253968 0
0.8095238095237364 1.984126984126984 0
0.8253968253963695 1.015873015873016 0
0.8253968253963739 1.031746031746031 0
0.8253968253963784 1.047619047619048 0
0.8253968253963828 1.063492063492063 0
0.8253968253963875 1.07936507936508 0
0.8253968253963919 1.095238095238095 0
0.8253968253963966 1.111111111111111 0
0.8253968253964008 1.126984126984127 0
0.8253968253964055 1.142857142857143 0
0.8253968253964099 1.158730158730159 0
0.8253968253964146 1.174603174603174 0
0.825396825396419 1.19047619047619 0
0.8253968253964237 1.206349206349207 0
0.8253968253964279 1.222222222222222 0
0.8253968253964326 1.238095238095238 0
0.825396825396437 1.253968253968254 0
0.8253968253964414 1.26984126984127 0
0.8253968253964461 1.285714285714285 0
0.8253968253964505 1.301587301587302 0
0.8253968253964552 1.317460317460318 0
0.8253968253964596 1.333333333333333 0
0.8253968253964641 1.349206349206349 0
0.8253968253964685 1.365079365079365 0
0.8253968253964732 1.380952380952381 0
0.8253968253964776 1.396825396825397 0
0.8253968253964823 1.412698412698413 0
0.8253968253964865 1.428571428571429 0
0.8253968253964912 1.444444444444444 0
0.8253968253964958 1.460317460317461 0
0.8253968253965003 1.476190476190476 0
0.8253968253965047 1.492063492063492 0
0.8253968253965092 1.507936507936508 0
0.8253968253965138 1.523809523809524 0
0.8253968253965183 1.539682539682539 0
0.8253968253965227 1.555555555555555 0
0.8253968253965271 1.571428571428571 0
0.8253968253965318 1.587301587301587 0
0.8253968253965362 1.603174603174603 0
0.8253968253965411 1.619047619047619 0
0.8253968253965456 1.634920634920635 0
0.82539682539655 1.650793650793651 0
0.8253968253965545 1.666666666666666 0
0.8253968253965589 1.682539682539683 0
0.8253968253965633 1.698412698412698 0
0.825396825396568 1.714285714285714 0
0.8253968253965727 1.73015873015873 0
0.8253968253965771 1.746031746031746 0
0.8253968253965815 1.761904761904762 0
0.825396825396586 1.777777777777778 0
0.8253968253965904 1.793650793650793 0
0.8253968253965949 1.80952380952381 0
0.8253968253965995 1.825396825396825 0
0.8253968253966042 1.841269841269842 0
0.8253968253966086 1.857142857142857 0
0.8253968253966131 1.873015873015873 0
0.8253968253966175 1.888888888888889 0
0.825396825396622 1.904761904761905 0
0.8253968253966266 1.92063492063492 0
0.8253968253966311 1.936507936507937 0
0.8253968253966357 1.952380952380952 0
0.8253968253966402 1.968253968253969 0
0.8253968253966446 1.984126984126984 0
0.8412698412694246 1.015873015873016 0
0.8412698412694266 1.031746031746032 0
0.8412698412694286 1.047619047619047 0
0.8412698412694308 1.063492063492063 0
0.8412698412694328 1.07936507936508 0
0.841269841269435 1.095238095238095 0
0.841269841269437 1.111111111111111 0
0.8412698412694393 1.126984126984127 0
0.8412698412694415 1.142857142857143 0
0.8412698412694435 1.158730158730159 0
0.8412698412694457 1.174603174603175 0
0.8412698412694477 1.19047619047619 0
0.8412698412694499 1.206349206349207 0
0.8412698412694517 1.222222222222222 0
0.8412698412694539 1.238095238095238 0
0.8412698412694561 1.253968253968254 0
0.8412698412694584 1.26984126984127 0
0.8412698412694606 1.285714285714285 0
0.8412698412694624 1.301587301587302 0
0.8412698412694646 1.317460317460317 0
0.8412698412694666 1.333333333333333 0
0.8412698412694686 1.34920634920635 0
0.841269841269471 1.365079365079365 0
0.841269841269473 1.380952380952381 0
0.841269841269475 1.396825396825397 0
0.8412698412694772 1.412698412698412 0
0.8412698412694792 1.428571428571429 0
0.8412698412694815 1.444444444444444 0
0.8412698412694835 1.460317460317461 0
0.8412698412694855 1.476190476190476 0
0.8412698412694877 1.492063492063492 0
0.8412698412694897 1.507936507936508 0
0.8412698412694917 1.523809523809524 0
0.8412698412694939 1.539682539682539 0
0.8412698412694961 1.555555555555556 0
0.8412698412694981 1.571428571428571 0
0.8412698412695003 1.587301587301588 0
0.8412698412695023 1.603174603174603 0
0.8412698412695045 1.619047619047619 0
0.8412698412695063 1.634920634920635 0
0.8412698412695085 1.650793650793651 0
0.8412698412695108 1.666666666666667 0
0.8412698412695128 1.682539682539682 0
0.8412698412695148 1.698412698412698 0
0.841269841269517 1.714285714285714 0
0.8412698412695192 1.73015873015873 0
0.8412698412695212 1.746031746031746 0
0.8412698412695234 1.761904761904762 0
0.8412698412695254 1.777777777777778 0
0.8412698412695276 1.793650793650793 0
0.8412698412695294 1.80952380952381 0
0.8412698412695316 1.825396825396825 0
0.8412698412695339 1.841269841269842 0
0.8412698412695361 1.857142857142857 0
0.8412698412695379 1.873015873015873 0
0.8412698412695401 1.888888888888889 0
0.8412698412695423 1.904761904761905 0
0.8412698412695443 1.92063492063492 0
0.8412698412695465 1.936507936507936 0
0.8412698412695485 1.952380952380952 0
0.8412698412695507 1.968253968253968 0
0.841269841269553 1.984126984126984 0
0.85714285714248 1.015873015873016 0
0.8571428571424795 1.031746031746031 0
0.8571428571424795 1.047619047619048 0
0.8571428571424788 1.063492063492063 0
0.8571428571424788 1.07936507936508 0
0.8571428571424784 1.095238095238095 0
0.8571428571424782 1.111111111111111 0
0.8571428571424777 1.126984126984127 0
0.8571428571424775 1.142857142857143 0
0.8571428571424771 1.158730158730159 0
0.8571428571424771 1.174603174603175 0
0.8571428571424764 1.19047619047619 0
0.8571428571424764 1.206349206349207 0
0.857142857142476 1.222222222222222 0
0.8571428571424757 1.238095238095238 0
0.8571428571424751 1.253968253968254 0
0.8571428571424751 1.26984126984127 0
0.8571428571424744 1.285714285714285 0
0.8571428571424744 1.301587301587302 0
0.857142857142474 1.317460317460317 0
0.857142857142474 1.333333333333333 0
0.8571428571424733 1.349206349206349 0
0.8571428571424733 1.365079365079365 0
0.8571428571424728 1.380952380952381 0
0.8571428571424726 1.396825396825397 0
0.8571428571424722 1.412698412698413 0
0.857142857142472 1.428571428571429 0
0.8571428571424715 1.444444444444444 0
0.8571428571424713 1.46031746031746 0
0.8571428571424708 1.476190476190476 0
0.8571428571424706 1.492063492063492 0
0.8571428571424704 1.507936507936508 0
0.85714285714247 1.523809523809524 0
0.8571428571424697 1.53968253968254 0
0.8571428571424695 1.555555555555556 0
0.8571428571424691 1.571428571428571 0
0.8571428571424689 1.587301587301587 0
0.8571428571424682 1.603174603174603 0
0.8571428571424682 1.619047619047619 0
0.8571428571424677 1.634920634920635 0
0.8571428571424673 1.650793650793651 0
0.8571428571424673 1.666666666666666 0
0.8571428571424669 1.682539682539683 0
0.8571428571424664 1.698412698412698 0
0.8571428571424664 1.714285714285715 0
0.857142857142466 1.73015873015873 0
0.8571428571424655 1.746031746031746 0
0.8571428571424653 1.761904761904762 0
0.8571428571424651 1.777777777777778 0
0.8571428571424646 1.793650793650793 0
0.8571428571424644 1.80952380952381 0
0.8571428571424642 1.825396825396825 0
0.8571428571424637 1.841269841269842 0
0.8571428571424633 1.857142857142857 0
0.8571428571424633 1.873015873015873 0
0.8571428571424629 1.888888888888889 0
0.8571428571424624 1.904761904761905 0
0.8571428571424622 1.92063492063492 0
0.857142857142462 1.936507936507937 0
0.8571428571424615 1.952380952380952 0
0.8571428571424613 1.968253968253968 0
0.8571428571424611 1.984126984126984 0
0.8730158730155355 1.015873015873016 0
0.8730158730155331 1.031746031746032 0
0.8730158730155306 1.047619047619048 0
0.8730158730155282 1.063492063492063 0
0.8730158730155257 1.07936507936508 0
0.8730158730155233 1.095238095238095 0
0.8730158730155206 1.111111111111111 0
0.8730158730155182 1.126984126984127 0
0.8730158730155158 1.142857142857143 0
0.8730158730155133 1.158730158730158 0
0.8730158730155109 1.174603174603174 0
0.8730158730155084 1.19047619047619 0
0.873015873015506 1.206349206349207 0
0.8730158730155035 1.222222222222222 0
0.8730158730155011 1.238095238095238 0
0.8730158730154984 1.253968253968254 0
0.873015873015496 1.26984126984127 0
0.8730158730154935 1.285714285714285 0
0.8730158730154911 1.301587301587302 0
0.8730158730154887 1.317460317460317 0
0.8730158730154862 1.333333333333334 0
0.8730158730154838 1.349206349206349 0
0.8730158730154813 1.365079365079365 0
0.8730158730154789 1.380952380952381 0
0.8730158730154762 1.396825396825397 0
0.873015873015474 1.412698412698412 0
0.8730158730154713 1.428571428571429 0
0.8730158730154689 1.444444444444445 0
0.8730158730154665 1.46031746031746 0
0.8730158730154642 1.476190476190476 0
0.8730158730154616 1.492063492063492 0
0.8730158730154591 1.507936507936508 0
0.8730158730154567 1.523809523809524 0
0.8730158730154542 1.53968253968254 0
0.8730158730154518 1.555555555555555 0
0.8730158730154491 1.571428571428571 0
0.8730158730154469 1.587301587301588 0
0.8730158730154443 1.603174603174603 0
0.873015873015442 1.619047619047619 0
0.8730158730154394 1.634920634920635 0
0.8730158730154367 1.650793650793651 0
0.8730158730154345 1.666666666666666 0
0.873015873015432 1.682539682539683 0
0.8730158730154296 1.698412698412698 0
0.8730158730154269 1.714285714285714 0
0.8730158730154245 1.73015873015873 0
0.8730158730154221 1.746031746031746 0
0.8730158730154198 1.761904761904762 0
0.8730158730154172 1.777777777777778 0
0.8730158730154147 1.793650793650793 0
0.8730158730154121 1.80952380952381 0
0.8730158730154098 1.825396825396825 0
0.8730158730154072 1.841269841269841 0
0.8730158730154047 1.857142857142857 0
0.8730158730154023 1.873015873015873 0
0.8730158730153998 1.888888888888889 0
0.8730158730153972 1.904761904761905 0
0.873015873015395 1.92063492063492 0
0.8730158730153923 1.936507936507937 0
0.8730158730153901 1.952380952380952 0
0.8730158730153874 1.968253968253969 0
0.8730158730153852 1.984126984126984 0
0.8888888888885931 1.015873015873016 0
0.8888888888885904 1.031746031746032 0
0.8888888888885875 1.047619047619048 0
0.8888888888885851 1.063492063492063 0
0.8888888888885822 1.07936507936508 0
0.8888888888885798 1.095238095238095 0
0.8888888888885769 1.111111111111111 0
0.8888888888885742 1.126984126984127 0
0.8888888888885715 1.142857142857143 0
0.8888888888885689 1.158730158730159 0
0.888888888888566 1.174603174603175 0
0.8888888888885635 1.190476190476191 0
0.8888888888885607 1.206349206349207 0
0.888888888888558 1.222222222222222 0
0.8888888888885553 1.238095238095238 0
0.8888888888885529 1.253968253968254 0
0.88888888888855 1.26984126984127 0
0.8888888888885473 1.285714285714285 0
0.8888888888885447 1.301587301587302 0
0.888888888888542 1.317460317460317 0
0.8888888888885393 1.333333333333334 0
0.8888888888885365 1.349206349206349 0
0.888888888888534 1.365079365079365 0
0.8888888888885311 1.380952380952381 0
0.8888888888885285 1.396825396825397 0
0.8888888888885258 1.412698412698413 0
0.8888888888885231 1.428571428571429 0
0.8888888888885205 1.444444444444444 0
0.8888888888885178 1.46031746031746 0
0.8888888888885149 1.476190476190476 0
0.8888888888885125 1.492063492063492 0
0.8888888888885096 1.507936507936508 0
0.8888888888885069 1.523809523809524 0
0.8888888888885043 1.53968253968254 0
0.8888888888885016 1.555555555555556 0
0.8888888888884989 1.571428571428571 0
0.8888888888884963 1.587301587301587 0
0.8888888888884936 1.603174603174603 0
0.8888888888884909 1.619047619047619 0
0.888888888888488 1.634920634920635 0
0.8888888888884856 1.650793650793651 0
0.8888888888884827 1.666666666666666 0
0.8888888888884801 1.682539682539683 0
0.8888888888884772 1.698412698412698 0
0.8888888888884747 1.714285714285714 0
0.8888888888884721 1.73015873015873 0
0.8888888888884692 1.746031746031746 0
0.8888888888884665 1.761904761904762 0
0.8888888888884638 1.777777777777778 0
0.8888888888884612 1.793650793650793 0
0.8888888888884585 1.80952380952381 0
0.8888888888884559 1.825396825396825 0
0.888888888888453 1.841269841269842 0
0.8888888888884505 1.857142857142857 0
0.8888888888884476 1.873015873015873 0
0.8888888888884452 1.888888888888889 0
0.8888888888884423 1.904761904761905 0
0.8888888888884396 1.92063492063492 0
0.888888888888437 1.936507936507937 0
0.8888888888884343 1.952380952380952 0
0.8888888888884314 1.968253968253969 0
0.888888888888429 1.984126984126984 0
0.904761904761651 1.015873015873016 0
0.9047619047616489 1.031746031746032 0
0.9047619047616465 1.047619047619048 0
0.9047619047616443 1.063492063492063 0
0.9047619047616421 1.07936507936508 0
0.9047619047616399 1.095238095238095 0
0.9047619047616374 1.111111111111111 0
0.9047619047616352 1.126984126984127 0
0.9047619047616328 1.142857142857143 0
0.9047619047616307 1.158730158730159 0
0.9047619047616283 1.174603174603175 0
0.9047619047616259 1.19047619047619 0
0.9047619047616237 1.206349206349207 0
0.9047619047616211 1.222222222222222 0
0.9047619047616188 1.238095238095238 0
0.9047619047616168 1.253968253968254 0
0.9047619047616142 1.26984126984127 0
0.904761904761612 1.285714285714286 0
0.9047619047616097 1.301587301587302 0
0.9047619047616074 1.317460317460317 0
0.9047619047616049 1.333333333333333 0
0.9047619047616029 1.349206349206349 0
0.9047619047616003 1.365079365079365 0
0.9047619047615979 1.380952380952381 0
0.9047619047615958 1.396825396825397 0
0.9047619047615936 1.412698412698413 0
0.9047619047615912 1.428571428571429 0
0.9047619047615888 1.444444444444444 0
0.9047619047615866 1.46031746031746 0
0.9047619047615844 1.476190476190476 0
0.9047619047615819 1.492063492063492 0
0.9047619047615797 1.507936507936508 0
0.9047619047615775 1.523809523809524 0
0.904761904761575 1.53968253968254 0
0.904761904761573 1.555555555555556 0
0.9047619047615704 1.571428571428571 0
0.9047619047615683 1.587301587301587 0
0.9047619047615658 1.603174603174603 0
0.9047619047615635 1.619047619047619 0
0.9047619047615615 1.634920634920635 0
0.9047619047615592 1.650793650793651 0
0.9047619047615565 1.666666666666666 0
0.9047619047615544 1.682539682539682 0
0.9047619047615519 1.698412698412698 0
0.9047619047615498 1.714285714285714 0
0.9047619047615472 1.73015873015873 0
0.9047619047615451 1.746031746031746 0
0.9047619047615428 1.761904761904762 0
0.9047619047615405 1.777777777777778 0
0.9047619047615384 1.793650793650793 0
0.9047619047615357 1.809523809523809 0
0.9047619047615335 1.825396825396825 0
0.9047619047615314 1.841269841269841 0
0.9047619047615291 1.857142857142857 0
0.9047619047615266 1.873015873015873 0
0.9047619047615242 1.888888888888889 0
0.904761904761522 1.904761904761905 0
0.9047619047615197 1.92063492063492 0
0.9047619047615175 1.936507936507936 0
0.9047619047615151 1.952380952380952 0
0.9047619047615127 1.968253968253968 0
0.9047619047615104 1.984126984126984 0
0.9206349206347093 1.015873015873016 0
0.9206349206347073 1.031746031746031 0
0.9206349206347055 1.047619047619048 0
0.9206349206347035 1.063492063492063 0
0.9206349206347018 1.07936507936508 0
0.9206349206346998 1.095238095238095 0
0.9206349206346975 1.111111111111111 0
0.920634920634696 1.126984126984127 0
0.920634920634694 1.142857142857143 0
0.920634920634692 1.158730158730158 0
0.92063492063469 1.174603174603175 0
0.9206349206346882 1.19047619047619 0
0.9206349206346862 1.206349206349207 0
0.9206349206346842 1.222222222222223 0
0.9206349206346824 1.238095238095238 0
0.9206349206346804 1.253968253968254 0
0.9206349206346784 1.26984126984127 0
0.9206349206346764 1.285714285714285 0
0.9206349206346749 1.301587301587302 0
0.9206349206346727 1.317460317460317 0
0.9206349206346709 1.333333333333333 0
0.9206349206346689 1.349206349206349 0
0.9206349206346671 1.365079365079365 0
0.9206349206346651 1.380952380952381 0
0.9206349206346631 1.396825396825397 0
0.9206349206346613 1.412698412698412 0
0.9206349206346591 1.428571428571428 0
0.9206349206346573 1.444444444444444 0
0.9206349206346554 1.46031746031746 0
0.9206349206346536 1.476190476190476 0
0.9206349206346516 1.492063492063492 0
0.9206349206346496 1.507936507936508 0
0.9206349206346476 1.523809523809524 0
0.9206349206346458 1.53968253968254 0
0.920634920634644 1.555555555555556 0
0.920634920634642 1.571428571428571 0
0.9206349206346403 1.587301587301588 0
0.9206349206346383 1.603174603174603 0
0.9206349206346365 1.619047619047619 0
0.9206349206346343 1.634920634920635 0
0.9206349206346325 1.650793650793651 0
0.9206349206346305 1.666666666666667 0
0.9206349206346285 1.682539682539683 0
0.9206349206346267 1.698412698412698 0
0.9206349206346249 1.714285714285715 0
0.9206349206346229 1.73015873015873 0
0.9206349206346209 1.746031746031746 0
0.9206349206346192 1.761904761904762 0
0.9206349206346172 1.777777777777778 0
0.9206349206346152 1.793650793650793 0
0.9206349206346132 1.80952380952381 0
0.9206349206346112 1.825396825396825 0
0.9206349206346094 1.841269841269841 0
0.9206349206346076 1.857142857142857 0
0.9206349206346056 1.873015873015873 0
0.9206349206346036 1.888888888888889 0
0.9206349206346018 1.904761904761905 0
0.9206349206345998 1.92063492063492 0
0.9206349206345978 1.936507936507937 0
0.9206349206345961 1.952380952380952 0
0.9206349206345938 1.968253968253968 0
0.9206349206345921 1.984126984126984 0
0.9365079365077674 1.015873015873016 0
0.9365079365077656 1.031746031746032 0
0.9365079365077642 1.047619047619047 0
0.9365079365077628 1.063492063492063 0
0.9365079365077612 1.07936507936508 0
0.9365079365077599 1.095238095238095 0
0.9365079365077583 1.111111111111111 0
0.9365079365077568 1.126984126984127 0
0.9365079365077553 1.142857142857143 0
0.9365079365077535 1.158730158730158 0
0.9365079365077523 1.174603174603175 0
0.9365079365077505 1.19047619047619 0
0.936507936507749 1.206349206349207 0
0.9365079365077472 1.222222222222222 0
0.936507936507746 1.238095238095238 0
0.9365079365077442 1.253968253968254 0
0.9365079365077427 1.26984126984127 0
0.9365079365077412 1.285714285714285 0
0.9365079365077397 1.301587301587301 0
0.9365079365077381 1.317460317460317 0
0.9365079365077369 1.333333333333334 0
0.9365079365077351 1.349206349206349 0
0.9365079365077336 1.365079365079365 0
0.9365079365077321 1.380952380952381 0
0.9365079365077306 1.396825396825397 0
0.9365079365077292 1.412698412698413 0
0.9365079365077276 1.428571428571429 0
0.9365079365077262 1.444444444444445 0
0.9365079365077242 1.46031746031746 0
0.9365079365077228 1.476190476190476 0
0.9365079365077215 1.492063492063492 0
0.9365079365077199 1.507936507936508 0
0.9365079365077184 1.523809523809524 0
0.9365079365077165 1.539682539682539 0
0.9365079365077151 1.555555555555556 0
0.9365079365077138 1.571428571428571 0
0.9365079365077121 1.587301587301588 0
0.9365079365077106 1.603174603174603 0
0.9365079365077092 1.619047619047619 0
0.9365079365077074 1.634920634920635 0
0.936507936507706 1.650793650793651 0
0.9365079365077047 1.666666666666666 0
0.936507936507703 1.682539682539683 0
0.9365079365077013 1.698412698412698 0
0.9365079365076999 1.714285714285714 0
0.936507936507698 1.73015873015873 0
0.9365079365076967 1.746031746031746 0
0.9365079365076954 1.761904761904762 0
0.9365079365076937 1.777777777777778 0
0.9365079365076919 1.793650793650793 0
0.9365079365076906 1.80952380952381 0
0.936507936507689 1.825396825396825 0
0.9365079365076874 1.841269841269842 0
0.9365079365076863 1.857142857142857 0
0.9365079365076846 1.873015873015873 0
0.936507936507683 1.888888888888889 0
0.9365079365076815 1.904761904761905 0
0.9365079365076797 1.92063492063492 0
0.9365079365076782 1.936507936507937 0
0.9365079365076767 1.952380952380952 0
0.9365079365076753 1.968253968253969 0
0.9365079365076737 1.984126984126984 0
0.9523809523808255 1.015873015873016 0
0.9523809523808242 1.031746031746031 0
0.9523809523808233 1.047619047619048 0
0.952380952380822 1.063492063492063 0
0.9523809523808209 1.07936507936508 0
0.9523809523808198 1.095238095238095 0
0.9523809523808184 1.111111111111111 0
0.9523809523808175 1.126984126984127 0
0.9523809523808162 1.142857142857143 0
0.9523809523808153 1.158730158730158 0
0.952380952380814 1.174603174603175 0
0.9523809523808129 1.190476190476191 0
0.9523809523808118 1.206349206349207 0
0.9523809523808104 1.222222222222222 0
0.9523809523808096 1.238095238095238 0
0.9523809523808082 1.253968253968254 0
0.9523809523808071 1.26984126984127 0
0.952380952380806 1.285714285714285 0
0.9523809523808049 1.301587301587302 0
0.9523809523808038 1.317460317460317 0
0.9523809523808024 1.333333333333333 0
0.9523809523808013 1.349206349206349 0
0.9523809523808002 1.365079365079365 0
0.9523809523807991 1.380952380952381 0
0.9523809523807978 1.396825396825397 0
0.9523809523807967 1.412698412698413 0
0.9523809523807958 1.428571428571429 0
0.9523809523807942 1.444444444444444 0
0.9523809523807936 1.46031746031746 0
0.9523809523807922 1.476190476190476 0
0.9523809523807909 1.492063492063492 0
0.9523809523807898 1.507936507936508 0
0.9523809523807887 1.523809523809524 0
0.9523809523807876 1.53968253968254 0
0.9523809523807865 1.555555555555556 0
0.9523809523807854 1.571428571428571 0
0.952380952380784 1.587301587301588 0
0.9523809523807829 1.603174603174603 0
0.9523809523807818 1.619047619047619 0
0.9523809523807807 1.634920634920635 0
0.9523809523807794 1.650793650793651 0
0.9523809523807782 1.666666666666666 0
0.9523809523807771 1.682539682539683 0
0.952380952380776 1.698412698412698 0
0.9523809523807749 1.714285714285715 0
0.9523809523807738 1.73015873015873 0
0.9523809523807725 1.746031746031746 0
0.9523809523807714 1.761904761904762 0
0.9523809523807705 1.777777777777778 0
0.9523809523807691 1.793650793650793 0
0.952380952380768 1.80952380952381 0
0.9523809523807669 1.825396825396825 0
0.9523809523807658 1.841269841269841 0
0.9523809523807645 1.857142857142857 0
0.9523809523807634 1.873015873015873 0
0.952380952380762 1.888888888888889 0
0.9523809523807609 1.904761904761905 0
0.9523809523807598 1.92063492063492 0
0.9523809523807589 1.936507936507937 0
0.9523809523807576 1.952380952380952 0
0.9523809523807565 1.968253968253969 0
0.9523809523807554 1.984126984126984 0
0.9682539682538835 1.015873015873016 0
0.9682539682538827 1.031746031746032 0
0.968253968253882 1.047619047619048 0
0.9682539682538813 1.063492063492063 0
0.9682539682538807 1.07936507936508 0
0.96825396825388 1.095238095238095 0
0.9682539682538791 1.111111111111111 0
0.9682539682538784 1.126984126984127 0
0.9682539682538776 1.142857142857143 0
0.9682539682538767 1.158730158730158 0
0.9682539682538758 1.174603174603175 0
0.9682539682538753 1.19047619047619 0
0.9682539682538744 1.206349206349207 0
0.9682539682538738 1.222222222222222 0
0.9682539682538729 1.238095238095238 0
0.9682539682538722 1.253968253968254 0
0.9682539682538713 1.26984126984127 0
0.9682539682538707 1.285714285714285 0
0.9682539682538698 1.301587301587302 0
0.9682539682538691 1.317460317460317 0
0.9682539682538682 1.333333333333334 0
0.9682539682538673 1.349206349206349 0
0.9682539682538667 1.365079365079365 0
0.968253968253866 1.380952380952381 0
0.9682539682538651 1.396825396825397 0
0.9682539682538644 1.412698412698413 0
0.9682539682538638 1.428571428571429 0
0.9682539682538629 1.444444444444445 0
0.9682539682538622 1.46031746031746 0
0.9682539682538613 1.476190476190476 0
0.9682539682538607 1.492063492063492 0
0.9682539682538598 1.507936507936508 0
0.9682539682538589 1.523809523809524 0
0.9682539682538585 1.53968253968254 0
0.9682539682538576 1.555555555555556 0
0.9682539682538567 1.571428571428571 0
0.968253968253856 1.587301587301588 0
0.9682539682538553 1.603174603174603 0
0.9682539682538545 1.619047619047619 0
0.9682539682538538 1.634920634920635 0
0.9682539682538531 1.650793650793651 0
0.9682539682538522 1.666666666666666 0
0.9682539682538513 1.682539682539683 0
0.9682539682538507 1.698412698412698 0
0.9682539682538498 1.714285714285715 0
0.9682539682538491 1.73015873015873 0
0.9682539682538482 1.746031746031746 0
0.9682539682538476 1.761904761904762 0
0.9682539682538469 1.777777777777778 0
0.968253968253846 1.793650793650793 0
0.9682539682538451 1.80952380952381 0
0.9682539682538445 1.825396825396825 0
0.9682539682538438 1.841269841269841 0
0.9682539682538429 1.857142857142857 0
0.968253968253842 1.873015873015873 0
0.9682539682538416 1.888888888888889 0
0.9682539682538407 1.904761904761905 0
0.9682539682538398 1.92063492063492 0
0.9682539682538391 1.936507936507937 0
0.9682539682538385 1.952380952380952 0
0.9682539682538376 1.968253968253969 0
0.9682539682538367 1.984126984126984 0
0.9841269841269417 1.015873015873016 0
0.9841269841269414 1.031746031746031 0
0.9841269841269412 1.047619047619048 0
0.9841269841269406 1.063492063492063 0
0.9841269841269403 1.07936507936508 0
0.9841269841269399 1.095238095238095 0
0.9841269841269394 1.111111111111111 0
0.9841269841269392 1.126984126984127 0
0.9841269841269388 1.142857142857143 0
0.9841269841269386 1.158730158730159 0
0.9841269841269381 1.174603174603175 0
0.9841269841269376 1.19047619047619 0
0.9841269841269374 1.206349206349207 0
0.9841269841269368 1.222222222222222 0
0.9841269841269366 1.238095238095238 0
0.9841269841269361 1.253968253968254 0
0.9841269841269358 1.26984126984127 0
0.9841269841269356 1.285714285714286 0
0.9841269841269348 1.301587301587302 0
0.9841269841269346 1.317460317460317 0
0.9841269841269342 1.333333333333333 0
0.9841269841269338 1.34920634920635 0
0.9841269841269336 1.365079365079365 0
0.984126984126933 1.380952380952381 0
0.9841269841269328 1.396825396825397 0
0.9841269841269322 1.412698412698412 0
0.9841269841269318 1.428571428571429 0
0.9841269841269317 1.444444444444444 0
0.9841269841269312 1.46031746031746 0
0.9841269841269306 1.476190476190476 0
0.9841269841269303 1.492063492063492 0
0.9841269841269299 1.507936507936508 0
0.9841269841269297 1.523809523809524 0
0.984126984126929 1.539682539682539 0
0.9841269841269286 1.555555555555556 0
0.9841269841269287 1.571428571428571 0
0.984126984126928 1.587301587301587 0
0.9841269841269277 1.603174603174603 0
0.9841269841269272 1.619047619047619 0
0.9841269841269269 1.634920634920635 0
0.9841269841269267 1.650793650793651 0
0.9841269841269258 1.666666666666666 0
0.9841269841269257 1.682539682539683 0
0.9841269841269255 1.698412698412698 0
0.9841269841269249 1.714285714285715 0
0.9841269841269247 1.73015873015873 0
0.9841269841269241 1.746031746031746 0
0.9841269841269237 1.761904761904762 0
0.9841269841269232 1.777777777777778 0
0.9841269841269232 1.793650793650793 0
0.9841269841269225 1.80952380952381 0
0.9841269841269223 1.825396825396825 0
0.9841269841269219 1.841269841269842 0
0.9841269841269215 1.857142857142857 0
0.984126984126921 1.873015873015873 0
0.9841269841269206 1.888888888888889 0
0.9841269841269201 1.904761904761905 0
0.9841269841269201 1.92063492063492 0
0.9841269841269195 1.936507936507937 0
0.9841269841269192 1.952380952380952 0
0.9841269841269188 1.968253968253969 0
0.9841269841269183 1.984126984126984 0
$EndNodes
$Elements
10 16380 1 16380
1 1 1 63
1 1 7 
2 7 8 
3 8 9 
4 9 10 
5 10 11 
6 11 12 
7 12 13 
8 13 14 
9 14 15 
10 15 16 
11 16 17 
12 17 18 
13 18 19 
14 19 20 
15 20 21 
16 21 22 
17 22 23 
18 23 24 
19 24 25 
20 25 26 
21 26 27 
22 27 28 
23 28 29 
24 29 30 
25 30 31 
26 31 32 
27 32 33 
28 33 34 
29 34 35 
30 35 36 
31 36 37 
32 37 38 
33 38 39 
34 39 40 
35 40 41 
36 41 42 
37 42 43 
38 43 44 
39 44 45 
40 45 46 
41 46 47 
42 47 48 
43 48 49 
44 49 50 
45 50 51 
46 51 52 
47 52 53 
48 53 54 
49 54 55 
50 55 56 
51 56 57 
52 57 58 
53 58 59 
54 59 60 
55 60 61 
56 61 62 
57 62 63 
58 63 64 
59 64 65 
60 65 66 
61 66 67 
62 67 68 
63 68 2 
1 2 1 63
64 2 69 
65 69 70 
66 70 71 
67 71 72 
68 72 73 
69 73 74 
70 74 75 
71 75 76 
72 76 77 
73 77 78 
74 78 79 
75 79 80 
76 80 81 
77 81 82 
78 82 83 
79 83 84 
80 84 85 
81 85 86 
82 86 87 
83 87 88 
84 88 89 
85 89 90 
86 90 91 
87 91 92 
88 92 93 
89 93 94 
90 94 95 
91 95 96 
92 96 97 
93 97 98 
94 98 99 
95 99 100 
96 100 101 
97 101 102 
98 102 103 
99 103 104 
100 104 105 
101 105 106 
102 106 107 
103 107 108 
104 108 109 
105 109 110 
106 110 111 
107 111 112 
108 112 113 
109 113 114 
110 114 115 
111 115 116 
112 116 117 
113 117 118 
114 118 119 
115 119 120 
116 120 121 
117 121 122 
118 122 123 
119 123 124 
120 124 125 
121 125 126 
122 126 127 
123 127 128 
124 128 129 
125 129 130 
126 130 6 
1 3 1 63
127 5 131 
128 131 132 
129 132 133 
130 133 134 
131 134 135 
132 135 136 
133 136 137 
134 137 138 
135 138 139 
136 139 140 
137 140 141 
138 141 142 
139 142 143 
140 143 144 
141 144 145 
142 145 146 
143 146 147 
144 147 148 
145 148 149 
146 149 150 
147 150 151 
148 151 152 
149 152 153 
150 153 154 
151 154 155 
152 155 156 
153 156 157 
154 157 158 
155 158 159 
156 159 160 
157 160 161 
158 161 162 
159 162 163 
160 163 164 
161 164 165 
162 165 166 
163 166 167 
164 167 168 
165 168 169 
166 169 170 
167 170 171 
168 171 172 
169 172 173 
170 173 174 
171 174 175 
172 175 176 
173 176 177 
174 177 178 
175 178 179 
176 179 180 
177 180 181 
178 181 182 
179 182 183 
180 183 184 
181 184 185 
182 185 186 
183 186 187 
184 187 188 
185 188 189 
186 189 190 
187 190 191 
188 191 192 
189 192 6 
1 4 1 63
190 5 193 
191 193 194 
192 194 195 
193 195 196 
194 196 197 
195 197 198 
196 198 199 
197 199 200 
198 200 201 
199 201 202 
200 202 203 
201 203 204 
202 204 205 
203 205 206 
204 206 207 
205 207 208 
206 208 209 
207 209 210 
208 210 211 
209 211 212 
210 212 213 
211 213 214 
212 214 215 
213 215 216 
214 216 217 
215 217 218 
216 218 219 
217 219 220 
218 220 221 
219 221 222 
220 222 223 
221 223 224 
222 224 225 
223 225 226 
224 226 227 
225 227 228 
226 228 229 
227 229 230 
228 230 231 
229 231 232 
230 232 233 
231 233 234 
232 234 235 
233 235 236 
234 236 237 
235 237 238 
236 238 239 
237 239 240 
238 240 241 
239 241 242 
240 242 243 
241 243 244 
242 244 245 
243 245 246 
244 246 247 
245 247 248 
246 248 249 
247 249 250 
248 250 251 
249 251 252 
250 252 253 
251 253 254 
252 254 1 
1 5 1 63
253 5 255 
254 255 256 
255 256 257 
256 257 258 
257 258 259 
258 259 260 
259 260 261 
260 261 262 
261 262 263 
262 263 264 
263 264 265 
264 265 266 
265 266 267 
266 267 268 
267 268 269 
268 269 270 
269 270 271 
270 271 272 
271 272 273 
272 273 274 
273 274 275 
274 275 276 
275 276 277 
276 277 278 
277 278 279 
278 279 280 
279 280 281 
280 281 282 
281 282 283 
282 283 284 
283 284 285 
284 285 286 
285 286 287 
286 287 288 
287 288 289 
288 289 290 
289 290 291 
290 291 292 
291 292 293 
292 293 294 
293 294 295 
294 295 296 
295 296 297 
296 297 298 
297 298 299 
298 299 300 
299 300 301 
300 301 302 
301 302 303 
302 303 304 
303 304 305 
304 305 306 
305 306 307 
306 307 308 
307 308 309 
308 309 310 
309 310 311 
310 311 312 
311 312 313 
312 313 314 
313 314 315 
314 315 316 
315 316 6 
1 6 1 63
316 6 317 
317 317 318 
318 318 319 
319 319 320 
320 320 321 
321 321 322 
322 322 323 
323 323 324 
324 324 325 
325 325 326 
326 326 327 
327 327 328 
328 328 329 
329 329 330 
330 330 331 
331 331 332 
332 332 333 
333 333 334 
334 334 335 
335 335 336 
336 336 337 
337 337 338 
338 338 339 
339 339 340 
340 340 341 
341 341 342 
342 342 343 
343 343 344 
344 344 345 
345 345 346 
346 346 347 
347 347 348 
348 348 349 
349 349 350 
350 350 351 
351 351 352 
352 352 353 
353 353 354 
354 354 355 
355 355 356 
356 356 357 
357 357 358 
358 358 359 
359 359 360 
360 360 361 
361 361 362 
362 362 363 
363 363 364 
364 364 365 
365 365 366 
366 366 367 
367 367 368 
368 368 369 
369 369 370 
370 370 371 
371 371 372 
372 372 373 
373 373 374 
374 374 375 
375 375 376 
376 376 377 
377 377 378 
378 378 3 
1 7 1 63
379 3 379 
380 379 380 
381 380 381 
382 381 382 
383 382 383 
384 383 384 
385 384 385 
386 385 386 
387 386 387 
388 387 388 
389 388 389 
390 389 390 
391 390 391 
392 391 392 
393 392 393 
394 393 394 
395 394 395 
396 395 396 
397 396 397 
398 397 398 
399 398 399 
400 399 400 
401 400 401 
402 401 402 
403 402 403 
404 403 404 
405 404 405 
406 405 406 
407 406 407 
408 407 408 
409 408 409 
410 409 410 
411 410 411 
412 411 412 
413 412 413 
414 413 414 
415 414 415 
416 415 416 
417 416 417 
418 417 418 
419 418 419 
420 419 420 
421 420 421 
422 421 422 
423 422 423 
424 423 424 
425 424 425 
426 425 426 
427 426 427 
428 427 428 
429 428 429 
430 429 430 
431 430 431 
432 431 432 
433 432 433 
434 433 434 
435 434 435 
436 435 436 
437 436 437 
438 437 438 
439 438 439 
440 439 440 
441 440 4 
1 8 1 63
442 4 441 
443 441 442 
444 442 443 
445 443 444 
446 444 445 
447 445 446 
448 446 447 
449 447 448 
450 448 449 
451 449 450 
452 450 451 
453 451 452 
454 452 453 
455 453 454 
456 454 455 
457 455 456 
458 456 457 
459 457 458 
460 458 459 
461 459 460 
462 460 461 
463 461 462 
464 462 463 
465 463 464 
466 464 465 
467 465 466 
468 466 467 
469 467 468 
470 468 469 
471 469 470 
472 470 471 
473 471 472 
474 472 473 
475 473 474 
476 474 475 
477 475 476 
478 476 477 
479 477 478 
480 478 479 
481 479 480 
482 480 481 
483 481 482 
484 482 483 
485 483 484 
486 484 485 
487 485 486 
488 486 487 
489 487 488 
490 488 489 
491 489 490 
492 490 491 
493 491 492 
494 492 493 
495 493 494 
496 494 495 
497 495 496 
498 496 497 
499 497 498 
500 498 499 
501 499 500 
502 500 501 
503 501 502 
504 502 5 
2 1 2 7938
505 1 7 503 
506 503 254 1 
507 254 503 504 
508 504 253 254 
509 253 504 505 
510 505 252 253 
511 252 505 506 
512 506 251 252 
513 251 506 507 
514 507 250 251 
515 250 507 508 
516 508 249 250 
517 249 508 509 
518 509 248 249 
519 248 509 510 
520 510 247 248 
521 247 510 511 
522 511 246 247 
523 246 511 512 
524 512 245 246 
525 245 512 513 
526 513 244 245 
527 244 513 514 
528 514 243 244 
529 243 514 515 
530 515 242 243 
531 242 515 516 
532 516 241 242 
533 241 516 517 
534 517 240 241 
535 240 517 518 
536 518 239 240 
537 239 518 519 
538 519 238 239 
539 238 519 520 
540 520 237 238 
541 237 520 521 
542 521 236 237 
543 236 521 522 
544 522 235 236 
545 235 522 523 
546 523 234 235 
547 234 523 524 
548 524 233 234 
549 233 524 525 
550 525 232 233 
551 232 525 526 
552 526 231 232 
553 231 526 527 
554 527 230 231 
555 230 527 528 
556 528 229 230 
557 229 528 529 
558 529 228 229 
559 228 529 530 
560 530 227 228 
561 227 530 531 
562 531 226 227 
563 226 531 532 
564 532 225 226 
565 225 532 533 
566 533 224 225 
567 224 533 534 
568 534 223 224 
569 223 534 535 
570 535 222 223 
571 222 535 536 
572 536 221 222 
573 221 536 537 
574 537 220 221 
575 220 537 538 
576 538 219 220 
577 219 538 539 
578 539 218 219 
579 218 539 540 
580 540 217 218 
581 217 540 541 
582 541 216 217 
583 216 541 542 
584 542 215 216 
585 215 542 543 
586 543 214 215 
587 214 543 544 
588 544 213 214 
589 213 544 545 
590 545 212 213 
591 212 545 546 
592 546 211 212 
593 211 546 547 
594 547 210 211 
595 210 547 548 
596 548 209 210 
597 209 548 549 
598 549 208 209 
599 208 549 550 
600 550 207 208 
601 207 550 551 
602 551 206 207 
603 206 551 552 
604 552 205 206 
605 205 552 553 
606 553 204 205 
607 204 553 554 
608 554 203 204 
609 203 554 555 
610 555 202 203 
611 202 555 556 
612 556 201 202 
613 201 556 557 
614 557 200 201 
615 200 557 558 
616 558 199 200 
617 199 558 559 
618 559 198 199 
619 198 559 560 
620 560 197 198 
621 197 560 561 
622 561 196 197 
623 196 561 562 
624 562 195 196 
625 195 562 563 
626 563 194 195 
627 194 563 564 
628 564 193 194 
629 193 564 131 
630 131 5 193 
631 7 8 565 
632 565 503 7 
633 503 565 566 
634 566 504 503 
635 504 566 567 
636 567 505 504 
637 505 567 568 
638 568 506 505 
639 506 568 569 
640 569 507 506 
641 507 569 570 
642 570 508 507 
643 508 570 571 
644 571 509 508 
645 509 571 572 
646 572 510 509 
647 510 572 573 
648 573 511 510 
649 511 573 574 
650 574 512 511 
651 512 574 575 
652 575 513 512 
653 513 575 576 
654 576 514 513 
655 514 576 577 
656 577 515 514 
657 515 577 578 
658 578 516 515 
659 516 578 579 
660 579 517 516 
661 517 579 580 
662 580 518 517 
663 518 580 581 
664 581 519 518 
665 519 581 582 
666 582 520 519 
667 520 582 583 
668 583 521 520 
669 521 583 584 
670 584 522 521 
671 522 584 585 
672 585 523 522 
673 523 585 586 
674 586 524 523 
675 524 586 587 
676 587 525 524 
677 525 587 588 
678 588 526 525 
679 526 588 589 
680 589 527 526 
681 527 589 590 
682 590 528 527 
683 528 590 591 
684 591 529 528 
685 529 591 592 
686 592 530 529 
687 530 592 593 
688 593 531 530 
689 531 593 594 
690 594 532 531 
691 532 594 595 
692 595 533 532 
693 533 595 596 
694 596 534 533 
695 534 596 597 
696 597 535 534 
697 535 597 598 
698 598 536 535 
699 536 598 599 
700 599 537 536 
701 537 599 600 
702 600 538 537 
703 538 600 601 
704 601 539 538 
705 539 601 602 
706 602 540 539 
707 540 602 603 
708 603 541 540 
709 541 603 604 
710 604 542 541 
711 542 604 605 
712 605 543 542 
713 543 605 606 
714 606 544 543 
715 544 606 607 
716 607 545 544 
717 545 607 608 
718 608 546 545 
719 546 608 609 
720 609 547 546 
721 547 609 610 
722 610 548 547 
723 548 610 611 
724 611 549 548 
725 549 611 612 
726 612 550 549 
727 550 612 613 
728 613 551 550 
729 551 613 614 
730 614 552 551 
731 552 614 615 
732 615 553 552 
733 553 615 616 
734 616 554 553 
735 554 616 617 
736 617 555 554 
737 555 617 618 
738 618 556 555 
739 556 618 619 
740 619 557 556 
741 557 619 620 
742 620 558 557 
743 558 620 621 
744 621 559 558 
745 559 621 622 
746 622 560 559 
747 560 622 623 
748 623 561 560 
749 561 623 624 
750 624 562 561 
751 562 624 625 
752 625 563 562 
753 563 625 626 
754 626 564 563 
755 564 626 132 
756 132 131 564 
757 8 9 627 
758 627 565 8 
759 565 627 628 
760 628 566 565 
761 566 628 629 
762 629 567 566 
763 567 629 630 
764 630 568 567 
765 568 630 631 
766 631 569 568 
767 569 631 632 
768 632 570 569 
769 570 632 633 
770 633 571 570 
771 571 633 634 
772 634 572 571 
773 572 634 635 
774 635 573 572 
775 573 635 636 
776 636 574 573 
777 574 636 637 
778 637 575 574 
779 575 637 638 
780 638 576 575 
781 576 638 639 
782 639 577 576 
783 577 639 640 
784 640 578 577 
785 578 640 641 
786 641 579 578 
787 579 641 642 
788 642 580 579 
789 580 642 643 
790 643 581 580 
791 581 643 644 
792 644 582 581 
793 582 644 645 
794 645 583 582 
795 583 645 646 
796 646 584 583 
797 584 646 647 
798 647 585 584 
799 585 647 648 
800 648 586 585 
801 586 648 649 
802 649 587 586 
803 587 649 650 
804 650 588 587 
805 588 650 651 
806 651 589 588 
807 589 651 652 
808 652 590 589 
809 590 652 653 
810 653 591 590 
811 591 653 654 
812 654 592 591 
813 592 654 655 
814 655 593 592 
815 593 655 656 
816 656 594 593 
817 594 656 657 
818 657 595 594 
819 595 657 658 
820 658 596 595 
821 596 658 659 
822 659 597 596 
823 597 659 660 
824 660 598 597 
825 598 660 661 
826 661 599 598 
827 599 661 662 
828 662 600 599 
829 600 662 663 
830 663 601 600 
831 601 663 664 
832 664 602 601 
833 602 664 665 
834 665 603 602 
835 603 665 666 
836 666 604 603 
837 604 666 667 
838 667 605 604 
839 605 667 668 
840 668 606 605 
841 606 668 669 
842 669 607 606 
843 607 669 670 
844 670 608 607 
845 608 670 671 
846 671 609 608 
847 609 671 672 
848 672 610 609 
849 610 672 673 
850 673 611 610 
851 611 673 674 
852 674 612 611 
853 612 674 675 
854 675 613 612 
855 613 675 676 
856 676 614 613 
857 614 676 677 
858 677 615 614 
859 615 677 678 
860 678 616 615 
861 616 678 679 
862 679 617 616 
863 617 679 680 
864 680 618 617 
865 618 680 681 
866 681 619 618 
867 619 681 682 
868 682 620 619 
869 620 682 683 
870 683 621 620 
871 621 683 684 
872 684 622 621 
873 622 684 685 
874 685 623 622 
875 623 685 686 
876 686 624 623 
877 624 686 687 
878 687 625 624 
879 625 687 688 
880 688 626 625 
881 626 688 133 
882 133 132 626 
883 9 10 689 
884 689 627 9 
885 627 689 690 
886 690 628 627 
887 628 690 691 
888 691 629 628 
889 629 691 692 
890 692 630 629 
891 630 692 693 
892 693 631 630 
893 631 693 694 
894 694 632 631 
895 632 694 695 
896 695 633 632 
897 633 695 696 
898 696 634 633 
899 634 696 697 
900 697 635 634 
901 635 697 698 
902 698 636 635 
903 636 698 699 
904 699 637 636 
905 637 699 700 
906 700 638 637 
907 638 700 701 
908 701 639 638 
909 639 701 702 
910 702 640 639 
911 640 702 703 
912 703 641 640 
913 641 703 704 
914 704 642 641 
915 642 704 705 
916 705 643 642 
917 643 705 706 
918 706 644 643 
919 644 706 707 
920 707 645 644 
921 645 707 708 
922 708 646 645 
923 646 708 709 
924 709 647 646 
925 647 709 710 
926 710 648 647 
927 648 710 711 
928 711 649 648 
929 649 711 712 
930 712 650 649 
931 650 712 713 
932 713 651 650 
933 651 713 714 
934 714 652 651 
935 652 714 715 
936 715 653 652 
937 653 715 716 
938 716 654 653 
939 654 716 717 
940 717 655 654 
941 655 717 718 
942 718 656 655 
943 656 718 719 
944 719 657 656 
945 657 719 720 
946 720 658 657 
947 658 720 721 
948 721 659 658 
949 659 721 722 
950 722 660 659 
951 660 722 723 
952 723 661 660 
953 661 723 724 
954 724 662 661 
955 662 724 725 
956 725 663 662 
957 663 725 726 
958 726 664 663 
959 664 726 727 
960 727 665 664 
961 665 727 728 
962 728 666 665 
963 666 728 729 
964 729 667 666 
965 667 729 730 
966 730 668 667 
967 668 730 731 
968 731 669 668 
969 669 731 732 
970 732 670 669 
971 670 732 733 
972 733 671 670 
973 671 733 734 
974 734 672 671 
975 672 734 735 
976 735 673 672 
977 673 735 736 
978 736 674 673 
979 674 736 737 
980 737 675 674 
981 675 737 738 
982 738 676 675 
983 676 738 739 
984 739 677 676 
985 677 739 740 
986 740 678 677 
987 678 740 741 
988 741 679 678 
989 679 741 742 
990 742 680 679 
991 680 742 743 
992 743 681 680 
993 681 743 744 
994 744 682 681 
995 682 744 745 
996 745 683 682 
997 683 745 746 
998 746 684 683 
999 684 746 747 
1000 747 685 684 
1001 685 747 748 
1002 748 686 685 
1003 686 748 749 
1004 749 687 686 
1005 687 749 750 
1006 750 688 687 
1007 688 750 134 
1008 134 133 688 
1009 10 11 751 
1010 751 689 10 
1011 689 751 752 
1012 752 690 689 
1013 690 752 753 
1014 753 691 690 
1015 691 753 754 
1016 754 692 691 
1017 692 754 755 
1018 755 693 692 
1019 693 755 756 
1020 756 694 693 
1021 694 756 757 
1022 757 695 694 
1023 695 757 758 
1024 758 696 695 
1025 696 758 759 
1026 759 697 696 
1027 697 759 760 
1028 760 698 697 
1029 698 760 761 
1030 761 699 698 
1031 699 761 762 
1032 762 700 699 
1033 700 762 763 
1034 763 701 700 
1035 701 763 764 
1036 764 702 701 
1037 702 764 765 
1038 765 703 702 
1039 703 765 766 
1040 766 704 703 
1041 704 766 767 
1042 767 705 704 
1043 705 767 768 
1044 768 706 705 
1045 706 768 769 
1046 769 707 706 
1047 707 769 770 
1048 770 708 707 
1049 708 770 771 
1050 771 709 708 
1051 709 771 772 
1052 772 710 709 
1053 710 772 773 
1054 773 711 710 
1055 711 773 774 
1056 774 712 711 
1057 712 774 775 
1058 775 713 712 
1059 713 775 776 
1060 776 714 713 
1061 714 776 777 
1062 777 715 714 
1063 715 777 778 
1064 778 716 715 
1065 716 778 779 
1066 779 717 716 
1067 717 779 780 
1068 780 718 717 
1069 718 780 781 
1070 781 719 718 
1071 719 781 782 
1072 782 720 719 
1073 720 782 783 
1074 783 721 720 
1075 721 783 784 
1076 784 722 721 
1077 722 784 785 
1078 785 723 722 
1079 723 785 786 
1080 786 724 723 
1081 724 786 787 
1082 787 725 724 
1083 725 787 788 
1084 788 726 725 
1085 726 788 789 
1086 789 727 726 
1087 727 789 790 
1088 790 728 727 
1089 728 790 791 
1090 791 729 728 
1091 729 791 792 
1092 792 730 729 
1093 730 792 793 
1094 793 731 730 
1095 731 793 794 
1096 794 732 731 
1097 732 794 795 
1098 795 733 732 
1099 733 795 796 
1100 796 734 733 
1101 734 796 797 
1102 797 735 734 
1103 735 797 798 
1104 798 736 735 
1105 736 798 799 
1106 799 737 736 
1107 737 799 800 
1108 800 738 737 
1109 738 800 801 
1110 801 739 738 
1111 739 801 802 
1112 802 740 739 
1113 740 802 803 
1114 803 741 740 
1115 741 803 804 
1116 804 742 741 
1117 742 804 805 
1118 805 743 742 
1119 743 805 806 
1120 806 744 743 
1121 744 806 807 
1122 807 745 744 
1123 745 807 808 
1124 808 746 745 
1125 746 808 809 
1126 809 747 746 
1127 747 809 810 
1128 810 748 747 
1129 748 810 811 
1130 811 749 748 
1131 749 811 812 
1132 812 750 749 
1133 750 812 135 
1134 135 134 750 
1135 11 12 813 
1136 813 751 11 
1137 751 813 814 
1138 814 752 751 
1139 752 814 815 
1140 815 753 752 
1141 753 815 816 
1142 816 754 753 
1143 754 816 817 
1144 817 755 754 
1145 755 817 818 
1146 818 756 755 
1147 756 818 819 
1148 819 757 756 
1149 757 819 820 
1150 820 758 757 
1151 758 820 821 
1152 821 759 758 
1153 759 821 822 
1154 822 760 759 
1155 760 822 823 
1156 823 761 760 
1157 761 823 824 
1158 824 762 761 
1159 762 824 825 
1160 825 763 762 
1161 763 825 826 
1162 826 764 763 
1163 764 826 827 
1164 827 765 764 
1165 765 827 828 
1166 828 766 765 
1167 766 828 829 
1168 829 767 766 
1169 767 829 830 
1170 830 768 767 
1171 768 830 831 
1172 831 769 768 
1173 769 831 832 
1174 832 770 769 
1175 770 832 833 
1176 833 771 770 
1177 771 833 834 
1178 834 772 771 
1179 772 834 835 
1180 835 773 772 
1181 773 835 836 
1182 836 774 773 
1183 774 836 837 
1184 837 775 774 
1185 775 837 838 
1186 838 776 775 
1187 776 838 839 
1188 839 777 776 
1189 777 839 840 
1190 840 778 777 
1191 778 840 841 
1192 841 779 778 
1193 779 841 842 
1194 842 780 779 
1195 780 842 843 
1196 843 781 780 
1197 781 843 844 
1198 844 782 781 
1199 782 844 845 
1200 845 783 782 
1201 783 845 846 
1202 846 784 783 
1203 784 846 847 
1204 847 785 784 
1205 785 847 848 
1206 848 786 785 
1207 786 848 849 
1208 849 787 786 
1209 787 849 850 
1210 850 788 787 
1211 788 850 851 
1212 851 789 788 
1213 789 851 852 
1214 852 790 789 
1215 790 852 853 
1216 853 791 790 
1217 791 853 854 
1218 854 792 791 
1219 792 854 855 
1220 855 793 792 
1221 793 855 856 
1222 856 794 793 
1223 794 856 857 
1224 857 795 794 
1225 795 857 858 
1226 858 796 795 
1227 796 858 859 
1228 859 797 796 
1229 797 859 860 
1230 860 798 797 
1231 798 860 861 
1232 861 799 798 
1233 799 861 862 
1234 862 800 799 
1235 800 862 863 
1236 863 801 800 
1237 801 863 864 
1238 864 802 801 
1239 802 864 865 
1240 865 803 802 
1241 803 865 866 
1242 866 804 803 
1243 804 866 867 
1244 867 805 804 
1245 805 867 868 
1246 868 806 805 
1247 806 868 869 
1248 869 807 806 
1249 807 869 870 
1250 870 808 807 
1251 808 870 871 
1252 871 809 808 
1253 809 871 872 
1254 872 810 809 
1255 810 872 873 
1256 873 811 810 
1257 811 873 874 
1258 874 812 811 
1259 812 874 136 
1260 136 135 812 
1261 12 13 875 
1262 875 813 12 
1263 813 875 876 
1264 876 814 813 
1265 814 876 877 
1266 877 815 814 
1267 815 877 878 
1268 878 816 815 
1269 816 878 879 
1270 879 817 816 
1271 817 879 880 
1272 880 818 817 
1273 818 880 881 
1274 881 819 818 
1275 819 881 882 
1276 882 820 819 
1277 820 882 883 
1278 883 821 820 
1279 821 883 884 
1280 884 822 821 
1281 822 884 885 
1282 885 823 822 
1283 823 885 886 
1284 886 824 823 
1285 824 886 887 
1286 887 825 824 
1287 825 887 888 
1288 888 826 825 
1289 826 888 889 
1290 889 827 826 
1291 827 889 890 
1292 890 828 827 
1293 828 890 891 
1294 891 829 828 
1295 829 891 892 
1296 892 830 829 
1297 830 892 893 
1298 893 831 830 
1299 831 893 894 
1300 894 832 831 
1301 832 894 895 
1302 895 833 832 
1303 833 895 896 
1304 896 834 833 
1305 834 896 897 
1306 897 835 834 
1307 835 897 898 
1308 898 836 835 
1309 836 898 899 
1310 899 837 836 
1311 837 899 900 
1312 900 838 837 
1313 838 900 901 
1314 901 839 838 
1315 839 901 902 
1316 902 840 839 
1317 840 902 903 
1318 903 841 840 
1319 841 903 904 
1320 904 842 841 
1321 842 904 905 
1322 905 843 842 
1323 843 905 906 
1324 906 844 843 
1325 844 906 907 
1326 907 845 844 
1327 845 907 908 
1328 908 846 845 
1329 846 908 909 
1330 909 847 846 
1331 847 909 910 
1332 910 848 847 
1333 848 910 911 
1334 911 849 848 
1335 849 911 912 
1336 912 850 849 
1337 850 912 913 
1338 913 851 850 
1339 851 913 914 
1340 914 852 851 
1341 852 914 915 
1342 915 853 852 
1343 853 915 916 
1344 916 854 853 
1345 854 916 917 
1346 917 855 854 
1347 855 917 918 
1348 918 856 855 
1349 856 918 919 
1350 919 857 856 
1351 857 919 920 
1352 920 858 857 
1353 858 920 921 
1354 921 859 858 
1355 859 921 922 
1356 922 860 859 
1357 860 922 923 
1358 923 861 860 
1359 861 923 924 
1360 924 862 861 
1361 862 924 925 
1362 925 863 862 
1363 863 925 926 
1364 926 864 863 
1365 864 926 927 
1366 927 865 864 
1367 865 927 928 
1368 928 866 865 
1369 866 928 929 
1370 929 867 866 
1371 867 929 930 
1372 930 868 867 
1373 868 930 931 
1374 931 869 868 
1375 869 931 932 
1376 932 870 869 
1377 870 932 933 
1378 933 871 870 
1379 871 933 934 
1380 934 872 871 
1381 872 934 935 
1382 935 873 872 
1383 873 935 936 
1384 936 874 873 
1385 874 936 137 
1386 137 136 874 
1387 13 14 937 
1388 937 875 13 
1389 875 937 938 
1390 938 876 875 
1391 876 938 939 
1392 939 877 876 
1393 877 939 940 
1394 940 878 877 
1395 878 940 941 
1396 941 879 878 
1397 879 941 942 
1398 942 880 879 
1399 880 942 943 
1400 943 881 880 
1401 881 943 944 
1402 944 882 881 
1403 882 944 945 
1404 945 883 882 
1405 883 945 946 
1406 946 884 883 
1407 884 946 947 
1408 947 885 884 
1409 885 947 948 
1410 948 886 885 
1411 886 948 949 
1412 949 887 886 
1413 887 949 950 
1414 950 888 887 
1415 888 950 951 
1416 951 889 888 
1417 889 951 952 
1418 952 890 889 
1419 890 952 953 
1420 953 891 890 
1421 891 953 954 
1422 954 892 891 
1423 892 954 955 
1424 955 893 892 
1425 893 955 956 
1426 956 894 893 
1427 894 956 957 
1428 957 895 894 
1429 895 957 958 
1430 958 896 895 
1431 896 958 959 
1432 959 897 896 
1433 897 959 960 
1434 960 898 897 
1435 898 960 961 
1436 961 899 898 
1437 899 961 962 
1438 962 900 899 
1439 900 962 963 
1440 963 901 900 
1441 901 963 964 
1442 964 902 901 
1443 902 964 965 
1444 965 903 902 
1445 903 965 966 
1446 966 904 903 
1447 904 966 967 
1448 967 905 904 
1449 905 967 968 
1450 968 906 905 
1451 906 968 969 
1452 969 907 906 
1453 907 969 970 
1454 970 908 907 
1455 908 970 971 
1456 971 909 908 
1457 909 971 972 
1458 972 910 909 
1459 910 972 973 
1460 973 911 910 
1461 911 973 974 
1462 974 912 911 
1463 912 974 975 
1464 975 913 912 
1465 913 975 976 
1466 976 914 913 
1467 914 976 977 
1468 977 915 914 
1469 915 977 978 
1470 978 916 915 
1471 916 978 979 
1472 979 917 916 
1473 917 979 980 
1474 980 918 917 
1475 918 980 981 
1476 981 919 918 
1477 919 981 982 
1478 982 920 919 
1479 920 982 983 
1480 983 921 920 
1481 921 983 984 
1482 984 922 921 
1483 922 984 985 
1484 985 923 922 
1485 923 985 986 
1486 986 924 923 
1487 924 986 987 
1488 987 925 924 
1489 925 987 988 
1490 988 926 925 
1491 926 988 989 
1492 989 927 926 
1493 927 989 990 
1494 990 928 927 
1495 928 990 991 
1496 991 929 928 
1497 929 991 992 
1498 992 930 929 
1499 930 992 993 
1500 993 931 930 
1501 931 993 994 
1502 994 932 931 
1503 932 994 995 
1504 995 933 932 
1505 933 995 996 
1506 996 934 933 
1507 934 996 997 
1508 997 935 934 
1509 935 997 998 
1510 998 936 935 
1511 936 998 138 
1512 138 137 936 
1513 14 15 999 
1514 999 937 14 
1515 937 999 1000 
1516 1000 938 937 
1517 938 1000 1001 
1518 1001 939 938 
1519 939 1001 1002 
1520 1002 940 939 
1521 940 1002 1003 
1522 1003 941 940 
1523 941 1003 1004 
1524 1004 942 941 
1525 942 1004 1005 
1526 1005 943 942 
1527 943 1005 1006 
1528 1006 944 943 
1529 944 1006 1007 
1530 1007 945 944 
1531 945 1007 1008 
1532 1008 946 945 
1533 946 1008 1009 
1534 1009 947 946 
1535 947 1009 1010 
1536 1010 948 947 
1537 948 1010 1011 
1538 1011 949 948 
1539 949 1011 1012 
1540 1012 950 949 
1541 950 1012 1013 
1542 1013 951 950 
1543 951 1013 1014 
1544 1014 952 951 
1545 952 1014 1015 
1546 1015 953 952 
1547 953 1015 1016 
1548 1016 954 953 
1549 954 1016 1017 
1550 1017 955 954 
1551 955 1017 1018 
1552 1018 956 955 
1553 956 1018 1019 
1554 1019 957 956 
1555 957 1019 1020 
1556 1020 958 957 
1557 958 1020 1021 
1558 1021 959 958 
1559 959 1021 1022 
1560 1022 960 959 
1561 960 1022 1023 
1562 1023 961 960 
1563 961 1023 1024 
1564 1024 962 961 
1565 962 1024 1025 
1566 1025 963 962 
1567 963 1025 1026 
1568 1026 964 963 
1569 964 1026 1027 
1570 1027 965 964 
1571 965 1027 1028 
1572 1028 966 965 
1573 966 1028 1029 
1574 1029 967 966 
1575 967 1029 1030 
1576 1030 968 967 
1577 968 1030 1031 
1578 1031 969 968 
1579 969 1031 1032 
1580 1032 970 969 
1581 970 1032 1033 
1582 1033 971 970 
1583 971 1033 1034 
1584 1034 972 971 
1585 972 1034 1035 
1586 1035 973 972 
1587 973 1035 1036 
1588 1036 974 973 
1589 974 1036 1037 
1590 1037 975 974 
1591 975 1037 1038 
1592 1038 976 975 
1593 976 1038 1039 
1594 1039 977 976 
1595 977 1039 1040 
1596 1040 978 977 
1597 978 1040 1041 
1598 1041 979 978 
1599 979 1041 1042 
1600 1042 980 979 
1601 980 1042 1043 
1602 1043 981 980 
1603 981 1043 1044 
1604 1044 982 981 
1605 982 1044 1045 
1606 1045 983 982 
1607 983 1045 1046 
1608 1046 984 983 
1609 984 1046 1047 
1610 1047 985 984 
1611 985 1047 1048 
1612 1048 986 985 
1613 986 1048 1049 
1614 1049 987 986 
1615 987 1049 1050 
1616 1050 988 987 
1617 988 1050 1051 
1618 1051 989 988 
1619 989 1051 1052 
1620 1052 990 989 
1621 990 1052 1053 
1622 1053 991 990 
1623 991 1053 1054 
1624 1054 992 991 
1625 992 1054 1055 
1626 1055 993 992 
1627 993 1055 1056 
1628 1056 994 993 
1629 994 1056 1057 
1630 1057 995 994 
1631 995 1057 1058 
1632 1058 996 995 
1633 996 1058 1059 
1634 1059 997 996 
1635 997 1059 1060 
1636 1060 998 997 
1637 998 1060 139 
1638 139 138 998 
1639 15 16 1061 
1640 1061 999 15 
1641 999 1061 1062 
1642 1062 1000 999 
1643 1000 1062 1063 
1644 1063 1001 1000 
1645 1001 1063 1064 
1646 1064 1002 1001 
1647 1002 1064 1065 
1648 1065 1003 1002 
1649 1003 1065 1066 
1650 1066 1004 1003 
1651 1004 1066 1067 
1652 1067 1005 1004 
1653 1005 1067 1068 
1654 1068 1006 1005 
1655 1006 1068 1069 
1656 1069 1007 1006 
1657 1007 1069 1070 
1658 1070 1008 1007 
1659 1008 1070 1071 
1660 1071 1009 1008 
1661 1009 1071 1072 
1662 1072 1010 1009 
1663 1010 1072 1073 
1664 1073 1011 1010 
1665 1011 1073 1074 
1666 1074 1012 1011 
1667 1012 1074 1075 
1668 1075 1013 1012 
1669 1013 1075 1076 
1670 1076 1014 1013 
1671 1014 1076 1077 
1672 1077 1015 1014 
1673 1015 1077 1078 
1674 1078 1016 1015 
1675 1016 1078 1079 
1676 1079 1017 1016 
1677 1017 1079 1080 
1678 1080 1018 1017 
1679 1018 1080 1081 
1680 1081 1019 1018 
1681 1019 1081 1082 
1682 1082 1020 1019 
1683 1020 1082 1083 
1684 1083 1021 1020 
1685 1021 1083 1084 
1686 1084 1022 1021 
1687 1022 1084 1085 
1688 1085 1023 1022 
1689 1023 1085 1086 
1690 1086 1024 1023 
1691 1024 1086 1087 
1692 1087 1025 1024 
1693 1025 1087 1088 
1694 1088 1026 1025 
1695 1026 1088 1089 
1696 1089 1027 1026 
1697 1027 1089 1090 
1698 1090 1028 1027 
1699 1028 1090 1091 
1700 1091 1029 1028 
1701 1029 1091 1092 
1702 1092 1030 1029 
1703 1030 1092 1093 
1704 1093 1031 1030 
1705 1031 1093 1094 
1706 1094 1032 1031 
1707 1032 1094 1095 
1708 1095 1033 1032 
1709 1033 1095 1096 
1710 1096 1034 1033 
1711 1034 1096 1097 
1712 1097 1035 1034 
1713 1035 1097 1098 
1714 1098 1036 1035 
1715 1036 1098 1099 
1716 1099 1037 1036 
1717 1037 1099 1100 
1718 1100 1038 1037 
1719 1038 1100 1101 
1720 1101 1039 1038 
1721 1039 1101 1102 
1722 1102 1040 1039 
1723 1040 1102 1103 
1724 1103 1041 1040 
1725 1041 1103 1104 
1726 1104 1042 1041 
1727 1042 1104 1105 
1728 1105 1043 1042 
1729 1043 1105 1106 
1730 1106 1044 1043 
1731 1044 1106 1107 
1732 1107 1045 1044 
1733 1045 1107 1108 
1734 1108 1046 1045 
1735 1046 1108 1109 
1736 1109 1047 1046 
1737 1047 1109 1110 
1738 1110 1048 1047 
1739 1048 1110 1111 
1740 1111 1049 1048 
1741 1049 1111 1112 
1742 1112 1050 1049 
1743 1050 1112 1113 
1744 1113 1051 1050 
1745 1051 1113 1114 
1746 1114 1052 1051 
1747 1052 1114 1115 
1748 1115 1053 1052 
1749 1053 1115 1116 
1750 1116 1054 1053 
1751 1054 1116 1117 
1752 1117 1055 1054 
1753 1055 1117 1118 
1754 1118 1056 1055 
1755 1056 1118 1119 
1756 1119 1057 1056 
1757 1057 1119 1120 
1758 1120 1058 1057 
1759 1058 1120 1121 
1760 1121 1059 1058 
1761 1059 1121 1122 
1762 1122 1060 1059 
1763 1060 1122 140 
1764 140 139 1060 
1765 16 17 1123 
1766 1123 1061 16 
1767 1061 1123 1124 
1768 1124 1062 1061 
1769 1062 1124 1125 
1770 1125 1063 1062 
1771 1063 1125 1126 
1772 1126 1064 1063 
1773 1064 1126 1127 
1774 1127 1065 1064 
1775 1065 1127 1128 
1776 1128 1066 1065 
1777 1066 1128 1129 
1778 1129 1067 1066 
1779 1067 1129 1130 
1780 1130 1068 1067 
1781 1068 1130 1131 
1782 1131 1069 1068 
1783 1069 1131 1132 
1784 1132 1070 1069 
1785 1070 1132 1133 
1786 1133 1071 1070 
1787 1071 1133 1134 
1788 1134 1072 1071 
1789 1072 1134 1135 
1790 1135 1073 1072 
1791 1073 1135 1136 
1792 1136 1074 1073 
1793 1074 1136 1137 
1794 1137 1075 1074 
1795 1075 1137 1138 
1796 1138 1076 1075 
1797 1076 1138 1139 
1798 1139 1077 1076 
1799 1077 1139 1140 
1800 1140 1078 1077 
1801 1078 1140 1141 
1802 1141 1079 1078 
1803 1079 1141 1142 
1804 1142 1080 1079 
1805 1080 1142 1143 
1806 1143 1081 1080 
1807 1081 1143 1144 
1808 1144 1082 1081 
1809 1082 1144 1145 
1810 1145 1083 1082 
1811 1083 1145 1146 
1812 1146 1084 1083 
1813 1084 1146 1147 
1814 1147 1085 1084 
1815 1085 1147 1148 
1816 1148 1086 1085 
1817 1086 1148 1149 
1818 1149 1087 1086 
1819 1087 1149 1150 
1820 1150 1088 1087 
1821 1088 1150 1151 
1822 1151 1089 1088 
1823 1089 1151 1152 
1824 1152 1090 1089 
1825 1090 1152 1153 
1826 1153 1091 1090 
1827 1091 1153 1154 
1828 1154 1092 1091 
1829 1092 1154 1155 
1830 1155 1093 1092 
1831 1093 1155 1156 
1832 1156 1094 1093 
1833 1094 1156 1157 
1834 1157 1095 1094 
1835 1095 1157 1158 
1836 1158 1096 1095 
1837 1096 1158 1159 
1838 1159 1097 1096 
1839 1097 1159 1160 
1840 1160 1098 1097 
1841 1098 1160 1161 
1842 1161 1099 1098 
1843 1099 1161 1162 
1844 1162 1100 1099 
1845 1100 1162 1163 
1846 1163 1101 1100 
1847 1101 1163 1164 
1848 1164 1102 1101 
1849 1102 1164 1165 
1850 1165 1103 1102 
1851 1103 1165 1166 
1852 1166 1104 1103 
1853 1104 1166 1167 
1854 1167 1105 1104 
1855 1105 1167 1168 
1856 1168 1106 1105 
1857 1106 1168 1169 
1858 1169 1107 1106 
1859 1107 1169 1170 
1860 1170 1108 1107 
1861 1108 1170 1171 
1862 1171 1109 1108 
1863 1109 1171 1172 
1864 1172 1110 1109 
1865 1110 1172 1173 
1866 1173 1111 1110 
1867 1111 1173 1174 
1868 1174 1112 1111 
1869 1112 1174 1175 
1870 1175 1113 1112 
1871 1113 1175 1176 
1872 1176 1114 1113 
1873 1114 1176 1177 
1874 1177 1115 1114 
1875 1115 1177 1178 
1876 1178 1116 1115 
1877 1116 1178 1179 
1878 1179 1117 1116 
1879 1117 1179 1180 
1880 1180 1118 1117 
1881 1118 1180 1181 
1882 1181 1119 1118 
1883 1119 1181 1182 
1884 1182 1120 1119 
1885 1120 1182 1183 
1886 1183 1121 1120 
1887 1121 1183 1184 
1888 1184 1122 1121 
1889 1122 1184 141 
1890 141 140 1122 
1891 17 18 1185 
1892 1185 1123 17 
1893 1123 1185 1186 
1894 1186 1124 1123 
1895 1124 1186 1187 
1896 1187 1125 1124 
1897 1125 1187 1188 
1898 1188 1126 1125 
1899 1126 1188 1189 
1900 1189 1127 1126 
1901 1127 1189 1190 
1902 1190 1128 1127 
1903 1128 1190 1191 
1904 1191 1129 1128 
1905 1129 1191 1192 
1906 1192 1130 1129 
1907 1130 1192 1193 
1908 1193 1131 1130 
1909 1131 1193 1194 
1910 1194 1132 1131 
1911 1132 1194 1195 
1912 1195 1133 1132 
1913 1133 1195 1196 
1914 1196 1134 1133 
1915 1134 1196 1197 
1916 1197 1135 1134 
1917 1135 1197 1198 
1918 1198 1136 1135 
1919 1136 1198 1199 
1920 1199 1137 1136 
1921 1137 1199 1200 
1922 1200 1138 1137 
1923 1138 1200 1201 
1924 1201 1139 1138 
1925 1139 1201 1202 
1926 1202 1140 1139 
1927 1140 1202 1203 
1928 1203 1141 1140 
1929 1141 1203 1204 
1930 1204 1142 1141 
1931 1142 1204 1205 
1932 1205 1143 1142 
1933 1143 1205 1206 
1934 1206 1144 1143 
1935 1144 1206 1207 
1936 1207 1145 1144 
1937 1145 1207 1208 
1938 1208 1146 1145 
1939 1146 1208 1209 
1940 1209 1147 1146 
1941 1147 1209 1210 
1942 1210 1148 1147 
1943 1148 1210 1211 
1944 1211 1149 1148 
1945 1149 1211 1212 
1946 1212 1150 1149 
1947 1150 1212 1213 
1948 1213 1151 1150 
1949 1151 1213 1214 
1950 1214 1152 1151 
1951 1152 1214 1215 
1952 1215 1153 1152 
1953 1153 1215 1216 
1954 1216 1154 1153 
1955 1154 1216 1217 
1956 1217 1155 1154 
1957 1155 1217 1218 
1958 1218 1156 1155 
1959 1156 1218 1219 
1960 1219 1157 1156 
1961 1157 1219 1220 
1962 1220 1158 1157 
1963 1158 1220 1221 
1964 1221 1159 1158 
1965 1159 1221 1222 
1966 1222 1160 1159 
1967 1160 1222 1223 
1968 1223 1161 1160 
1969 1161 1223 1224 
1970 1224 1162 1161 
1971 1162 1224 1225 
1972 1225 1163 1162 
1973 1163 1225 1226 
1974 1226 1164 1163 
1975 1164 1226 1227 
1976 1227 1165 1164 
1977 1165 1227 1228 
1978 1228 1166 1165 
1979 1166 1228 1229 
1980 1229 1167 1166 
1981 1167 1229 1230 
1982 1230 1168 1167 
1983 1168 1230 1231 
1984 1231 1169 1168 
1985 1169 1231 1232 
1986 1232 1170 1169 
1987 1170 1232 1233 
1988 1233 1171 1170 
1989 1171 1233 1234 
1990 1234 1172 1171 
1991 1172 1234 1235 
1992 1235 1173 1172 
1993 1173 1235 1236 
1994 1236 1174 1173 
1995 1174 1236 1237 
1996 1237 1175 1174 
1997 1175 1237 1238 
1998 1238 1176 1175 
1999 1176 1238 1239 
2000 1239 1177 1176 
2001 1177 1239 1240 
2002 1240 1178 1177 
2003 1178 1240 1241 
2004 1241 1179 1178 
2005 1179 1241 1242 
2006 1242 1180 1179 
2007 1180 1242 1243 
2008 1243 1181 1180 
2009 1181 1243 1244 
2010 1244 1182 1181 
2011 1182 1244 1245 
2012 1245 1183 1182 
2013 1183 1245 1246 
2014 1246 1184 1183 
2015 1184 1246 142 
2016 142 141 1184 
2017 18 19 1247 
2018 1247 1185 18 
2019 1185 1247 1248 
2020 1248 1186 1185 
2021 1186 1248 1249 
2022 1249 1187 1186 
2023 1187 1249 1250 
2024 1250 1188 1187 
2025 1188 1250 1251 
2026 1251 1189 1188 
2027 1189 1251 1252 
2028 1252 1190 1189 
2029 1190 1252 1253 
2030 1253 1191 1190 
2031 1191 1253 1254 
2032 1254 1192 1191 
2033 1192 1254 1255 
2034 1255 1193 1192 
2035 1193 1255 1256 
2036 1256 1194 1193 
2037 1194 1256 1257 
2038 1257 1195 1194 
2039 1195 1257 1258 
2040 1258 1196 1195 
2041 1196 1258 1259 
2042 1259 1197 1196 
2043 1197 1259 1260 
2044 1260 1198 1197 
2045 1198 1260 1261 
2046 1261 1199 1198 
2047 1199 1261 1262 
2048 1262 1200 1199 
2049 1200 1262 1263 
2050 1263 1201 1200 
2051 1201 1263 1264 
2052 1264 1202 1201 
2053 1202 1264 1265 
2054 1265 1203 1202 
2055 1203 1265 1266 
2056 1266 1204 1203 
2057 1204 1266 1267 
2058 1267 1205 1204 
2059 1205 1267 1268 
2060 1268 1206 1205 
2061 1206 1268 1269 
2062 1269 1207 1206 
2063 1207 1269 1270 
2064 1270 1208 1207 
2065 1208 1270 1271 
2066 1271 1209 1208 
2067 1209 1271 1272 
2068 1272 1210 1209 
2069 1210 1272 1273 
2070 1273 1211 1210 
2071 1211 1273 1274 
2072 1274 1212 1211 
2073 1212 1274 1275 
2074 1275 1213 1212 
2075 1213 1275 1276 
2076 1276 1214 1213 
2077 1214 1276 1277 
2078 1277 1215 1214 
2079 1215 1277 1278 
2080 1278 1216 1215 
2081 1216 1278 1279 
2082 1279 1217 1216 
2083 1217 1279 1280 
2084 1280 1218 1217 
2085 1218 1280 1281 
2086 1281 1219 1218 
2087 1219 1281 1282 
2088 1282 1220 1219 
2089 1220 1282 1283 
2090 1283 1221 1220 
2091 1221 1283 1284 
2092 1284 1222 1221 
2093 1222 1284 1285 
2094 1285 1223 1222 
2095 1223 1285 1286 
2096 1286 1224 1223 
2097 1224 1286 1287 
2098 1287 1225 1224 
2099 1225 1287 1288 
2100 1288 1226 1225 
2101 1226 1288 1289 
2102 1289 1227 1226 
2103 1227 1289 1290 
2104 1290 1228 1227 
2105 1228 1290 1291 
2106 1291 1229 1228 
2107 1229 1291 1292 
2108 1292 1230 1229 
2109 1230 1292 1293 
2110 1293 1231 1230 
2111 1231 1293 1294 
2112 1294 1232 1231 
2113 1232 1294 1295 
2114 1295 1233 1232 
2115 1233 1295 1296 
2116 1296 1234 1233 
2117 1234 1296 1297 
2118 1297 1235 1234 
2119 1235 1297 1298 
2120 1298 1236 1235 
2121 1236 1298 1299 
2122 1299 1237 1236 
2123 1237 1299 1300 
2124 1300 1238 1237 
2125 1238 1300 1301 
2126 1301 1239 1238 
2127 1239 1301 1302 
2128 1302 1240 1239 
2129 1240 1302 1303 
2130 1303 1241 1240 
2131 1241 1303 1304 
2132 1304 1242 1241 
2133 1242 1304 1305 
2134 1305 1243 1242 
2135 1243 1305 1306 
2136 1306 1244 1243 
2137 1244 1306 1307 
2138 1307 1245 1244 
2139 1245 1307 1308 
2140 1308 1246 1245 
2141 1246 1308 143 
2142 143 142 1246 
2143 19 20 1309 
2144 1309 1247 19 
2145 1247 1309 1310 
2146 1310 1248 1247 
2147 1248 1310 1311 
2148 1311 1249 1248 
2149 1249 1311 1312 
2150 1312 1250 1249 
2151 1250 1312 1313 
2152 1313 1251 1250 
2153 1251 1313 1314 
2154 1314 1252 1251 
2155 1252 1314 1315 
2156 1315 1253 1252 
2157 1253 1315 1316 
2158 1316 1254 1253 
2159 1254 1316 1317 
2160 1317 1255 1254 
2161 1255 1317 1318 
2162 1318 1256 1255 
2163 1256 1318 1319 
2164 1319 1257 1256 
2165 1257 1319 1320 
2166 1320 1258 1257 
2167 1258 1320 1321 
2168 1321 1259 1258 
2169 1259 1321 1322 
2170 1322 1260 1259 
2171 1260 1322 1323 
2172 1323 1261 1260 
2173 1261 1323 1324 
2174 1324 1262 1261 
2175 1262 1324 1325 
2176 1325 1263 1262 
2177 1263 1325 1326 
2178 1326 1264 1263 
2179 1264 1326 1327 
2180 1327 1265 1264 
2181 1265 1327 1328 
2182 1328 1266 1265 
2183 1266 1328 1329 
2184 1329 1267 1266 
2185 1267 1329 1330 
2186 1330 1268 1267 
2187 1268 1330 1331 
2188 1331 1269 1268 
2189 1269 1331 1332 
2190 1332 1270 1269 
2191 1270 1332 1333 
2192 1333 1271 1270 
2193 1271 1333 1334 
2194 1334 1272 1271 
2195 1272 1334 1335 
2196 1335 1273 1272 
2197 1273 1335 1336 
2198 1336 1274 1273 
2199 1274 1336 1337 
2200 1337 1275 1274 
2201 1275 1337 1338 
2202 1338 1276 1275 
2203 1276 1338 1339 
2204 1339 1277 1276 
2205 1277 1339 1340 
2206 1340 1278 1277 
2207 1278 1340 1341 
2208 1341 1279 1278 
2209 1279 1341 1342 
2210 1342 1280 1279 
2211 1280 1342 1343 
2212 1343 1281 1280 
2213 1281 1343 1344 
2214 1344 1282 1281 
2215 1282 1344 1345 
2216 1345 1283 1282 
2217 1283 1345 1346 
2218 1346 1284 1283 
2219 1284 1346 1347 
2220 1347 1285 1284 
2221 1285 1347 1348 
2222 1348 1286 1285 
2223 1286 1348 1349 
2224 1349 1287 1286 
2225 1287 1349 1350 
2226 1350 1288 1287 
2227 1288 1350 1351 
2228 1351 1289 1288 
2229 1289 1351 1352 
2230 1352 1290 1289 
2231 1290 1352 1353 
2232 1353 1291 1290 
2233 1291 1353 1354 
2234 1354 1292 1291 
2235 1292 1354 1355 
2236 1355 1293 1292 
2237 1293 1355 1356 
2238 1356 1294 1293 
2239 1294 1356 1357 
2240 1357 1295 1294 
2241 1295 1357 1358 
2242 1358 1296 1295 
2243 1296 1358 1359 
2244 1359 1297 1296 
2245 1297 1359 1360 
2246 1360 1298 1297 
2247 1298 1360 1361 
2248 1361 1299 1298 
2249 1299 1361 1362 
2250 1362 1300 1299 
2251 1300 1362 1363 
2252 1363 1301 1300 
2253 1301 1363 1364 
2254 1364 1302 1301 
2255 1302 1364 1365 
2256 1365 1303 1302 
2257 1303 1365 1366 
2258 1366 1304 1303 
2259 1304 1366 1367 
2260 1367 1305 1304 
2261 1305 1367 1368 
2262 1368 1306 1305 
2263 1306 1368 1369 
2264 1369 1307 1306 
2265 1307 1369 1370 
2266 1370 1308 1307 
2267 1308 1370 144 
2268 144 143 1308 
2269 20 21 1371 
2270 1371 1309 20 
2271 1309 1371 1372 
2272 1372 1310 1309 
2273 1310 1372 1373 
2274 1373 1311 1310 
2275 1311 1373 1374 
2276 1374 1312 1311 
2277 1312 1374 1375 
2278 1375 1313 1312 
2279 1313 1375 1376 
2280 1376 1314 1313 
2281 1314 1376 1377 
2282 1377 1315 1314 
2283 1315 1377 1378 
2284 1378 1316 1315 
2285 1316 1378 1379 
2286 1379 1317 1316 
2287 1317 1379 1380 
2288 1380 1318 1317 
2289 1318 1380 1381 
2290 1381 1319 1318 
2291 1319 1381 1382 
2292 1382 1320 1319 
2293 1320 1382 1383 
2294 1383 1321 1320 
2295 1321 1383 1384 
2296 1384 1322 1321 
2297 1322 1384 1385 
2298 1385 1323 1322 
2299 1323 1385 1386 
2300 1386 1324 1323 
2301 1324 1386 1387 
2302 1387 1325 1324 
2303 1325 1387 1388 
2304 1388 1326 1325 
2305 1326 1388 1389 
2306 1389 1327 1326 
2307 1327 1389 1390 
2308 1390 1328 1327 
2309 1328 1390 1391 
2310 1391 1329 1328 
2311 1329 1391 1392 
2312 1392 1330 1329 
2313 1330 1392 1393 
2314 1393 1331 1330 
2315 1331 1393 1394 
2316 1394 1332 1331 
2317 1332 1394 1395 
2318 1395 1333 1332 
2319 1333 1395 1396 
2320 1396 1334 1333 
2321 1334 1396 1397 
2322 1397 1335 1334 
2323 1335 1397 1398 
2324 1398 1336 1335 
2325 1336 1398 1399 
2326 1399 1337 1336 
2327 1337 1399 1400 
2328 1400 1338 1337 
2329 1338 1400 1401 
2330 1401 1339 1338 
2331 1339 1401 1402 
2332 1402 1340 1339 
2333 1340 1402 1403 
2334 1403 1341 1340 
2335 1341 1403 1404 
2336 1404 1342 1341 
2337 1342 1404 1405 
2338 1405 1343 1342 
2339 1343 1405 1406 
2340 1406 1344 1343 
2341 1344 1406 1407 
2342 1407 1345 1344 
2343 1345 1407 1408 
2344 1408 1346 1345 
2345 1346 1408 1409 
2346 1409 1347 1346 
2347 1347 1409 1410 
2348 1410 1348 1347 
2349 1348 1410 1411 
2350 1411 1349 1348 
2351 1349 1411 1412 
2352 1412 1350 1349 
2353 1350 1412 1413 
2354 1413 1351 1350 
2355 1351 1413 1414 
2356 1414 1352 1351 
2357 1352 1414 1415 
2358 1415 1353 1352 
2359 1353 1415 1416 
2360 1416 1354 1353 
2361 1354 1416 1417 
2362 1417 1355 1354 
2363 1355 1417 1418 
2364 1418 1356 1355 
2365 1356 1418 1419 
2366 1419 1357 1356 
2367 1357 1419 1420 
2368 1420 1358 1357 
2369 1358 1420 1421 
2370 1421 1359 1358 
2371 1359 1421 1422 
2372 1422 1360 1359 
2373 1360 1422 1423 
2374 1423 1361 1360 
2375 1361 1423 1424 
2376 1424 1362 1361 
2377 1362 1424 1425 
2378 1425 1363 1362 
2379 1363 1425 1426 
2380 1426 1364 1363 
2381 1364 1426 1427 
2382 1427 1365 1364 
2383 1365 1427 1428 
2384 1428 1366 1365 
2385 1366 1428 1429 
2386 1429 1367 1366 
2387 1367 1429 1430 
2388 1430 1368 1367 
2389 1368 1430 1431 
2390 1431 1369 1368 
2391 1369 1431 1432 
2392 1432 1370 1369 
2393 1370 1432 145 
2394 145 144 1370 
2395 21 22 1433 
2396 1433 1371 21 
2397 1371 1433 1434 
2398 1434 1372 1371 
2399 1372 1434 1435 
2400 1435 1373 1372 
2401 1373 1435 1436 
2402 1436 1374 1373 
2403 1374 1436 1437 
2404 1437 1375 1374 
2405 1375 1437 1438 
2406 1438 1376 1375 
2407 1376 1438 1439 
2408 1439 1377 1376 
2409 1377 1439 1440 
2410 1440 1378 1377 
2411 1378 1440 1441 
2412 1441 1379 1378 
2413 1379 1441 1442 
2414 1442 1380 1379 
2415 1380 1442 1443 
2416 1443 1381 1380 
2417 1381 1443 1444 
2418 1444 1382 1381 
2419 1382 1444 1445 
2420 1445 1383 1382 
2421 1383 1445 1446 
2422 1446 1384 1383 
2423 1384 1446 1447 
2424 1447 1385 1384 
2425 1385 1447 1448 
2426 1448 1386 1385 
2427 1386 1448 1449 
2428 1449 1387 1386 
2429 1387 1449 1450 
2430 1450 1388 1387 
2431 1388 1450 1451 
2432 1451 1389 1388 
2433 1389 1451 1452 
2434 1452 1390 1389 
2435 1390 1452 1453 
2436 1453 1391 1390 
2437 1391 1453 1454 
2438 1454 1392 1391 
2439 1392 1454 1455 
2440 1455 1393 1392 
2441 1393 1455 1456 
2442 1456 1394 1393 
2443 1394 1456 1457 
2444 1457 1395 1394 
2445 1395 1457 1458 
2446 1458 1396 1395 
2447 1396 1458 1459 
2448 1459 1397 1396 
2449 1397 1459 1460 
2450 1460 1398 1397 
2451 1398 1460 1461 
2452 1461 1399 1398 
2453 1399 1461 1462 
2454 1462 1400 1399 
2455 1400 1462 1463 
2456 1463 1401 1400 
2457 1401 1463 1464 
2458 1464 1402 1401 
2459 1402 1464 1465 
2460 1465 1403 1402 
2461 1403 1465 1466 
2462 1466 1404 1403 
2463 1404 1466 1467 
2464 1467 1405 1404 
2465 1405 1467 1468 
2466 1468 1406 1405 
2467 1406 1468 1469 
2468 1469 1407 1406 
2469 1407 1469 1470 
2470 1470 1408 1407 
2471 1408 1470 1471 
2472 1471 1409 1408 
2473 1409 1471 1472 
2474 1472 1410 1409 
2475 1410 1472 1473 
2476 1473 1411 1410 
2477 1411 1473 1474 
2478 1474 1412 1411 
2479 1412 1474 1475 
2480 1475 1413 1412 
2481 1413 1475 1476 
2482 1476 1414 1413 
2483 1414 1476 1477 
2484 1477 1415 1414 
2485 1415 1477 1478 
2486 1478 1416 1415 
2487 1416 1478 1479 
2488 1479 1417 1416 
2489 1417 1479 1480 
2490 1480 1418 1417 
2491 1418 1480 1481 
2492 1481 1419 1418 
2493 1419 1481 1482 
2494 1482 1420 1419 
2495 1420 1482 1483 
2496 1483 1421 1420 
2497 1421 1483 1484 
2498 1484 1422 1421 
2499 1422 1484 1485 
2500 1485 1423 1422 
2501 1423 1485 1486 
2502 1486 1424 1423 
2503 1424 1486 1487 
2504 1487 1425 1424 
2505 1425 1487 1488 
2506 1488 1426 1425 
2507 1426 1488 1489 
2508 1489 1427 1426 
2509 1427 1489 1490 
2510 1490 1428 1427 
2511 1428 1490 1491 
2512 1491 1429 1428 
2513 1429 1491 1492 
2514 1492 1430 1429 
2515 1430 1492 1493 
2516 1493 1431 1430 
2517 1431 1493 1494 
2518 1494 1432 1431 
2519 1432 1494 146 
2520 146 145 1432 
2521 22 23 1495 
2522 1495 1433 22 
2523 1433 1495 1496 
2524 1496 1434 1433 
2525 1434 1496 1497 
2526 1497 1435 1434 
2527 1435 1497 1498 
2528 1498 1436 1435 
2529 1436 1498 1499 
2530 1499 1437 1436 
2531 1437 1499 1500 
2532 1500 1438 1437 
2533 1438 1500 1501 
2534 1501 1439 1438 
2535 1439 1501 1502 
2536 1502 1440 1439 
2537 1440 1502 1503 
2538 1503 1441 1440 
2539 1441 1503 1504 
2540 1504 1442 1441 
2541 1442 1504 1505 
2542 1505 1443 1442 
2543 1443 1505 1506 
2544 1506 1444 1443 
2545 1444 1506 1507 
2546 1507 1445 1444 
2547 1445 1507 1508 
2548 1508 1446 1445 
2549 1446 1508 1509 
2550 1509 1447 1446 
2551 1447 1509 1510 
2552 1510 1448 1447 
2553 1448 1510 1511 
2554 1511 1449 1448 
2555 1449 1511 1512 
2556 1512 1450 1449 
2557 1450 1512 1513 
2558 1513 1451 1450 
2559 1451 1513 1514 
2560 1514 1452 1451 
2561 1452 1514 1515 
2562 1515 1453 1452 
2563 1453 1515 1516 
2564 1516 1454 1453 
2565 1454 1516 1517 
2566 1517 1455 1454 
2567 1455 1517 1518 
2568 1518 1456 1455 
2569 1456 1518 1519 
2570 1519 1457 1456 
2571 1457 1519 1520 
2572 1520 1458 1457 
2573 1458 1520 1521 
2574 1521 1459 1458 
2575 1459 1521 1522 
2576 1522 1460 1459 
2577 1460 1522 1523 
2578 1523 1461 1460 
2579 1461 1523 1524 
2580 1524 1462 1461 
2581 1462 1524 1525 
2582 1525 1463 1462 
2583 1463 1525 1526 
2584 1526 1464 1463 
2585 1464 1526 1527 
2586 1527 1465 1464 
2587 1465 1527 1528 
2588 1528 1466 1465 
2589 1466 1528 1529 
2590 1529 1467 1466 
2591 1467 1529 1530 
2592 1530 1468 1467 
2593 1468 1530 1531 
2594 1531 1469 1468 
2595 1469 1531 1532 
2596 1532 1470 1469 
2597 1470 1532 1533 
2598 1533 1471 1470 
2599 1471 1533 1534 
2600 1534 1472 1471 
2601 1472 1534 1535 
2602 1535 1473 1472 
2603 1473 1535 1536 
2604 1536 1474 1473 
2605 1474 1536 1537 
2606 1537 1475 1474 
2607 1475 1537 1538 
2608 1538 1476 1475 
2609 1476 1538 1539 
2610 1539 1477 1476 
2611 1477 1539 1540 
2612 1540 1478 1477 
2613 1478 1540 1541 
2614 1541 1479 1478 
2615 1479 1541 1542 
2616 1542 1480 1479 
2617 1480 1542 1543 
2618 1543 1481 1480 
2619 1481 1543 1544 
2620 1544 1482 1481 
2621 1482 1544 1545 
2622 1545 1483 1482 
2623 1483 1545 1546 
2624 1546 1484 1483 
2625 1484 1546 1547 
2626 1547 1485 1484 
2627 1485 1547 1548 
2628 1548 1486 1485 
2629 1486 1548 1549 
2630 1549 1487 1486 
2631 1487 1549 1550 
2632 1550 1488 1487 
2633 1488 1550 1551 
2634 1551 1489 1488 
2635 1489 1551 1552 
2636 1552 1490 1489 
2637 1490 1552 1553 
2638 1553 1491 1490 
2639 1491 1553 1554 
2640 1554 1492 1491 
2641 1492 1554 1555 
2642 1555 1493 1492 
2643 1493 1555 1556 
2644 1556 1494 1493 
2645 1494 1556 147 
2646 147 146 1494 
2647 23 24 1557 
2648 1557 1495 23 
2649 1495 1557 1558 
2650 1558 1496 1495 
2651 1496 1558 1559 
2652 1559 1497 1496 
2653 1497 1559 1560 
2654 1560 1498 1497 
2655 1498 1560 1561 
2656 1561 1499 1498 
2657 1499 1561 1562 
2658 1562 1500 1499 
2659 1500 1562 1563 
2660 1563 1501 1500 
2661 1501 1563 1564 
2662 1564 1502 1501 
2663 1502 1564 1565 
2664 1565 1503 1502 
2665 1503 1565 1566 
2666 1566 1504 1503 
2667 1504 1566 1567 
2668 1567 1505 1504 
2669 1505 1567 1568 
2670 1568 1506 1505 
2671 1506 1568 1569 
2672 1569 1507 1506 
2673 1507 1569 1570 
2674 1570 1508 1507 
2675 1508 1570 1571 
2676 1571 1509 1508 
2677 1509 1571 1572 
2678 1572 1510 1509 
2679 1510 1572 1573 
2680 1573 1511 1510 
2681 1511 1573 1574 
2682 1574 1512 1511 
2683 1512 1574 1575 
2684 1575 1513 1512 
2685 1513 1575 1576 
2686 1576 1514 1513 
2687 1514 1576 1577 
2688 1577 1515 1514 
2689 1515 1577 1578 
2690 1578 1516 1515 
2691 1516 1578 1579 
2692 1579 1517 1516 
2693 1517 1579 1580 
2694 1580 1518 1517 
2695 1518 1580 1581 
2696 1581 1519 1518 
2697 1519 1581 1582 
2698 1582 1520 1519 
2699 1520 1582 1583 
2700 1583 1521 1520 
2701 1521 1583 1584 
2702 1584 1522 1521 
2703 1522 1584 1585 
2704 1585 1523 1522 
2705 1523 1585 1586 
2706 1586 1524 1523 
2707 1524 1586 1587 
2708 1587 1525 1524 
2709 1525 1587 1588 
2710 1588 1526 1525 
2711 1526 1588 1589 
2712 1589 1527 1526 
2713 1527 1589 1590 
2714 1590 1528 1527 
2715 1528 1590 1591 
2716 1591 1529 1528 
2717 1529 1591 1592 
2718 1592 1530 1529 
2719 1530 1592 1593 
2720 1593 1531 1530 
2721 1531 1593 1594 
2722 1594 1532 1531 
2723 1532 1594 1595 
2724 1595 1533 1532 
2725 1533 1595 1596 
2726 1596 1534 1533 
2727 1534 1596 1597 
2728 1597 1535 1534 
2729 1535 1597 1598 
2730 1598 1536 1535 
2731 1536 1598 1599 
2732 1599 1537 1536 
2733 1537 1599 1600 
2734 1600 1538 1537 
2735 1538 1600 1601 
2736 1601 1539 1538 
2737 1539 1601 1602 
2738 1602 1540 1539 
2739 1540 1602 1603 
2740 1603 1541 1540 
2741 1541 1603 1604 
2742 1604 1542 1541 
2743 1542 1604 1605 
2744 1605 1543 1542 
2745 1543 1605 1606 
2746 1606 1544 1543 
2747 1544 1606 1607 
2748 1607 1545 1544 
2749 1545 1607 1608 
2750 1608 1546 1545 
2751 1546 1608 1609 
2752 1609 1547 1546 
2753 1547 1609 1610 
2754 1610 1548 1547 
2755 1548 1610 1611 
2756 1611 1549 1548 
2757 1549 1611 1612 
2758 1612 1550 1549 
2759 1550 1612 1613 
2760 1613 1551 1550 
2761 1551 1613 1614 
2762 1614 1552 1551 
2763 1552 1614 1615 
2764 1615 1553 1552 
2765 1553 1615 1616 
2766 1616 1554 1553 
2767 1554 1616 1617 
2768 1617 1555 1554 
2769 1555 1617 1618 
2770 1618 1556 1555 
2771 1556 1618 148 
2772 148 147 1556 
2773 24 25 1619 
2774 1619 1557 24 
2775 1557 1619 1620 
2776 1620 1558 1557 
2777 1558 1620 1621 
2778 1621 1559 1558 
2779 1559 1621 1622 
2780 1622 1560 1559 
2781 1560 1622 1623 
2782 1623 1561 1560 
2783 1561 1623 1624 
2784 1624 1562 1561 
2785 1562 1624 1625 
2786 1625 1563 1562 
2787 1563 1625 1626 
2788 1626 1564 1563 
2789 1564 1626 1627 
2790 1627 1565 1564 
2791 1565 1627 1628 
2792 1628 1566 1565 
2793 1566 1628 1629 
2794 1629 1567 1566 
2795 1567 1629 1630 
2796 1630 1568 1567 
2797 1568 1630 1631 
2798 1631 1569 1568 
2799 1569 1631 1632 
2800 1632 1570 1569 
2801 1570 1632 1633 
2802 1633 1571 1570 
2803 1571 1633 1634 
2804 1634 1572 1571 
2805 1572 1634 1635 
2806 1635 1573 1572 
2807 1573 1635 1636 
2808 1636 1574 1573 
2809 1574 1636 1637 
2810 1637 1575 1574 
2811 1575 1637 1638 
2812 1638 1576 1575 
2813 1576 1638 1639 
2814 1639 1577 1576 
2815 1577 1639 1640 
2816 1640 1578 1577 
2817 1578 1640 1641 
2818 1641 1579 1578 
2819 1579 1641 1642 
2820 1642 1580 1579 
2821 1580 1642 1643 
2822 1643 1581 1580 
2823 1581 1643 1644 
2824 1644 1582 1581 
2825 1582 1644 1645 
2826 1645 1583 1582 
2827 1583 1645 1646 
2828 1646 1584 1583 
2829 1584 1646 1647 
2830 1647 1585 1584 
2831 1585 1647 1648 
2832 1648 1586 1585 
2833 1586 1648 1649 
2834 1649 1587 1586 
2835 1587 1649 1650 
2836 1650 1588 1587 
2837 1588 1650 1651 
2838 1651 1589 1588 
2839 1589 1651 1652 
2840 1652 1590 1589 
2841 1590 1652 1653 
2842 1653 1591 1590 
2843 1591 1653 1654 
2844 1654 1592 1591 
2845 1592 1654 1655 
2846 1655 1593 1592 
2847 1593 1655 1656 
2848 1656 1594 1593 
2849 1594 1656 1657 
2850 1657 1595 1594 
2851 1595 1657 1658 
2852 1658 1596 1595 
2853 1596 1658 1659 
2854 1659 1597 1596 
2855 1597 1659 1660 
2856 1660 1598 1597 
2857 1598 1660 1661 
2858 1661 1599 1598 
2859 1599 1661 1662 
2860 1662 1600 1599 
2861 1600 1662 1663 
2862 1663 1601 1600 
2863 1601 1663 1664 
2864 1664 1602 1601 
2865 1602 1664 1665 
2866 1665 1603 1602 
2867 1603 1665 1666 
2868 1666 1604 1603 
2869 1604 1666 1667 
2870 1667 1605 1604 
2871 1605 1667 1668 
2872 1668 1606 1605 
2873 1606 1668 1669 
2874 1669 1607 1606 
2875 1607 1669 1670 
2876 1670 1608 1607 
2877 1608 1670 1671 
2878 1671 1609 1608 
2879 1609 1671 1672 
2880 1672 1610 1609 
2881 1610 1672 1673 
2882 1673 1611 1610 
2883 1611 1673 1674 
2884 1674 1612 1611 
2885 1612 1674 1675 
2886 1675 1613 1612 
2887 1613 1675 1676 
2888 1676 1614 1613 
2889 1614 1676 1677 
2890 1677 1615 1614 
2891 1615 1677 1678 
2892 1678 1616 1615 
2893 1616 1678 1679 
2894 1679 1617 1616 
2895 1617 1679 1680 
2896 1680 1618 1617 
2897 1618 1680 149 
2898 149 148 1618 
2899 25 26 1681 
2900 1681 1619 25 
2901 1619 1681 1682 
2902 1682 1620 1619 
2903 1620 1682 1683 
2904 1683 1621 1620 
2905 1621 1683 1684 
2906 1684 1622 1621 
2907 1622 1684 1685 
2908 1685 1623 1622 
2909 1623 1685 1686 
2910 1686 1624 1623 
2911 1624 1686 1687 
2912 1687 1625 1624 
2913 1625 1687 1688 
2914 1688 1626 1625 
2915 1626 1688 1689 
2916 1689 1627 1626 
2917 1627 1689 1690 
2918 1690 1628 1627 
2919 1628 1690 1691 
2920 1691 1629 1628 
2921 1629 1691 1692 
2922 1692 1630 1629 
2923 1630 1692 1693 
2924 1693 1631 1630 
2925 1631 1693 1694 
2926 1694 1632 1631 
2927 1632 1694 1695 
2928 1695 1633 1632 
2929 1633 1695 1696 
2930 1696 1634 1633 
2931 1634 1696 1697 
2932 1697 1635 1634 
2933 1635 1697 1698 
2934 1698 1636 1635 
2935 1636 1698 1699 
2936 1699 1637 1636 
2937 1637 1699 1700 
2938 1700 1638 1637 
2939 1638 1700 1701 
2940 1701 1639 1638 
2941 1639 1701 1702 
2942 1702 1640 1639 
2943 1640 1702 1703 
2944 1703 1641 1640 
2945 1641 1703 1704 
2946 1704 1642 1641 
2947 1642 1704 1705 
2948 1705 1643 1642 
2949 1643 1705 1706 
2950 1706 1644 1643 
2951 1644 1706 1707 
2952 1707 1645 1644 
2953 1645 1707 1708 
2954 1708 1646 1645 
2955 1646 1708 1709 
2956 1709 1647 1646 
2957 1647 1709 1710 
2958 1710 1648 1647 
2959 1648 1710 1711 
2960 1711 1649 1648 
2961 1649 1711 1712 
2962 1712 1650 1649 
2963 1650 1712 1713 
2964 1713 1651 1650 
2965 1651 1713 1714 
2966 1714 1652 1651 
2967 1652 1714 1715 
2968 1715 1653 1652 
2969 1653 1715 1716 
2970 1716 1654 1653 
2971 1654 1716 1717 
2972 1717 1655 1654 
2973 1655 1717 1718 
2974 1718 1656 1655 
2975 1656 1718 1719 
2976 1719 1657 1656 
2977 1657 1719 1720 
2978 1720 1658 1657 
2979 1658 1720 1721 
2980 1721 1659 1658 
2981 1659 1721 1722 
2982 1722 1660 1659 
2983 1660 1722 1723 
2984 1723 1661 1660 
2985 1661 1723 1724 
2986 1724 1662 1661 
2987 1662 1724 1725 
2988 1725 1663 1662 
2989 1663 1725 1726 
2990 1726 1664 1663 
2991 1664 1726 1727 
2992 1727 1665 1664 
2993 1665 1727 1728 
2994 1728 1666 1665 
2995 1666 1728 1729 
2996 1729 1667 1666 
2997 1667 1729 1730 
2998 1730 1668 1667 
2999 1668 1730 1731 
3000 1731 1669 1668 
3001 1669 1731 1732 
3002 1732 1670 1669 
3003 1670 1732 1733 
3004 1733 1671 1670 
3005 1671 1733 1734 
3006 1734 1672 1671 
3007 1672 1734 1735 
3008 1735 1673 1672 
3009 1673 1735 1736 
3010 1736 1674 1673 
3011 1674 1736 1737 
3012 1737 1675 1674 
3013 1675 1737 1738 
3014 1738 1676 1675 
3015 1676 1738 1739 
3016 1739 1677 1676 
3017 1677 1739 1740 
3018 1740 1678 1677 
3019 1678 1740 1741 
3020 1741 1679 1678 
3021 1679 1741 1742 
3022 1742 1680 1679 
3023 1680 1742 150 
3024 150 149 1680 
3025 26 27 1743 
3026 1743 1681 26 
3027 1681 1743 1744 
3028 1744 1682 1681 
3029 1682 1744 1745 
3030 1745 1683 1682 
3031 1683 1745 1746 
3032 1746 1684 1683 
3033 1684 1746 1747 
3034 1747 1685 1684 
3035 1685 1747 1748 
3036 1748 1686 1685 
3037 1686 1748 1749 
3038 1749 1687 1686 
3039 1687 1749 1750 
3040 1750 1688 1687 
3041 1688 1750 1751 
3042 1751 1689 1688 
3043 1689 1751 1752 
3044 1752 1690 1689 
3045 1690 1752 1753 
3046 1753 1691 1690 
3047 1691 1753 1754 
3048 1754 1692 1691 
3049 1692 1754 1755 
3050 1755 1693 1692 
3051 1693 1755 1756 
3052 1756 1694 1693 
3053 1694 1756 1757 
3054 1757 1695 1694 
3055 1695 1757 1758 
3056 1758 1696 1695 
3057 1696 1758 1759 
3058 1759 1697 1696 
3059 1697 1759 1760 
3060 1760 1698 1697 
3061 1698 1760 1761 
3062 1761 1699 1698 
3063 1699 1761 1762 
3064 1762 1700 1699 
3065 1700 1762 1763 
3066 1763 1701 1700 
3067 1701 1763 1764 
3068 1764 1702 1701 
3069 1702 1764 1765 
3070 1765 1703 1702 
3071 1703 1765 1766 
3072 1766 1704 1703 
3073 1704 1766 1767 
3074 1767 1705 1704 
3075 1705 1767 1768 
3076 1768 1706 1705 
3077 1706 1768 1769 
3078 1769 1707 1706 
3079 1707 1769 1770 
3080 1770 1708 1707 
3081 1708 1770 1771 
3082 1771 1709 1708 
3083 1709 1771 1772 
3084 1772 1710 1709 
3085 1710 1772 1773 
3086 1773 1711 1710 
3087 1711 1773 1774 
3088 1774 1712 1711 
3089 1712 1774 1775 
3090 1775 1713 1712 
3091 1713 1775 1776 
3092 1776 1714 1713 
3093 1714 1776 1777 
3094 1777 1715 1714 
3095 1715 1777 1778 
3096 1778 1716 1715 
3097 1716 1778 1779 
3098 1779 1717 1716 
3099 1717 1779 1780 
3100 1780 1718 1717 
3101 1718 1780 1781 
3102 1781 1719 1718 
3103 1719 1781 1782 
3104 1782 1720 1719 
3105 1720 1782 1783 
3106 1783 1721 1720 
3107 1721 1783 1784 
3108 1784 1722 1721 
3109 1722 1784 1785 
3110 1785 1723 1722 
3111 1723 1785 1786 
3112 1786 1724 1723 
3113 1724 1786 1787 
3114 1787 1725 1724 
3115 1725 1787 1788 
3116 1788 1726 1725 
3117 1726 1788 1789 
3118 1789 1727 1726 
3119 1727 1789 1790 
3120 1790 1728 1727 
3121 1728 1790 1791 
3122 1791 1729 1728 
3123 1729 1791 1792 
3124 1792 1730 1729 
3125 1730 1792 1793 
3126 1793 1731 1730 
3127 1731 1793 1794 
3128 1794 1732 1731 
3129 1732 1794 1795 
3130 1795 1733 1732 
3131 1733 1795 1796 
3132 1796 1734 1733 
3133 1734 1796 1797 
3134 1797 1735 1734 
3135 1735 1797 1798 
3136 1798 1736 1735 
3137 1736 1798 1799 
3138 1799 1737 1736 
3139 1737 1799 1800 
3140 1800 1738 1737 
3141 1738 1800 1801 
3142 1801 1739 1738 
3143 1739 1801 1802 
3144 1802 1740 1739 
3145 1740 1802 1803 
3146 1803 1741 1740 
3147 1741 1803 1804 
3148 1804 1742 1741 
3149 1742 1804 151 
3150 151 150 1742 
3151 27 28 1805 
3152 1805 1743 27 
3153 1743 1805 1806 
3154 1806 1744 1743 
3155 1744 1806 1807 
3156 1807 1745 1744 
3157 1745 1807 1808 
3158 1808 1746 1745 
3159 1746 1808 1809 
3160 1809 1747 1746 
3161 1747 1809 1810 
3162 1810 1748 1747 
3163 1748 1810 1811 
3164 1811 1749 1748 
3165 1749 1811 1812 
3166 1812 1750 1749 
3167 1750 1812 1813 
3168 1813 1751 1750 
3169 1751 1813 1814 
3170 1814 1752 1751 
3171 1752 1814 1815 
3172 1815 1753 1752 
3173 1753 1815 1816 
3174 1816 1754 1753 
3175 1754 1816 1817 
3176 1817 1755 1754 
3177 1755 1817 1818 
3178 1818 1756 1755 
3179 1756 1818 1819 
3180 1819 1757 1756 
3181 1757 1819 1820 
3182 1820 1758 1757 
3183 1758 1820 1821 
3184 1821 1759 1758 
3185 1759 1821 1822 
3186 1822 1760 1759 
3187 1760 1822 1823 
3188 1823 1761 1760 
3189 1761 1823 1824 
3190 1824 1762 1761 
3191 1762 1824 1825 
3192 1825 1763 1762 
3193 1763 1825 1826 
3194 1826 1764 1763 
3195 1764 1826 1827 
3196 1827 1765 1764 
3197 1765 1827 1828 
3198 1828 1766 1765 
3199 1766 1828 1829 
3200 1829 1767 1766 
3201 1767 1829 1830 
3202 1830 1768 1767 
3203 1768 1830 1831 
3204 1831 1769 1768 
3205 1769 1831 1832 
3206 1832 1770 1769 
3207 1770 1832 1833 
3208 1833 1771 1770 
3209 1771 1833 1834 
3210 1834 1772 1771 
3211 1772 1834 1835 
3212 1835 1773 1772 
3213 1773 1835 1836 
3214 1836 1774 1773 
3215 1774 1836 1837 
3216 1837 1775 1774 
3217 1775 1837 1838 
3218 1838 1776 1775 
3219 1776 1838 1839 
3220 1839 1777 1776 
3221 1777 1839 1840 
3222 1840 1778 1777 
3223 1778 1840 1841 
3224 1841 1779 1778 
3225 1779 1841 1842 
3226 1842 1780 1779 
3227 1780 1842 1843 
3228 1843 1781 1780 
3229 1781 1843 1844 
3230 1844 1782 1781 
3231 1782 1844 1845 
3232 1845 1783 1782 
3233 1783 1845 1846 
3234 1846 1784 1783 
3235 1784 1846 1847 
3236 1847 1785 1784 
3237 1785 1847 1848 
3238 1848 1786 1785 
3239 1786 1848 1849 
3240 1849 1787 1786 
3241 1787 1849 1850 
3242 1850 1788 1787 
3243 1788 1850 1851 
3244 1851 1789 1788 
3245 1789 1851 1852 
3246 1852 1790 1789 
3247 1790 1852 1853 
3248 1853 1791 1790 
3249 1791 1853 1854 
3250 1854 1792 1791 
3251 1792 1854 1855 
3252 1855 1793 1792 
3253 1793 1855 1856 
3254 1856 1794 1793 
3255 1794 1856 1857 
3256 1857 1795 1794 
3257 1795 1857 1858 
3258 1858 1796 1795 
3259 1796 1858 1859 
3260 1859 1797 1796 
3261 1797 1859 1860 
3262 1860 1798 1797 
3263 1798 1860 1861 
3264 1861 1799 1798 
3265 1799 1861 1862 
3266 1862 1800 1799 
3267 1800 1862 1863 
3268 1863 1801 1800 
3269 1801 1863 1864 
3270 1864 1802 1801 
3271 1802 1864 1865 
3272 1865 1803 1802 
3273 1803 1865 1866 
3274 1866 1804 1803 
3275 1804 1866 152 
3276 152 151 1804 
3277 28 29 1867 
3278 1867 1805 28 
3279 1805 1867 1868 
3280 1868 1806 1805 
3281 1806 1868 1869 
3282 1869 1807 1806 
3283 1807 1869 1870 
3284 1870 1808 1807 
3285 1808 1870 1871 
3286 1871 1809 1808 
3287 1809 1871 1872 
3288 1872 1810 1809 
3289 1810 1872 1873 
3290 1873 1811 1810 
3291 1811 1873 1874 
3292 1874 1812 1811 
3293 1812 1874 1875 
3294 1875 1813 1812 
3295 1813 1875 1876 
3296 1876 1814 1813 
3297 1814 1876 1877 
3298 1877 1815 1814 
3299 1815 1877 1878 
3300 1878 1816 1815 
3301 1816 1878 1879 
3302 1879 1817 1816 
3303 1817 1879 1880 
3304 1880 1818 1817 
3305 1818 1880 1881 
3306 1881 1819 1818 
3307 1819 1881 1882 
3308 1882 1820 1819 
3309 1820 1882 1883 
3310 1883 1821 1820 
3311 1821 1883 1884 
3312 1884 1822 1821 
3313 1822 1884 1885 
3314 1885 1823 1822 
3315 1823 1885 1886 
3316 1886 1824 1823 
3317 1824 1886 1887 
3318 1887 1825 1824 
3319 1825 1887 1888 
3320 1888 1826 1825 
3321 1826 1888 1889 
3322 1889 1827 1826 
3323 1827 1889 1890 
3324 1890 1828 1827 
3325 1828 1890 1891 
3326 1891 1829 1828 
3327 1829 1891 1892 
3328 1892 1830 1829 
3329 1830 1892 1893 
3330 1893 1831 1830 
3331 1831 1893 1894 
3332 1894 1832 1831 
3333 1832 1894 1895 
3334 1895 1833 1832 
3335 1833 1895 1896 
3336 1896 1834 1833 
3337 1834 1896 1897 
3338 1897 1835 1834 
3339 1835 1897 1898 
3340 1898 1836 1835 
3341 1836 1898 1899 
3342 1899 1837 1836 
3343 1837 1899 1900 
3344 1900 1838 1837 
3345 1838 1900 1901 
3346 1901 1839 1838 
3347 1839 1901 1902 
3348 1902 1840 1839 
3349 1840 1902 1903 
3350 1903 1841 1840 
3351 1841 1903 1904 
3352 1904 1842 1841 
3353 1842 1904 1905 
3354 1905 1843 1842 
3355 1843 1905 1906 
3356 1906 1844 1843 
3357 1844 1906 1907 
3358 1907 1845 1844 
3359 1845 1907 1908 
3360 1908 1846 1845 
3361 1846 1908 1909 
3362 1909 1847 1846 
3363 1847 1909 1910 
3364 1910 1848 1847 
3365 1848 1910 1911 
3366 1911 1849 1848 
3367 1849 1911 1912 
3368 1912 1850 1849 
3369 1850 1912 1913 
3370 1913 1851 1850 
3371 1851 1913 1914 
3372 1914 1852 1851 
3373 1852 1914 1915 
3374 1915 1853 1852 
3375 1853 1915 1916 
3376 1916 1854 1853 
3377 1854 1916 1917 
3378 1917 1855 1854 
3379 1855 1917 1918 
3380 1918 1856 1855 
3381 1856 1918 1919 
3382 1919 1857 1856 
3383 1857 1919 1920 
3384 1920 1858 1857 
3385 1858 1920 1921 
3386 1921 1859 1858 
3387 1859 1921 1922 
3388 1922 1860 1859 
3389 1860 1922 1923 
3390 1923 1861 1860 
3391 1861 1923 1924 
3392 1924 1862 1861 
3393 1862 1924 1925 
3394 1925 1863 1862 
3395 1863 1925 1926 
3396 1926 1864 1863 
3397 1864 1926 1927 
3398 1927 1865 1864 
3399 1865 1927 1928 
3400 1928 1866 1865 
3401 1866 1928 153 
3402 153 152 1866 
3403 29 30 1929 
3404 1929 1867 29 
3405 1867 1929 1930 
3406 1930 1868 1867 
3407 1868 1930 1931 
3408 1931 1869 1868 
3409 1869 1931 1932 
3410 1932 1870 1869 
3411 1870 1932 1933 
3412 1933 1871 1870 
3413 1871 1933 1934 
3414 1934 1872 1871 
3415 1872 1934 1935 
3416 1935 1873 1872 
3417 1873 1935 1936 
3418 1936 1874 1873 
3419 1874 1936 1937 
3420 1937 1875 1874 
3421 1875 1937 1938 
3422 1938 1876 1875 
3423 1876 1938 1939 
3424 1939 1877 1876 
3425 1877 1939 1940 
3426 1940 1878 1877 
3427 1878 1940 1941 
3428 1941 1879 1878 
3429 1879 1941 1942 
3430 1942 1880 1879 
3431 1880 1942 1943 
3432 1943 1881 1880 
3433 1881 1943 1944 
3434 1944 1882 1881 
3435 1882 1944 1945 
3436 1945 1883 1882 
3437 1883 1945 1946 
3438 1946 1884 1883 
3439 1884 1946 1947 
3440 1947 1885 1884 
3441 1885 1947 1948 
3442 1948 1886 1885 
3443 1886 1948 1949 
3444 1949 1887 1886 
3445 1887 1949 1950 
3446 1950 1888 1887 
3447 1888 1950 1951 
3448 1951 1889 1888 
3449 1889 1951 1952 
3450 1952 1890 1889 
3451 1890 1952 1953 
3452 1953 1891 1890 
3453 1891 1953 1954 
3454 1954 1892 1891 
3455 1892 1954 1955 
3456 1955 1893 1892 
3457 1893 1955 1956 
3458 1956 1894 1893 
3459 1894 1956 1957 
3460 1957 1895 1894 
3461 1895 1957 1958 
3462 1958 1896 1895 
3463 1896 1958 1959 
3464 1959 1897 1896 
3465 1897 1959 1960 
3466 1960 1898 1897 
3467 1898 1960 1961 
3468 1961 1899 1898 
3469 1899 1961 1962 
3470 1962 1900 1899 
3471 1900 1962 1963 
3472 1963 1901 1900 
3473 1901 1963 1964 
3474 1964 1902 1901 
3475 1902 1964 1965 
3476 1965 1903 1902 
3477 1903 1965 1966 
3478 1966 1904 1903 
3479 1904 1966 1967 
3480 1967 1905 1904 
3481 1905 1967 1968 
3482 1968 1906 1905 
3483 1906 1968 1969 
3484 1969 1907 1906 
3485 1907 1969 1970 
3486 1970 1908 1907 
3487 1908 1970 1971 
3488 1971 1909 1908 
3489 1909 1971 1972 
3490 1972 1910 1909 
3491 1910 1972 1973 
3492 1973 1911 1910 
3493 1911 1973 1974 
3494 1974 1912 1911 
3495 1912 1974 1975 
3496 1975 1913 1912 
3497 1913 1975 1976 
3498 1976 1914 1913 
3499 1914 1976 1977 
3500 1977 1915 1914 
3501 1915 1977 1978 
3502 1978 1916 1915 
3503 1916 1978 1979 
3504 1979 1917 1916 
3505 1917 1979 1980 
3506 1980 1918 1917 
3507 1918 1980 1981 
3508 1981 1919 1918 
3509 1919 1981 1982 
3510 1982 1920 1919 
3511 1920 1982 1983 
3512 1983 1921 1920 
3513 1921 1983 1984 
3514 1984 1922 1921 
3515 1922 1984 1985 
3516 1985 1923 1922 
3517 1923 1985 1986 
3518 1986 1924 1923 
3519 1924 1986 1987 
3520 1987 1925 1924 
3521 1925 1987 1988 
3522 1988 1926 1925 
3523 1926 1988 1989 
3524 1989 1927 1926 
3525 1927 1989 1990 
3526 1990 1928 1927 
3527 1928 1990 154 
3528 154 153 1928 
3529 30 31 1991 
3530 1991 1929 30 
3531 1929 1991 1992 
3532 1992 1930 1929 
3533 1930 1992 1993 
3534 1993 1931 1930 
3535 1931 1993 1994 
3536 1994 1932 1931 
3537 1932 1994 1995 
3538 1995 1933 1932 
3539 1933 1995 1996 
3540 1996 1934 1933 
3541 1934 1996 1997 
3542 1997 1935 1934 
3543 1935 1997 1998 
3544 1998 1936 1935 
3545 1936 1998 1999 
3546 1999 1937 1936 
3547 1937 1999 2000 
3548 2000 1938 1937 
3549 1938 2000 2001 
3550 2001 1939 1938 
3551 1939 2001 2002 
3552 2002 1940 1939 
3553 1940 2002 2003 
3554 2003 1941 1940 
3555 1941 2003 2004 
3556 2004 1942 1941 
3557 1942 2004 2005 
3558 2005 1943 1942 
3559 1943 2005 2006 
3560 2006 1944 1943 
3561 1944 2006 2007 
3562 2007 1945 1944 
3563 1945 2007 2008 
3564 2008 1946 1945 
3565 1946 2008 2009 
3566 2009 1947 1946 
3567 1947 2009 2010 
3568 2010 1948 1947 
3569 1948 2010 2011 
3570 2011 1949 1948 
3571 1949 2011 2012 
3572 2012 1950 1949 
3573 1950 2012 2013 
3574 2013 1951 1950 
3575 1951 2013 2014 
3576 2014 1952 1951 
3577 1952 2014 2015 
3578 2015 1953 1952 
3579 1953 2015 2016 
3580 2016 1954 1953 
3581 1954 2016 2017 
3582 2017 1955 1954 
3583 1955 2017 2018 
3584 2018 1956 1955 
3585 1956 2018 2019 
3586 2019 1957 1956 
3587 1957 2019 2020 
3588 2020 1958 1957 
3589 1958 2020 2021 
3590 2021 1959 1958 
3591 1959 2021 2022 
3592 2022 1960 1959 
3593 1960 2022 2023 
3594 2023 1961 1960 
3595 1961 2023 2024 
3596 2024 1962 1961 
3597 1962 2024 2025 
3598 2025 1963 1962 
3599 1963 2025 2026 
3600 2026 1964 1963 
3601 1964 2026 2027 
3602 2027 1965 1964 
3603 1965 2027 2028 
3604 2028 1966 1965 
3605 1966 2028 2029 
3606 2029 1967 1966 
3607 1967 2029 2030 
3608 2030 1968 1967 
3609 1968 2030 2031 
3610 2031 1969 1968 
3611 1969 2031 2032 
3612 2032 1970 1969 
3613 1970 2032 2033 
3614 2033 1971 1970 
3615 1971 2033 2034 
3616 2034 1972 1971 
3617 1972 2034 2035 
3618 2035 1973 1972 
3619 1973 2035 2036 
3620 2036 1974 1973 
3621 1974 2036 2037 
3622 2037 1975 1974 
3623 1975 2037 2038 
3624 2038 1976 1975 
3625 1976 2038 2039 
3626 2039 1977 1976 
3627 1977 2039 2040 
3628 2040 1978 1977 
3629 1978 2040 2041 
3630 2041 1979 1978 
3631 1979 2041 2042 
3632 2042 1980 1979 
3633 1980 2042 2043 
3634 2043 1981 1980 
3635 1981 2043 2044 
3636 2044 1982 1981 
3637 1982 2044 2045 
3638 2045 1983 1982 
3639 1983 2045 2046 
3640 2046 1984 1983 
3641 1984 2046 2047 
3642 2047 1985 1984 
3643 1985 2047 2048 
3644 2048 1986 1985 
3645 1986 2048 2049 
3646 2049 1987 1986 
3647 1987 2049 2050 
3648 2050 1988 1987 
3649 1988 2050 2051 
3650 2051 1989 1988 
3651 1989 2051 2052 
3652 2052 1990 1989 
3653 1990 2052 155 
3654 155 154 1990 
3655 31 32 2053 
3656 2053 1991 31 
3657 1991 2053 2054 
3658 2054 1992 1991 
3659 1992 2054 2055 
3660 2055 1993 1992 
3661 1993 2055 2056 
3662 2056 1994 1993 
3663 1994 2056 2057 
3664 2057 1995 1994 
3665 1995 2057 2058 
3666 2058 1996 1995 
3667 1996 2058 2059 
3668 2059 1997 1996 
3669 1997 2059 2060 
3670 2060 1998 1997 
3671 1998 2060 2061 
3672 2061 1999 1998 
3673 1999 2061 2062 
3674 2062 2000 1999 
3675 2000 2062 2063 
3676 2063 2001 2000 
3677 2001 2063 2064 
3678 2064 2002 2001 
3679 2002 2064 2065 
3680 2065 2003 2002 
3681 2003 2065 2066 
3682 2066 2004 2003 
3683 2004 2066 2067 
3684 2067 2005 2004 
3685 2005 2067 2068 
3686 2068 2006 2005 
3687 2006 2068 2069 
3688 2069 2007 2006 
3689 2007 2069 2070 
3690 2070 2008 2007 
3691 2008 2070 2071 
3692 2071 2009 2008 
3693 2009 2071 2072 
3694 2072 2010 2009 
3695 2010 2072 2073 
3696 2073 2011 2010 
3697 2011 2073 2074 
3698 2074 2012 2011 
3699 2012 2074 2075 
3700 2075 2013 2012 
3701 2013 2075 2076 
3702 2076 2014 2013 
3703 2014 2076 2077 
3704 2077 2015 2014 
3705 2015 2077 2078 
3706 2078 2016 2015 
3707 2016 2078 2079 
3708 2079 2017 2016 
3709 2017 2079 2080 
3710 2080 2018 2017 
3711 2018 2080 2081 
3712 2081 2019 2018 
3713 2019 2081 2082 
3714 2082 2020 2019 
3715 2020 2082 2083 
3716 2083 2021 2020 
3717 2021 2083 2084 
3718 2084 2022 2021 
3719 2022 2084 2085 
3720 2085 2023 2022 
3721 2023 2085 2086 
3722 2086 2024 2023 
3723 2024 2086 2087 
3724 2087 2025 2024 
3725 2025 2087 2088 
3726 2088 2026 2025 
3727 2026 2088 2089 
3728 2089 2027 2026 
3729 2027 2089 2090 
3730 2090 2028 2027 
3731 2028 2090 2091 
3732 2091 2029 2028 
3733 2029 2091 2092 
3734 2092 2030 2029 
3735 2030 2092 2093 
3736 2093 2031 2030 
3737 2031 2093 2094 
3738 2094 2032 2031 
3739 2032 2094 2095 
3740 2095 2033 2032 
3741 2033 2095 2096 
3742 2096 2034 2033 
3743 2034 2096 2097 
3744 2097 2035 2034 
3745 2035 2097 2098 
3746 2098 2036 2035 
3747 2036 2098 2099 
3748 2099 2037 2036 
3749 2037 2099 2100 
3750 2100 2038 2037 
3751 2038 2100 2101 
3752 2101 2039 2038 
3753 2039 2101 2102 
3754 2102 2040 2039 
3755 2040 2102 2103 
3756 2103 2041 2040 
3757 2041 2103 2104 
3758 2104 2042 2041 
3759 2042 2104 2105 
3760 2105 2043 2042 
3761 2043 2105 2106 
3762 2106 2044 2043 
3763 2044 2106 2107 
3764 2107 2045 2044 
3765 2045 2107 2108 
3766 2108 2046 2045 
3767 2046 2108 2109 
3768 2109 2047 2046 
3769 2047 2109 2110 
3770 2110 2048 2047 
3771 2048 2110 2111 
3772 2111 2049 2048 
3773 2049 2111 2112 
3774 2112 2050 2049 
3775 2050 2112 2113 
3776 2113 2051 2050 
3777 2051 2113 2114 
3778 2114 2052 2051 
3779 2052 2114 156 
3780 156 155 2052 
3781 32 33 2115 
3782 2115 2053 32 
3783 2053 2115 2116 
3784 2116 2054 2053 
3785 2054 2116 2117 
3786 2117 2055 2054 
3787 2055 2117 2118 
3788 2118 2056 2055 
3789 2056 2118 2119 
3790 2119 2057 2056 
3791 2057 2119 2120 
3792 2120 2058 2057 
3793 2058 2120 2121 
3794 2121 2059 2058 
3795 2059 2121 2122 
3796 2122 2060 2059 
3797 2060 2122 2123 
3798 2123 2061 2060 
3799 2061 2123 2124 
3800 2124 2062 2061 
3801 2062 2124 2125 
3802 2125 2063 2062 
3803 2063 2125 2126 
3804 2126 2064 2063 
3805 2064 2126 2127 
3806 2127 2065 2064 
3807 2065 2127 2128 
3808 2128 2066 2065 
3809 2066 2128 2129 
3810 2129 2067 2066 
3811 2067 2129 2130 
3812 2130 2068 2067 
3813 2068 2130 2131 
3814 2131 2069 2068 
3815 2069 2131 2132 
3816 2132 2070 2069 
3817 2070 2132 2133 
3818 2133 2071 2070 
3819 2071 2133 2134 
3820 2134 2072 2071 
3821 2072 2134 2135 
3822 2135 2073 2072 
3823 2073 2135 2136 
3824 2136 2074 2073 
3825 2074 2136 2137 
3826 2137 2075 2074 
3827 2075 2137 2138 
3828 2138 2076 2075 
3829 2076 2138 2139 
3830 2139 2077 2076 
3831 2077 2139 2140 
3832 2140 2078 2077 
3833 2078 2140 2141 
3834 2141 2079 2078 
3835 2079 2141 2142 
3836 2142 2080 2079 
3837 2080 2142 2143 
3838 2143 2081 2080 
3839 2081 2143 2144 
3840 2144 2082 2081 
3841 2082 2144 2145 
3842 2145 2083 2082 
3843 2083 2145 2146 
3844 2146 2084 2083 
3845 2084 2146 2147 
3846 2147 2085 2084 
3847 2085 2147 2148 
3848 2148 2086 2085 
3849 2086 2148 2149 
3850 2149 2087 2086 
3851 2087 2149 2150 
3852 2150 2088 2087 
3853 2088 2150 2151 
3854 2151 2089 2088 
3855 2089 2151 2152 
3856 2152 2090 2089 
3857 2090 2152 2153 
3858 2153 2091 2090 
3859 2091 2153 2154 
3860 2154 2092 2091 
3861 2092 2154 2155 
3862 2155 2093 2092 
3863 2093 2155 2156 
3864 2156 2094 2093 
3865 2094 2156 2157 
3866 2157 2095 2094 
3867 2095 2157 2158 
3868 2158 2096 2095 
3869 2096 2158 2159 
3870 2159 2097 2096 
3871 2097 2159 2160 
3872 2160 2098 2097 
3873 2098 2160 2161 
3874 2161 2099 2098 
3875 2099 2161 2162 
3876 2162 2100 2099 
3877 2100 2162 2163 
3878 2163 2101 2100 
3879 2101 2163 2164 
3880 2164 2102 2101 
3881 2102 2164 2165 
3882 2165 2103 2102 
3883 2103 2165 2166 
3884 2166 2104 2103 
3885 2104 2166 2167 
3886 2167 2105 2104 
3887 2105 2167 2168 
3888 2168 2106 2105 
3889 2106 2168 2169 
3890 2169 2107 2106 
3891 2107 2169 2170 
3892 2170 2108 2107 
3893 2108 2170 2171 
3894 2171 2109 2108 
3895 2109 2171 2172 
3896 2172 2110 2109 
3897 2110 2172 2173 
3898 2173 2111 2110 
3899 2111 2173 2174 
3900 2174 2112 2111 
3901 2112 2174 2175 
3902 2175 2113 2112 
3903 2113 2175 2176 
3904 2176 2114 2113 
3905 2114 2176 157 
3906 157 156 2114 
3907 33 34 2177 
3908 2177 2115 33 
3909 2115 2177 2178 
3910 2178 2116 2115 
3911 2116 2178 2179 
3912 2179 2117 2116 
3913 2117 2179 2180 
3914 2180 2118 2117 
3915 2118 2180 2181 
3916 2181 2119 2118 
3917 2119 2181 2182 
3918 2182 2120 2119 
3919 2120 2182 2183 
3920 2183 2121 2120 
3921 2121 2183 2184 
3922 2184 2122 2121 
3923 2122 2184 2185 
3924 2185 2123 2122 
3925 2123 2185 2186 
3926 2186 2124 2123 
3927 2124 2186 2187 
3928 2187 2125 2124 
3929 2125 2187 2188 
3930 2188 2126 2125 
3931 2126 2188 2189 
3932 2189 2127 2126 
3933 2127 2189 2190 
3934 2190 2128 2127 
3935 2128 2190 2191 
3936 2191 2129 2128 
3937 2129 2191 2192 
3938 2192 2130 2129 
3939 2130 2192 2193 
3940 2193 2131 2130 
3941 2131 2193 2194 
3942 2194 2132 2131 
3943 2132 2194 2195 
3944 2195 2133 2132 
3945 2133 2195 2196 
3946 2196 2134 2133 
3947 2134 2196 2197 
3948 2197 2135 2134 
3949 2135 2197 2198 
3950 2198 2136 2135 
3951 2136 2198 2199 
3952 2199 2137 2136 
3953 2137 2199 2200 
3954 2200 2138 2137 
3955 2138 2200 2201 
3956 2201 2139 2138 
3957 2139 2201 2202 
3958 2202 2140 2139 
3959 2140 2202 2203 
3960 2203 2141 2140 
3961 2141 2203 2204 
3962 2204 2142 2141 
3963 2142 2204 2205 
3964 2205 2143 2142 
3965 2143 2205 2206 
3966 2206 2144 2143 
3967 2144 2206 2207 
3968 2207 2145 2144 
3969 2145 2207 2208 
3970 2208 2146 2145 
3971 2146 2208 2209 
3972 2209 2147 2146 
3973 2147 2209 2210 
3974 2210 2148 2147 
3975 2148 2210 2211 
3976 2211 2149 2148 
3977 2149 2211 2212 
3978 2212 2150 2149 
3979 2150 2212 2213 
3980 2213 2151 2150 
3981 2151 2213 2214 
3982 2214 2152 2151 
3983 2152 2214 2215 
3984 2215 2153 2152 
3985 2153 2215 2216 
3986 2216 2154 2153 
3987 2154 2216 2217 
3988 2217 2155 2154 
3989 2155 2217 2218 
3990 2218 2156 2155 
3991 2156 2218 2219 
3992 2219 2157 2156 
3993 2157 2219 2220 
3994 2220 2158 2157 
3995 2158 2220 2221 
3996 2221 2159 2158 
3997 2159 2221 2222 
3998 2222 2160 2159 
3999 2160 2222 2223 
4000 2223 2161 2160 
4001 2161 2223 2224 
4002 2224 2162 2161 
4003 2162 2224 2225 
4004 2225 2163 2162 
4005 2163 2225 2226 
4006 2226 2164 2163 
4007 2164 2226 2227 
4008 2227 2165 2164 
4009 2165 2227 2228 
4010 2228 2166 2165 
4011 2166 2228 2229 
4012 2229 2167 2166 
4013 2167 2229 2230 
4014 2230 2168 2167 
4015 2168 2230 2231 
4016 2231 2169 2168 
4017 2169 2231 2232 
4018 2232 2170 2169 
4019 2170 2232 2233 
4020 2233 2171 2170 
4021 2171 2233 2234 
4022 2234 2172 2171 
4023 2172 2234 2235 
4024 2235 2173 2172 
4025 2173 2235 2236 
4026 2236 2174 2173 
4027 2174 2236 2237 
4028 2237 2175 2174 
4029 2175 2237 2238 
4030 2238 2176 2175 
4031 2176 2238 158 
4032 158 157 2176 
4033 34 35 2239 
4034 2239 2177 34 
4035 2177 2239 2240 
4036 2240 2178 2177 
4037 2178 2240 2241 
4038 2241 2179 2178 
4039 2179 2241 2242 
4040 2242 2180 2179 
4041 2180 2242 2243 
4042 2243 2181 2180 
4043 2181 2243 2244 
4044 2244 2182 2181 
4045 2182 2244 2245 
4046 2245 2183 2182 
4047 2183 2245 2246 
4048 2246 2184 2183 
4049 2184 2246 2247 
4050 2247 2185 2184 
4051 2185 2247 2248 
4052 2248 2186 2185 
4053 2186 2248 2249 
4054 2249 2187 2186 
4055 2187 2249 2250 
4056 2250 2188 2187 
4057 2188 2250 2251 
4058 2251 2189 2188 
4059 2189 2251 2252 
4060 2252 2190 2189 
4061 2190 2252 2253 
4062 2253 2191 2190 
4063 2191 2253 2254 
4064 2254 2192 2191 
4065 2192 2254 2255 
4066 2255 2193 2192 
4067 2193 2255 2256 
4068 2256 2194 2193 
4069 2194 2256 2257 
4070 2257 2195 2194 
4071 2195 2257 2258 
4072 2258 2196 2195 
4073 2196 2258 2259 
4074 2259 2197 2196 
4075 2197 2259 2260 
4076 2260 2198 2197 
4077 2198 2260 2261 
4078 2261 2199 2198 
4079 2199 2261 2262 
4080 2262 2200 2199 
4081 2200 2262 2263 
4082 2263 2201 2200 
4083 2201 2263 2264 
4084 2264 2202 2201 
4085 2202 2264 2265 
4086 2265 2203 2202 
4087 2203 2265 2266 
4088 2266 2204 2203 
4089 2204 2266 2267 
4090 2267 2205 2204 
4091 2205 2267 2268 
4092 2268 2206 2205 
4093 2206 2268 2269 
4094 2269 2207 2206 
4095 2207 2269 2270 
4096 2270 2208 2207 
4097 2208 2270 2271 
4098 2271 2209 2208 
4099 2209 2271 2272 
4100 2272 2210 2209 
4101 2210 2272 2273 
4102 2273 2211 2210 
4103 2211 2273 2274 
4104 2274 2212 2211 
4105 2212 2274 2275 
4106 2275 2213 2212 
4107 2213 2275 2276 
4108 2276 2214 2213 
4109 2214 2276 2277 
4110 2277 2215 2214 
4111 2215 2277 2278 
4112 2278 2216 2215 
4113 2216 2278 2279 
4114 2279 2217 2216 
4115 2217 2279 2280 
4116 2280 2218 2217 
4117 2218 2280 2281 
4118 2281 2219 2218 
4119 2219 2281 2282 
4120 2282 2220 2219 
4121 2220 2282 2283 
4122 2283 2221 2220 
4123 2221 2283 2284 
4124 2284 2222 2221 
4125 2222 2284 2285 
4126 2285 2223 2222 
4127 2223 2285 2286 
4128 2286 2224 2223 
4129 2224 2286 2287 
4130 2287 2225 2224 
4131 2225 2287 2288 
4132 2288 2226 2225 
4133 2226 2288 2289 
4134 2289 2227 2226 
4135 2227 2289 2290 
4136 2290 2228 2227 
4137 2228 2290 2291 
4138 2291 2229 2228 
4139 2229 2291 2292 
4140 2292 2230 2229 
4141 2230 2292 2293 
4142 2293 2231 2230 
4143 2231 2293 2294 
4144 2294 2232 2231 
4145 2232 2294 2295 
4146 2295 2233 2232 
4147 2233 2295 2296 
4148 2296 2234 2233 
4149 2234 2296 2297 
4150 2297 2235 2234 
4151 2235 2297 2298 
4152 2298 2236 2235 
4153 2236 2298 2299 
4154 2299 2237 2236 
4155 2237 2299 2300 
4156 2300 2238 2237 
4157 2238 2300 159 
4158 159 158 2238 
4159 35 36 2301 
4160 2301 2239 35 
4161 2239 2301 2302 
4162 2302 2240 2239 
4163 2240 2302 2303 
4164 2303 2241 2240 
4165 2241 2303 2304 
4166 2304 2242 2241 
4167 2242 2304 2305 
4168 2305 2243 2242 
4169 2243 2305 2306 
4170 2306 2244 2243 
4171 2244 2306 2307 
4172 2307 2245 2244 
4173 2245 2307 2308 
4174 2308 2246 2245 
4175 2246 2308 2309 
4176 2309 2247 2246 
4177 2247 2309 2310 
4178 2310 2248 2247 
4179 2248 2310 2311 
4180 2311 2249 2248 
4181 2249 2311 2312 
4182 2312 2250 2249 
4183 2250 2312 2313 
4184 2313 2251 2250 
4185 2251 2313 2314 
4186 2314 2252 2251 
4187 2252 2314 2315 
4188 2315 2253 2252 
4189 2253 2315 2316 
4190 2316 2254 2253 
4191 2254 2316 2317 
4192 2317 2255 2254 
4193 2255 2317 2318 
4194 2318 2256 2255 
4195 2256 2318 2319 
4196 2319 2257 2256 
4197 2257 2319 2320 
4198 2320 2258 2257 
4199 2258 2320 2321 
4200 2321 2259 2258 
4201 2259 2321 2322 
4202 2322 2260 2259 
4203 2260 2322 2323 
4204 2323 2261 2260 
4205 2261 2323 2324 
4206 2324 2262 2261 
4207 2262 2324 2325 
4208 2325 2263 2262 
4209 2263 2325 2326 
4210 2326 2264 2263 
4211 2264 2326 2327 
4212 2327 2265 2264 
4213 2265 2327 2328 
4214 2328 2266 2265 
4215 2266 2328 2329 
4216 2329 2267 2266 
4217 2267 2329 2330 
4218 2330 2268 2267 
4219 2268 2330 2331 
4220 2331 2269 2268 
4221 2269 2331 2332 
4222 2332 2270 2269 
4223 2270 2332 2333 
4224 2333 2271 2270 
4225 2271 2333 2334 
4226 2334 2272 2271 
4227 2272 2334 2335 
4228 2335 2273 2272 
4229 2273 2335 2336 
4230 2336 2274 2273 
4231 2274 2336 2337 
4232 2337 2275 2274 
4233 2275 2337 2338 
4234 2338 2276 2275 
4235 2276 2338 2339 
4236 2339 2277 2276 
4237 2277 2339 2340 
4238 2340 2278 2277 
4239 2278 2340 2341 
4240 2341 2279 2278 
4241 2279 2341 2342 
4242 2342 2280 2279 
4243 2280 2342 2343 
4244 2343 2281 2280 
4245 2281 2343 2344 
4246 2344 2282 2281 
4247 2282 2344 2345 
4248 2345 2283 2282 
4249 2283 2345 2346 
4250 2346 2284 2283 
4251 2284 2346 2347 
4252 2347 2285 2284 
4253 2285 2347 2348 
4254 2348 2286 2285 
4255 2286 2348 2349 
4256 2349 2287 2286 
4257 2287 2349 2350 
4258 2350 2288 2287 
4259 2288 2350 2351 
4260 2351 2289 2288 
4261 2289 2351 2352 
4262 2352 2290 2289 
4263 2290 2352 2353 
4264 2353 2291 2290 
4265 2291 2353 2354 
4266 2354 2292 2291 
4267 2292 2354 2355 
4268 2355 2293 2292 
4269 2293 2355 2356 
4270 2356 2294 2293 
4271 2294 2356 2357 
4272 2357 2295 2294 
4273 2295 2357 2358 
4274 2358 2296 2295 
4275 2296 2358 2359 
4276 2359 2297 2296 
4277 2297 2359 2360 
4278 2360 2298 2297 
4279 2298 2360 2361 
4280 2361 2299 2298 
4281 2299 2361 2362 
4282 2362 2300 2299 
4283 2300 2362 160 
4284 160 159 2300 
4285 36 37 2363 
4286 2363 2301 36 
4287 2301 2363 2364 
4288 2364 2302 2301 
4289 2302 2364 2365 
4290 2365 2303 2302 
4291 2303 2365 2366 
4292 2366 2304 2303 
4293 2304 2366 2367 
4294 2367 2305 2304 
4295 2305 2367 2368 
4296 2368 2306 2305 
4297 2306 2368 2369 
4298 2369 2307 2306 
4299 2307 2369 2370 
4300 2370 2308 2307 
4301 2308 2370 2371 
4302 2371 2309 2308 
4303 2309 2371 2372 
4304 2372 2310 2309 
4305 2310 2372 2373 
4306 2373 2311 2310 
4307 2311 2373 2374 
4308 2374 2312 2311 
4309 2312 2374 2375 
4310 2375 2313 2312 
4311 2313 2375 2376 
4312 2376 2314 2313 
4313 2314 2376 2377 
4314 2377 2315 2314 
4315 2315 2377 2378 
4316 2378 2316 2315 
4317 2316 2378 2379 
4318 2379 2317 2316 
4319 2317 2379 2380 
4320 2380 2318 2317 
4321 2318 2380 2381 
4322 2381 2319 2318 
4323 2319 2381 2382 
4324 2382 2320 2319 
4325 2320 2382 2383 
4326 2383 2321 2320 
4327 2321 2383 2384 
4328 2384 2322 2321 
4329 2322 2384 2385 
4330 2385 2323 2322 
4331 2323 2385 2386 
4332 2386 2324 2323 
4333 2324 2386 2387 
4334 2387 2325 2324 
4335 2325 2387 2388 
4336 2388 2326 2325 
4337 2326 2388 2389 
4338 2389 2327 2326 
4339 2327 2389 2390 
4340 2390 2328 2327 
4341 2328 2390 2391 
4342 2391 2329 2328 
4343 2329 2391 2392 
4344 2392 2330 2329 
4345 2330 2392 2393 
4346 2393 2331 2330 
4347 2331 2393 2394 
4348 2394 2332 2331 
4349 2332 2394 2395 
4350 2395 2333 2332 
4351 2333 2395 2396 
4352 2396 2334 2333 
4353 2334 2396 2397 
4354 2397 2335 2334 
4355 2335 2397 2398 
4356 2398 2336 2335 
4357 2336 2398 2399 
4358 2399 2337 2336 
4359 2337 2399 2400 
4360 2400 2338 2337 
4361 2338 2400 2401 
4362 2401 2339 2338 
4363 2339 2401 2402 
4364 2402 2340 2339 
4365 2340 2402 2403 
4366 2403 2341 2340 
4367 2341 2403 2404 
4368 2404 2342 2341 
4369 2342 2404 2405 
4370 2405 2343 2342 
4371 2343 2405 2406 
4372 2406 2344 2343 
4373 2344 2406 2407 
4374 2407 2345 2344 
4375 2345 2407 2408 
4376 2408 2346 2345 
4377 2346 2408 2409 
4378 2409 2347 2346 
4379 2347 2409 2410 
4380 2410 2348 2347 
4381 2348 2410 2411 
4382 2411 2349 2348 
4383 2349 2411 2412 
4384 2412 2350 2349 
4385 2350 2412 2413 
4386 2413 2351 2350 
4387 2351 2413 2414 
4388 2414 2352 2351 
4389 2352 2414 2415 
4390 2415 2353 2352 
4391 2353 2415 2416 
4392 2416 2354 2353 
4393 2354 2416 2417 
4394 2417 2355 2354 
4395 2355 2417 2418 
4396 2418 2356 2355 
4397 2356 2418 2419 
4398 2419 2357 2356 
4399 2357 2419 2420 
4400 2420 2358 2357 
4401 2358 2420 2421 
4402 2421 2359 2358 
4403 2359 2421 2422 
4404 2422 2360 2359 
4405 2360 2422 2423 
4406 2423 2361 2360 
4407 2361 2423 2424 
4408 2424 2362 2361 
4409 2362 2424 161 
4410 161 160 2362 
4411 37 38 2425 
4412 2425 2363 37 
4413 2363 2425 2426 
4414 2426 2364 2363 
4415 2364 2426 2427 
4416 2427 2365 2364 
4417 2365 2427 2428 
4418 2428 2366 2365 
4419 2366 2428 2429 
4420 2429 2367 2366 
4421 2367 2429 2430 
4422 2430 2368 2367 
4423 2368 2430 2431 
4424 2431 2369 2368 
4425 2369 2431 2432 
4426 2432 2370 2369 
4427 2370 2432 2433 
4428 2433 2371 2370 
4429 2371 2433 2434 
4430 2434 2372 2371 
4431 2372 2434 2435 
4432 2435 2373 2372 
4433 2373 2435 2436 
4434 2436 2374 2373 
4435 2374 2436 2437 
4436 2437 2375 2374 
4437 2375 2437 2438 
4438 2438 2376 2375 
4439 2376 2438 2439 
4440 2439 2377 2376 
4441 2377 2439 2440 
4442 2440 2378 2377 
4443 2378 2440 2441 
4444 2441 2379 2378 
4445 2379 2441 2442 
4446 2442 2380 2379 
4447 2380 2442 2443 
4448 2443 2381 2380 
4449 2381 2443 2444 
4450 2444 2382 2381 
4451 2382 2444 2445 
4452 2445 2383 2382 
4453 2383 2445 2446 
4454 2446 2384 2383 
4455 2384 2446 2447 
4456 2447 2385 2384 
4457 2385 2447 2448 
4458 2448 2386 2385 
4459 2386 2448 2449 
4460 2449 2387 2386 
4461 2387 2449 2450 
4462 2450 2388 2387 
4463 2388 2450 2451 
4464 2451 2389 2388 
4465 2389 2451 2452 
4466 2452 2390 2389 
4467 2390 2452 2453 
4468 2453 2391 2390 
4469 2391 2453 2454 
4470 2454 2392 2391 
4471 2392 2454 2455 
4472 2455 2393 2392 
4473 2393 2455 2456 
4474 2456 2394 2393 
4475 2394 2456 2457 
4476 2457 2395 2394 
4477 2395 2457 2458 
4478 2458 2396 2395 
4479 2396 2458 2459 
4480 2459 2397 2396 
4481 2397 2459 2460 
4482 2460 2398 2397 
4483 2398 2460 2461 
4484 2461 2399 2398 
4485 2399 2461 2462 
4486 2462 2400 2399 
4487 2400 2462 2463 
4488 2463 2401 2400 
4489 2401 2463 2464 
4490 2464 2402 2401 
4491 2402 2464 2465 
4492 2465 2403 2402 
4493 2403 2465 2466 
4494 2466 2404 2403 
4495 2404 2466 2467 
4496 2467 2405 2404 
4497 2405 2467 2468 
4498 2468 2406 2405 
4499 2406 2468 2469 
4500 2469 2407 2406 
4501 2407 2469 2470 
4502 2470 2408 2407 
4503 2408 2470 2471 
4504 2471 2409 2408 
4505 2409 2471 2472 
4506 2472 2410 2409 
4507 2410 2472 2473 
4508 2473 2411 2410 
4509 2411 2473 2474 
4510 2474 2412 2411 
4511 2412 2474 2475 
4512 2475 2413 2412 
4513 2413 2475 2476 
4514 2476 2414 2413 
4515 2414 2476 2477 
4516 2477 2415 2414 
4517 2415 2477 2478 
4518 2478 2416 2415 
4519 2416 2478 2479 
4520 2479 2417 2416 
4521 2417 2479 2480 
4522 2480 2418 2417 
4523 2418 2480 2481 
4524 2481 2419 2418 
4525 2419 2481 2482 
4526 2482 2420 2419 
4527 2420 2482 2483 
4528 2483 2421 2420 
4529 2421 2483 2484 
4530 2484 2422 2421 
4531 2422 2484 2485 
4532 2485 2423 2422 
4533 2423 2485 2486 
4534 2486 2424 2423 
4535 2424 2486 162 
4536 162 161 2424 
4537 38 39 2487 
4538 2487 2425 38 
4539 2425 2487 2488 
4540 2488 2426 2425 
4541 2426 2488 2489 
4542 2489 2427 2426 
4543 2427 2489 2490 
4544 2490 2428 2427 
4545 2428 2490 2491 
4546 2491 2429 2428 
4547 2429 2491 2492 
4548 2492 2430 2429 
4549 2430 2492 2493 
4550 2493 2431 2430 
4551 2431 2493 2494 
4552 2494 2432 2431 
4553 2432 2494 2495 
4554 2495 2433 2432 
4555 2433 2495 2496 
4556 2496 2434 2433 
4557 2434 2496 2497 
4558 2497 2435 2434 
4559 2435 2497 2498 
4560 2498 2436 2435 
4561 2436 2498 2499 
4562 2499 2437 2436 
4563 2437 2499 2500 
4564 2500 2438 2437 
4565 2438 2500 2501 
4566 2501 2439 2438 
4567 2439 2501 2502 
4568 2502 2440 2439 
4569 2440 2502 2503 
4570 2503 2441 2440 
4571 2441 2503 2504 
4572 2504 2442 2441 
4573 2442 2504 2505 
4574 2505 2443 2442 
4575 2443 2505 2506 
4576 2506 2444 2443 
4577 2444 2506 2507 
4578 2507 2445 2444 
4579 2445 2507 2508 
4580 2508 2446 2445 
4581 2446 2508 2509 
4582 2509 2447 2446 
4583 2447 2509 2510 
4584 2510 2448 2447 
4585 2448 2510 2511 
4586 2511 2449 2448 
4587 2449 2511 2512 
4588 2512 2450 2449 
4589 2450 2512 2513 
4590 2513 2451 2450 
4591 2451 2513 2514 
4592 2514 2452 2451 
4593 2452 2514 2515 
4594 2515 2453 2452 
4595 2453 2515 2516 
4596 2516 2454 2453 
4597 2454 2516 2517 
4598 2517 2455 2454 
4599 2455 2517 2518 
4600 2518 2456 2455 
4601 2456 2518 2519 
4602 2519 2457 2456 
4603 2457 2519 2520 
4604 2520 2458 2457 
4605 2458 2520 2521 
4606 2521 2459 2458 
4607 2459 2521 2522 
4608 2522 2460 2459 
4609 2460 2522 2523 
4610 2523 2461 2460 
4611 2461 2523 2524 
4612 2524 2462 2461 
4613 2462 2524 2525 
4614 2525 2463 2462 
4615 2463 2525 2526 
4616 2526 2464 2463 
4617 2464 2526 2527 
4618 2527 2465 2464 
4619 2465 2527 2528 
4620 2528 2466 2465 
4621 2466 2528 2529 
4622 2529 2467 2466 
4623 2467 2529 2530 
4624 2530 2468 2467 
4625 2468 2530 2531 
4626 2531 2469 2468 
4627 2469 2531 2532 
4628 2532 2470 2469 
4629 2470 2532 2533 
4630 2533 2471 2470 
4631 2471 2533 2534 
4632 2534 2472 2471 
4633 2472 2534 2535 
4634 2535 2473 2472 
4635 2473 2535 2536 
4636 2536 2474 2473 
4637 2474 2536 2537 
4638 2537 2475 2474 
4639 2475 2537 2538 
4640 2538 2476 2475 
4641 2476 2538 2539 
4642 2539 2477 2476 
4643 2477 2539 2540 
4644 2540 2478 2477 
4645 2478 2540 2541 
4646 2541 2479 2478 
4647 2479 2541 2542 
4648 2542 2480 2479 
4649 2480 2542 2543 
4650 2543 2481 2480 
4651 2481 2543 2544 
4652 2544 2482 2481 
4653 2482 2544 2545 
4654 2545 2483 2482 
4655 2483 2545 2546 
4656 2546 2484 2483 
4657 2484 2546 2547 
4658 2547 2485 2484 
4659 2485 2547 2548 
4660 2548 2486 2485 
4661 2486 2548 163 
4662 163 162 2486 
4663 39 40 2549 
4664 2549 2487 39 
4665 2487 2549 2550 
4666 2550 2488 2487 
4667 2488 2550 2551 
4668 2551 2489 2488 
4669 2489 2551 2552 
4670 2552 2490 2489 
4671 2490 2552 2553 
4672 2553 2491 2490 
4673 2491 2553 2554 
4674 2554 2492 2491 
4675 2492 2554 2555 
4676 2555 2493 2492 
4677 2493 2555 2556 
4678 2556 2494 2493 
4679 2494 2556 2557 
4680 2557 2495 2494 
4681 2495 2557 2558 
4682 2558 2496 2495 
4683 2496 2558 2559 
4684 2559 2497 2496 
4685 2497 2559 2560 
4686 2560 2498 2497 
4687 2498 2560 2561 
4688 2561 2499 2498 
4689 2499 2561 2562 
4690 2562 2500 2499 
4691 2500 2562 2563 
4692 2563 2501 2500 
4693 2501 2563 2564 
4694 2564 2502 2501 
4695 2502 2564 2565 
4696 2565 2503 2502 
4697 2503 2565 2566 
4698 2566 2504 2503 
4699 2504 2566 2567 
4700 2567 2505 2504 
4701 2505 2567 2568 
4702 2568 2506 2505 
4703 2506 2568 2569 
4704 2569 2507 2506 
4705 2507 2569 2570 
4706 2570 2508 2507 
4707 2508 2570 2571 
4708 2571 2509 2508 
4709 2509 2571 2572 
4710 2572 2510 2509 
4711 2510 2572 2573 
4712 2573 2511 2510 
4713 2511 2573 2574 
4714 2574 2512 2511 
4715 2512 2574 2575 
4716 2575 2513 2512 
4717 2513 2575 2576 
4718 2576 2514 2513 
4719 2514 2576 2577 
4720 2577 2515 2514 
4721 2515 2577 2578 
4722 2578 2516 2515 
4723 2516 2578 2579 
4724 2579 2517 2516 
4725 2517 2579 2580 
4726 2580 2518 2517 
4727 2518 2580 2581 
4728 2581 2519 2518 
4729 2519 2581 2582 
4730 2582 2520 2519 
4731 2520 2582 2583 
4732 2583 2521 2520 
4733 2521 2583 2584 
4734 2584 2522 2521 
4735 2522 2584 2585 
4736 2585 2523 2522 
4737 2523 2585 2586 
4738 2586 2524 2523 
4739 2524 2586 2587 
4740 2587 2525 2524 
4741 2525 2587 2588 
4742 2588 2526 2525 
4743 2526 2588 2589 
4744 2589 2527 2526 
4745 2527 2589 2590 
4746 2590 2528 2527 
4747 2528 2590 2591 
4748 2591 2529 2528 
4749 2529 2591 2592 
4750 2592 2530 2529 
4751 2530 2592 2593 
4752 2593 2531 2530 
4753 2531 2593 2594 
4754 2594 2532 2531 
4755 2532 2594 2595 
4756 2595 2533 2532 
4757 2533 2595 2596 
4758 2596 2534 2533 
4759 2534 2596 2597 
4760 2597 2535 2534 
4761 2535 2597 2598 
4762 2598 2536 2535 
4763 2536 2598 2599 
4764 2599 2537 2536 
4765 2537 2599 2600 
4766 2600 2538 2537 
4767 2538 2600 2601 
4768 2601 2539 2538 
4769 2539 2601 2602 
4770 2602 2540 2539 
4771 2540 2602 2603 
4772 2603 2541 2540 
4773 2541 2603 2604 
4774 2604 2542 2541 
4775 2542 2604 2605 
4776 2605 2543 2542 
4777 2543 2605 2606 
4778 2606 2544 2543 
4779 2544 2606 2607 
4780 2607 2545 2544 
4781 2545 2607 2608 
4782 2608 2546 2545 
4783 2546 2608 2609 
4784 2609 2547 2546 
4785 2547 2609 2610 
4786 2610 2548 2547 
4787 2548 2610 164 
4788 164 163 2548 
4789 40 41 2611 
4790 2611 2549 40 
4791 2549 2611 2612 
4792 2612 2550 2549 
4793 2550 2612 2613 
4794 2613 2551 2550 
4795 2551 2613 2614 
4796 2614 2552 2551 
4797 2552 2614 2615 
4798 2615 2553 2552 
4799 2553 2615 2616 
4800 2616 2554 2553 
4801 2554 2616 2617 
4802 2617 2555 2554 
4803 2555 2617 2618 
4804 2618 2556 2555 
4805 2556 2618 2619 
4806 2619 2557 2556 
4807 2557 2619 2620 
4808 2620 2558 2557 
4809 2558 2620 2621 
4810 2621 2559 2558 
4811 2559 2621 2622 
4812 2622 2560 2559 
4813 2560 2622 2623 
4814 2623 2561 2560 
4815 2561 2623 2624 
4816 2624 2562 2561 
4817 2562 2624 2625 
4818 2625 2563 2562 
4819 2563 2625 2626 
4820 2626 2564 2563 
4821 2564 2626 2627 
4822 2627 2565 2564 
4823 2565 2627 2628 
4824 2628 2566 2565 
4825 2566 2628 2629 
4826 2629 2567 2566 
4827 2567 2629 2630 
4828 2630 2568 2567 
4829 2568 2630 2631 
4830 2631 2569 2568 
4831 2569 2631 2632 
4832 2632 2570 2569 
4833 2570 2632 2633 
4834 2633 2571 2570 
4835 2571 2633 2634 
4836 2634 2572 2571 
4837 2572 2634 2635 
4838 2635 2573 2572 
4839 2573 2635 2636 
4840 2636 2574 2573 
4841 2574 2636 2637 
4842 2637 2575 2574 
4843 2575 2637 2638 
4844 2638 2576 2575 
4845 2576 2638 2639 
4846 2639 2577 2576 
4847 2577 2639 2640 
4848 2640 2578 2577 
4849 2578 2640 2641 
4850 2641 2579 2578 
4851 2579 2641 2642 
4852 2642 2580 2579 
4853 2580 2642 2643 
4854 2643 2581 2580 
4855 2581 2643 2644 
4856 2644 2582 2581 
4857 2582 2644 2645 
4858 2645 2583 2582 
4859 2583 2645 2646 
4860 2646 2584 2583 
4861 2584 2646 2647 
4862 2647 2585 2584 
4863 2585 2647 2648 
4864 2648 2586 2585 
4865 2586 2648 2649 
4866 2649 2587 2586 
4867 2587 2649 2650 
4868 2650 2588 2587 
4869 2588 2650 2651 
4870 2651 2589 2588 
4871 2589 2651 2652 
4872 2652 2590 2589 
4873 2590 2652 2653 
4874 2653 2591 2590 
4875 2591 2653 2654 
4876 2654 2592 2591 
4877 2592 2654 2655 
4878 2655 2593 2592 
4879 2593 2655 2656 
4880 2656 2594 2593 
4881 2594 2656 2657 
4882 2657 2595 2594 
4883 2595 2657 2658 
4884 2658 2596 2595 
4885 2596 2658 2659 
4886 2659 2597 2596 
4887 2597 2659 2660 
4888 2660 2598 2597 
4889 2598 2660 2661 
4890 2661 2599 2598 
4891 2599 2661 2662 
4892 2662 2600 2599 
4893 2600 2662 2663 
4894 2663 2601 2600 
4895 2601 2663 2664 
4896 2664 2602 2601 
4897 2602 2664 2665 
4898 2665 2603 2602 
4899 2603 2665 2666 
4900 2666 2604 2603 
4901 2604 2666 2667 
4902 2667 2605 2604 
4903 2605 2667 2668 
4904 2668 2606 2605 
4905 2606 2668 2669 
4906 2669 2607 2606 
4907 2607 2669 2670 
4908 2670 2608 2607 
4909 2608 2670 2671 
4910 2671 2609 2608 
4911 2609 2671 2672 
4912 2672 2610 2609 
4913 2610 2672 165 
4914 165 164 2610 
4915 41 42 2673 
4916 2673 2611 41 
4917 2611 2673 2674 
4918 2674 2612 2611 
4919 2612 2674 2675 
4920 2675 2613 2612 
4921 2613 2675 2676 
4922 2676 2614 2613 
4923 2614 2676 2677 
4924 2677 2615 2614 
4925 2615 2677 2678 
4926 2678 2616 2615 
4927 2616 2678 2679 
4928 2679 2617 2616 
4929 2617 2679 2680 
4930 2680 2618 2617 
4931 2618 2680 2681 
4932 2681 2619 2618 
4933 2619 2681 2682 
4934 2682 2620 2619 
4935 2620 2682 2683 
4936 2683 2621 2620 
4937 2621 2683 2684 
4938 2684 2622 2621 
4939 2622 2684 2685 
4940 2685 2623 2622 
4941 2623 2685 2686 
4942 2686 2624 2623 
4943 2624 2686 2687 
4944 2687 2625 2624 
4945 2625 2687 2688 
4946 2688 2626 2625 
4947 2626 2688 2689 
4948 2689 2627 2626 
4949 2627 2689 2690 
4950 2690 2628 2627 
4951 2628 2690 2691 
4952 2691 2629 2628 
4953 2629 2691 2692 
4954 2692 2630 2629 
4955 2630 2692 2693 
4956 2693 2631 2630 
4957 2631 2693 2694 
4958 2694 2632 2631 
4959 2632 2694 2695 
4960 2695 2633 2632 
4961 2633 2695 2696 
4962 2696 2634 2633 
4963 2634 2696 2697 
4964 2697 2635 2634 
4965 2635 2697 2698 
4966 2698 2636 2635 
4967 2636 2698 2699 
4968 2699 2637 2636 
4969 2637 2699 2700 
4970 2700 2638 2637 
4971 2638 2700 2701 
4972 2701 2639 2638 
4973 2639 2701 2702 
4974 2702 2640 2639 
4975 2640 2702 2703 
4976 2703 2641 2640 
4977 2641 2703 2704 
4978 2704 2642 2641 
4979 2642 2704 2705 
4980 2705 2643 2642 
4981 2643 2705 2706 
4982 2706 2644 2643 
4983 2644 2706 2707 
4984 2707 2645 2644 
4985 2645 2707 2708 
4986 2708 2646 2645 
4987 2646 2708 2709 
4988 2709 2647 2646 
4989 2647 2709 2710 
4990 2710 2648 2647 
4991 2648 2710 2711 
4992 2711 2649 2648 
4993 2649 2711 2712 
4994 2712 2650 2649 
4995 2650 2712 2713 
4996 2713 2651 2650 
4997 2651 2713 2714 
4998 2714 2652 2651 
4999 2652 2714 2715 
5000 2715 2653 2652 
5001 2653 2715 2716 
5002 2716 2654 2653 
5003 2654 2716 2717 
5004 2717 2655 2654 
5005 2655 2717 2718 
5006 2718 2656 2655 
5007 2656 2718 2719 
5008 2719 2657 2656 
5009 2657 2719 2720 
5010 2720 2658 2657 
5011 2658 2720 2721 
5012 2721 2659 2658 
5013 2659 2721 2722 
5014 2722 2660 2659 
5015 2660 2722 2723 
5016 2723 2661 2660 
5017 2661 2723 2724 
5018 2724 2662 2661 
5019 2662 2724 2725 
5020 2725 2663 2662 
5021 2663 2725 2726 
5022 2726 2664 2663 
5023 2664 2726 2727 
5024 2727 2665 2664 
5025 2665 2727 2728 
5026 2728 2666 2665 
5027 2666 2728 2729 
5028 2729 2667 2666 
5029 2667 2729 2730 
5030 2730 2668 2667 
5031 2668 2730 2731 
5032 2731 2669 2668 
5033 2669 2731 2732 
5034 2732 2670 2669 
5035 2670 2732 2733 
5036 2733 2671 2670 
5037 2671 2733 2734 
5038 2734 2672 2671 
5039 2672 2734 166 
5040 166 165 2672 
5041 42 43 2735 
5042 2735 2673 42 
5043 2673 2735 2736 
5044 2736 2674 2673 
5045 2674 2736 2737 
5046 2737 2675 2674 
5047 2675 2737 2738 
5048 2738 2676 2675 
5049 2676 2738 2739 
5050 2739 2677 2676 
5051 2677 2739 2740 
5052 2740 2678 2677 
5053 2678 2740 2741 
5054 2741 2679 2678 
5055 2679 2741 2742 
5056 2742 2680 2679 
5057 2680 2742 2743 
5058 2743 2681 2680 
5059 2681 2743 2744 
5060 2744 2682 2681 
5061 2682 2744 2745 
5062 2745 2683 2682 
5063 2683 2745 2746 
5064 2746 2684 2683 
5065 2684 2746 2747 
5066 2747 2685 2684 
5067 2685 2747 2748 
5068 2748 2686 2685 
5069 2686 2748 2749 
5070 2749 2687 2686 
5071 2687 2749 2750 
5072 2750 2688 2687 
5073 2688 2750 2751 
5074 2751 2689 2688 
5075 2689 2751 2752 
5076 2752 2690 2689 
5077 2690 2752 2753 
5078 2753 2691 2690 
5079 2691 2753 2754 
5080 2754 2692 2691 
5081 2692 2754 2755 
5082 2755 2693 2692 
5083 2693 2755 2756 
5084 2756 2694 2693 
5085 2694 2756 2757 
5086 2757 2695 2694 
5087 2695 2757 2758 
5088 2758 2696 2695 
5089 2696 2758 2759 
5090 2759 2697 2696 
5091 2697 2759 2760 
5092 2760 2698 2697 
5093 2698 2760 2761 
5094 2761 2699 2698 
5095 2699 2761 2762 
5096 2762 2700 2699 
5097 2700 2762 2763 
5098 2763 2701 2700 
5099 2701 2763 2764 
5100 2764 2702 2701 
5101 2702 2764 2765 
5102 2765 2703 2702 
5103 2703 2765 2766 
5104 2766 2704 2703 
5105 2704 2766 2767 
5106 2767 2705 2704 
5107 2705 2767 2768 
5108 2768 2706 2705 
5109 2706 2768 2769 
5110 2769 2707 2706 
5111 2707 2769 2770 
5112 2770 2708 2707 
5113 2708 2770 2771 
5114 2771 2709 2708 
5115 2709 2771 2772 
5116 2772 2710 2709 
5117 2710 2772 2773 
5118 2773 2711 2710 
5119 2711 2773 2774 
5120 2774 2712 2711 
5121 2712 2774 2775 
5122 2775 2713 2712 
5123 2713 2775 2776 
5124 2776 2714 2713 
5125 2714 2776 2777 
5126 2777 2715 2714 
5127 2715 2777 2778 
5128 2778 2716 2715 
5129 2716 2778 2779 
5130 2779 2717 2716 
5131 2717 2779 2780 
5132 2780 2718 2717 
5133 2718 2780 2781 
5134 2781 2719 2718 
5135 2719 2781 2782 
5136 2782 2720 2719 
5137 2720 2782 2783 
5138 2783 2721 2720 
5139 2721 2783 2784 
5140 2784 2722 2721 
5141 2722 2784 2785 
5142 2785 2723 2722 
5143 2723 2785 2786 
5144 2786 2724 2723 
5145 2724 2786 2787 
5146 2787 2725 2724 
5147 2725 2787 2788 
5148 2788 2726 2725 
5149 2726 2788 2789 
5150 2789 2727 2726 
5151 2727 2789 2790 
5152 2790 2728 2727 
5153 2728 2790 2791 
5154 2791 2729 2728 
5155 2729 2791 2792 
5156 2792 2730 2729 
5157 2730 2792 2793 
5158 2793 2731 2730 
5159 2731 2793 2794 
5160 2794 2732 2731 
5161 2732 2794 2795 
5162 2795 2733 2732 
5163 2733 2795 2796 
5164 2796 2734 2733 
5165 2734 2796 167 
5166 167 166 2734 
5167 43 44 2797 
5168 2797 2735 43 
5169 2735 2797 2798 
5170 2798 2736 2735 
5171 2736 2798 2799 
5172 2799 2737 2736 
5173 2737 2799 2800 
5174 2800 2738 2737 
5175 2738 2800 2801 
5176 2801 2739 2738 
5177 2739 2801 2802 
5178 2802 2740 2739 
5179 2740 2802 2803 
5180 2803 2741 2740 
5181 2741 2803 2804 
5182 2804 2742 2741 
5183 2742 2804 2805 
5184 2805 2743 2742 
5185 2743 2805 2806 
5186 2806 2744 2743 
5187 2744 2806 2807 
5188 2807 2745 2744 
5189 2745 2807 2808 
5190 2808 2746 2745 
5191 2746 2808 2809 
5192 2809 2747 2746 
5193 2747 2809 2810 
5194 2810 2748 2747 
5195 2748 2810 2811 
5196 2811 2749 2748 
5197 2749 2811 2812 
5198 2812 2750 2749 
5199 2750 2812 2813 
5200 2813 2751 2750 
5201 2751 2813 2814 
5202 2814 2752 2751 
5203 2752 2814 2815 
5204 2815 2753 2752 
5205 2753 2815 2816 
5206 2816 2754 2753 
5207 2754 2816 2817 
5208 2817 2755 2754 
5209 2755 2817 2818 
5210 2818 2756 2755 
5211 2756 2818 2819 
5212 2819 2757 2756 
5213 2757 2819 2820 
5214 2820 2758 2757 
5215 2758 2820 2821 
5216 2821 2759 2758 
5217 2759 2821 2822 
5218 2822 2760 2759 
5219 2760 2822 2823 
5220 2823 2761 2760 
5221 2761 2823 2824 
5222 2824 2762 2761 
5223 2762 2824 2825 
5224 2825 2763 2762 
5225 2763 2825 2826 
5226 2826 2764 2763 
5227 2764 2826 2827 
5228 2827 2765 2764 
5229 2765 2827 2828 
5230 2828 2766 2765 
5231 2766 2828 2829 
5232 2829 2767 2766 
5233 2767 2829 2830 
5234 2830 2768 2767 
5235 2768 2830 2831 
5236 2831 2769 2768 
5237 2769 2831 2832 
5238 2832 2770 2769 
5239 2770 2832 2833 
5240 2833 2771 2770 
5241 2771 2833 2834 
5242 2834 2772 2771 
5243 2772 2834 2835 
5244 2835 2773 2772 
5245 2773 2835 2836 
5246 2836 2774 2773 
5247 2774 2836 2837 
5248 2837 2775 2774 
5249 2775 2837 2838 
5250 2838 2776 2775 
5251 2776 2838 2839 
5252 2839 2777 2776 
5253 2777 2839 2840 
5254 2840 2778 2777 
5255 2778 2840 2841 
5256 2841 2779 2778 
5257 2779 2841 2842 
5258 2842 2780 2779 
5259 2780 2842 2843 
5260 2843 2781 2780 
5261 2781 2843 2844 
5262 2844 2782 2781 
5263 2782 2844 2845 
5264 2845 2783 2782 
5265 2783 2845 2846 
5266 2846 2784 2783 
5267 2784 2846 2847 
5268 2847 2785 2784 
5269 2785 2847 2848 
5270 2848 2786 2785 
5271 2786 2848 2849 
5272 2849 2787 2786 
5273 2787 2849 2850 
5274 2850 2788 2787 
5275 2788 2850 2851 
5276 2851 2789 2788 
5277 2789 2851 2852 
5278 2852 2790 2789 
5279 2790 2852 2853 
5280 2853 2791 2790 
5281 2791 2853 2854 
5282 2854 2792 2791 
5283 2792 2854 2855 
5284 2855 2793 2792 
5285 2793 2855 2856 
5286 2856 2794 2793 
5287 2794 2856 2857 
5288 2857 2795 2794 
5289 2795 2857 2858 
5290 2858 2796 2795 
5291 2796 2858 168 
5292 168 167 2796 
5293 44 45 2859 
5294 2859 2797 44 
5295 2797 2859 2860 
5296 2860 2798 2797 
5297 2798 2860 2861 
5298 2861 2799 2798 
5299 2799 2861 2862 
5300 2862 2800 2799 
5301 2800 2862 2863 
5302 2863 2801 2800 
5303 2801 2863 2864 
5304 2864 2802 2801 
5305 2802 2864 2865 
5306 2865 2803 2802 
5307 2803 2865 2866 
5308 2866 2804 2803 
5309 2804 2866 2867 
5310 2867 2805 2804 
5311 2805 2867 2868 
5312 2868 2806 2805 
5313 2806 2868 2869 
5314 2869 2807 2806 
5315 2807 2869 2870 
5316 2870 2808 2807 
5317 2808 2870 2871 
5318 2871 2809 2808 
5319 2809 2871 2872 
5320 2872 2810 2809 
5321 2810 2872 2873 
5322 2873 2811 2810 
5323 2811 2873 2874 
5324 2874 2812 2811 
5325 2812 2874 2875 
5326 2875 2813 2812 
5327 2813 2875 2876 
5328 2876 2814 2813 
5329 2814 2876 2877 
5330 2877 2815 2814 
5331 2815 2877 2878 
5332 2878 2816 2815 
5333 2816 2878 2879 
5334 2879 2817 2816 
5335 2817 2879 2880 
5336 2880 2818 2817 
5337 2818 2880 2881 
5338 2881 2819 2818 
5339 2819 2881 2882 
5340 2882 2820 2819 
5341 2820 2882 2883 
5342 2883 2821 2820 
5343 2821 2883 2884 
5344 2884 2822 2821 
5345 2822 2884 2885 
5346 2885 2823 2822 
5347 2823 2885 2886 
5348 2886 2824 2823 
5349 2824 2886 2887 
5350 2887 2825 2824 
5351 2825 2887 2888 
5352 2888 2826 2825 
5353 2826 2888 2889 
5354 2889 2827 2826 
5355 2827 2889 2890 
5356 2890 2828 2827 
5357 2828 2890 2891 
5358 2891 2829 2828 
5359 2829 2891 2892 
5360 2892 2830 2829 
5361 2830 2892 2893 
5362 2893 2831 2830 
5363 2831 2893 2894 
5364 2894 2832 2831 
5365 2832 2894 2895 
5366 2895 2833 2832 
5367 2833 2895 2896 
5368 2896 2834 2833 
5369 2834 2896 2897 
5370 2897 2835 2834 
5371 2835 2897 2898 
5372 2898 2836 2835 
5373 2836 2898 2899 
5374 2899 2837 2836 
5375 2837 2899 2900 
5376 2900 2838 2837 
5377 2838 2900 2901 
5378 2901 2839 2838 
5379 2839 2901 2902 
5380 2902 2840 2839 
5381 2840 2902 2903 
5382 2903 2841 2840 
5383 2841 2903 2904 
5384 2904 2842 2841 
5385 2842 2904 2905 
5386 2905 2843 2842 
5387 2843 2905 2906 
5388 2906 2844 2843 
5389 2844 2906 2907 
5390 2907 2845 2844 
5391 2845 2907 2908 
5392 2908 2846 2845 
5393 2846 2908 2909 
5394 2909 2847 2846 
5395 2847 2909 2910 
5396 2910 2848 2847 
5397 2848 2910 2911 
5398 2911 2849 2848 
5399 2849 2911 2912 
5400 2912 2850 2849 
5401 2850 2912 2913 
5402 2913 2851 2850 
5403 2851 2913 2914 
5404 2914 2852 2851 
5405 2852 2914 2915 
5406 2915 2853 2852 
5407 2853 2915 2916 
5408 2916 2854 2853 
5409 2854 2916 2917 
5410 2917 2855 2854 
5411 2855 2917 2918 
5412 2918 2856 2855 
5413 2856 2918 2919 
5414 2919 2857 2856 
5415 2857 2919 2920 
5416 2920 2858 2857 
5417 2858 2920 169 
5418 169 168 2858 
5419 45 46 2921 
5420 2921 2859 45 
5421 2859 2921 2922 
5422 2922 2860 2859 
5423 2860 2922 2923 
5424 2923 2861 2860 
5425 2861 2923 2924 
5426 2924 2862 2861 
5427 2862 2924 2925 
5428 2925 2863 2862 
5429 2863 2925 2926 
5430 2926 2864 2863 
5431 2864 2926 2927 
5432 2927 2865 2864 
5433 2865 2927 2928 
5434 2928 2866 2865 
5435 2866 2928 2929 
5436 2929 2867 2866 
5437 2867 2929 2930 
5438 2930 2868 2867 
5439 2868 2930 2931 
5440 2931 2869 2868 
5441 2869 2931 2932 
5442 2932 2870 2869 
5443 2870 2932 2933 
5444 2933 2871 2870 
5445 2871 2933 2934 
5446 2934 2872 2871 
5447 2872 2934 2935 
5448 2935 2873 2872 
5449 2873 2935 2936 
5450 2936 2874 2873 
5451 2874 2936 2937 
5452 2937 2875 2874 
5453 2875 2937 2938 
5454 2938 2876 2875 
5455 2876 2938 2939 
5456 2939 2877 2876 
5457 2877 2939 2940 
5458 2940 2878 2877 
5459 2878 2940 2941 
5460 2941 2879 2878 
5461 2879 2941 2942 
5462 2942 2880 2879 
5463 2880 2942 2943 
5464 2943 2881 2880 
5465 2881 2943 2944 
5466 2944 2882 2881 
5467 2882 2944 2945 
5468 2945 2883 2882 
5469 2883 2945 2946 
5470 2946 2884 2883 
5471 2884 2946 2947 
5472 2947 2885 2884 
5473 2885 2947 2948 
5474 2948 2886 2885 
5475 2886 2948 2949 
5476 2949 2887 2886 
5477 2887 2949 2950 
5478 2950 2888 2887 
5479 2888 2950 2951 
5480 2951 2889 2888 
5481 2889 2951 2952 
5482 2952 2890 2889 
5483 2890 2952 2953 
5484 2953 2891 2890 
5485 2891 2953 2954 
5486 2954 2892 2891 
5487 2892 2954 2955 
5488 2955 2893 2892 
5489 2893 2955 2956 
5490 2956 2894 2893 
5491 2894 2956 2957 
5492 2957 2895 2894 
5493 2895 2957 2958 
5494 2958 2896 2895 
5495 2896 2958 2959 
5496 2959 2897 2896 
5497 2897 2959 2960 
5498 2960 2898 2897 
5499 2898 2960 2961 
5500 2961 2899 2898 
5501 2899 2961 2962 
5502 2962 2900 2899 
5503 2900 2962 2963 
5504 2963 2901 2900 
5505 2901 2963 2964 
5506 2964 2902 2901 
5507 2902 2964 2965 
5508 2965 2903 2902 
5509 2903 2965 2966 
5510 2966 2904 2903 
5511 2904 2966 2967 
5512 2967 2905 2904 
5513 2905 2967 2968 
5514 2968 2906 2905 
5515 2906 2968 2969 
5516 2969 2907 2906 
5517 2907 2969 2970 
5518 2970 2908 2907 
5519 2908 2970 2971 
5520 2971 2909 2908 
5521 2909 2971 2972 
5522 2972 2910 2909 
5523 2910 2972 2973 
5524 2973 2911 2910 
5525 2911 2973 2974 
5526 2974 2912 2911 
5527 2912 2974 2975 
5528 2975 2913 2912 
5529 2913 2975 2976 
5530 2976 2914 2913 
5531 2914 2976 2977 
5532 2977 2915 2914 
5533 2915 2977 2978 
5534 2978 2916 2915 
5535 2916 2978 2979 
5536 2979 2917 2916 
5537 2917 2979 2980 
5538 2980 2918 2917 
5539 2918 2980 2981 
5540 2981 2919 2918 
5541 2919 2981 2982 
5542 2982 2920 2919 
5543 2920 2982 170 
5544 170 169 2920 
5545 46 47 2983 
5546 2983 2921 46 
5547 2921 2983 2984 
5548 2984 2922 2921 
5549 2922 2984 2985 
5550 2985 2923 2922 
5551 2923 2985 2986 
5552 2986 2924 2923 
5553 2924 2986 2987 
5554 2987 2925 2924 
5555 2925 2987 2988 
5556 2988 2926 2925 
5557 2926 2988 2989 
5558 2989 2927 2926 
5559 2927 2989 2990 
5560 2990 2928 2927 
5561 2928 2990 2991 
5562 2991 2929 2928 
5563 2929 2991 2992 
5564 2992 2930 2929 
5565 2930 2992 2993 
5566 2993 2931 2930 
5567 2931 2993 2994 
5568 2994 2932 2931 
5569 2932 2994 2995 
5570 2995 2933 2932 
5571 2933 2995 2996 
5572 2996 2934 2933 
5573 2934 2996 2997 
5574 2997 2935 2934 
5575 2935 2997 2998 
5576 2998 2936 2935 
5577 2936 2998 2999 
5578 2999 2937 2936 
5579 2937 2999 3000 
5580 3000 2938 2937 
5581 2938 3000 3001 
5582 3001 2939 2938 
5583 2939 3001 3002 
5584 3002 2940 2939 
5585 2940 3002 3003 
5586 3003 2941 2940 
5587 2941 3003 3004 
5588 3004 2942 2941 
5589 2942 3004 3005 
5590 3005 2943 2942 
5591 2943 3005 3006 
5592 3006 2944 2943 
5593 2944 3006 3007 
5594 3007 2945 2944 
5595 2945 3007 3008 
5596 3008 2946 2945 
5597 2946 3008 3009 
5598 3009 2947 2946 
5599 2947 3009 3010 
5600 3010 2948 2947 
5601 2948 3010 3011 
5602 3011 2949 2948 
5603 2949 3011 3012 
5604 3012 2950 2949 
5605 2950 3012 3013 
5606 3013 2951 2950 
5607 2951 3013 3014 
5608 3014 2952 2951 
5609 2952 3014 3015 
5610 3015 2953 2952 
5611 2953 3015 3016 
5612 3016 2954 2953 
5613 2954 3016 3017 
5614 3017 2955 2954 
5615 2955 3017 3018 
5616 3018 2956 2955 
5617 2956 3018 3019 
5618 3019 2957 2956 
5619 2957 3019 3020 
5620 3020 2958 2957 
5621 2958 3020 3021 
5622 3021 2959 2958 
5623 2959 3021 3022 
5624 3022 2960 2959 
5625 2960 3022 3023 
5626 3023 2961 2960 
5627 2961 3023 3024 
5628 3024 2962 2961 
5629 2962 3024 3025 
5630 3025 2963 2962 
5631 2963 3025 3026 
5632 3026 2964 2963 
5633 2964 3026 3027 
5634 3027 2965 2964 
5635 2965 3027 3028 
5636 3028 2966 2965 
5637 2966 3028 3029 
5638 3029 2967 2966 
5639 2967 3029 3030 
5640 3030 2968 2967 
5641 2968 3030 3031 
5642 3031 2969 2968 
5643 2969 3031 3032 
5644 3032 2970 2969 
5645 2970 3032 3033 
5646 3033 2971 2970 
5647 2971 3033 3034 
5648 3034 2972 2971 
5649 2972 3034 3035 
5650 3035 2973 2972 
5651 2973 3035 3036 
5652 3036 2974 2973 
5653 2974 3036 3037 
5654 3037 2975 2974 
5655 2975 3037 3038 
5656 3038 2976 2975 
5657 2976 3038 3039 
5658 3039 2977 2976 
5659 2977 3039 3040 
5660 3040 2978 2977 
5661 2978 3040 3041 
5662 3041 2979 2978 
5663 2979 3041 3042 
5664 3042 2980 2979 
5665 2980 3042 3043 
5666 3043 2981 2980 
5667 2981 3043 3044 
5668 3044 2982 2981 
5669 2982 3044 171 
5670 171 170 2982 
5671 47 48 3045 
5672 3045 2983 47 
5673 2983 3045 3046 
5674 3046 2984 2983 
5675 2984 3046 3047 
5676 3047 2985 2984 
5677 2985 3047 3048 
5678 3048 2986 2985 
5679 2986 3048 3049 
5680 3049 2987 2986 
5681 2987 3049 3050 
5682 3050 2988 2987 
5683 2988 3050 3051 
5684 3051 2989 2988 
5685 2989 3051 3052 
5686 3052 2990 2989 
5687 2990 3052 3053 
5688 3053 2991 2990 
5689 2991 3053 3054 
5690 3054 2992 2991 
5691 2992 3054 3055 
5692 3055 2993 2992 
5693 2993 3055 3056 
5694 3056 2994 2993 
5695 2994 3056 3057 
5696 3057 2995 2994 
5697 2995 3057 3058 
5698 3058 2996 2995 
5699 2996 3058 3059 
5700 3059 2997 2996 
5701 2997 3059 3060 
5702 3060 2998 2997 
5703 2998 3060 3061 
5704 3061 2999 2998 
5705 2999 3061 3062 
5706 3062 3000 2999 
5707 3000 3062 3063 
5708 3063 3001 3000 
5709 3001 3063 3064 
5710 3064 3002 3001 
5711 3002 3064 3065 
5712 3065 3003 3002 
5713 3003 3065 3066 
5714 3066 3004 3003 
5715 3004 3066 3067 
5716 3067 3005 3004 
5717 3005 3067 3068 
5718 3068 3006 3005 
5719 3006 3068 3069 
5720 3069 3007 3006 
5721 3007 3069 3070 
5722 3070 3008 3007 
5723 3008 3070 3071 
5724 3071 3009 3008 
5725 3009 3071 3072 
5726 3072 3010 3009 
5727 3010 3072 3073 
5728 3073 3011 3010 
5729 3011 3073 3074 
5730 3074 3012 3011 
5731 3012 3074 3075 
5732 3075 3013 3012 
5733 3013 3075 3076 
5734 3076 3014 3013 
5735 3014 3076 3077 
5736 3077 3015 3014 
5737 3015 3077 3078 
5738 3078 3016 3015 
5739 3016 3078 3079 
5740 3079 3017 3016 
5741 3017 3079 3080 
5742 3080 3018 3017 
5743 3018 3080 3081 
5744 3081 3019 3018 
5745 3019 3081 3082 
5746 3082 3020 3019 
5747 3020 3082 3083 
5748 3083 3021 3020 
5749 3021 3083 3084 
5750 3084 3022 3021 
5751 3022 3084 3085 
5752 3085 3023 3022 
5753 3023 3085 3086 
5754 3086 3024 3023 
5755 3024 3086 3087 
5756 3087 3025 3024 
5757 3025 3087 3088 
5758 3088 3026 3025 
5759 3026 3088 3089 
5760 3089 3027 3026 
5761 3027 3089 3090 
5762 3090 3028 3027 
5763 3028 3090 3091 
5764 3091 3029 3028 
5765 3029 3091 3092 
5766 3092 3030 3029 
5767 3030 3092 3093 
5768 3093 3031 3030 
5769 3031 3093 3094 
5770 3094 3032 3031 
5771 3032 3094 3095 
5772 3095 3033 3032 
5773 3033 3095 3096 
5774 3096 3034 3033 
5775 3034 3096 3097 
5776 3097 3035 3034 
5777 3035 3097 3098 
5778 3098 3036 3035 
5779 3036 3098 3099 
5780 3099 3037 3036 
5781 3037 3099 3100 
5782 3100 3038 3037 
5783 3038 3100 3101 
5784 3101 3039 3038 
5785 3039 3101 3102 
5786 3102 3040 3039 
5787 3040 3102 3103 
5788 3103 3041 3040 
5789 3041 3103 3104 
5790 3104 3042 3041 
5791 3042 3104 3105 
5792 3105 3043 3042 
5793 3043 3105 3106 
5794 3106 3044 3043 
5795 3044 3106 172 
5796 172 171 3044 
5797 48 49 3107 
5798 3107 3045 48 
5799 3045 3107 3108 
5800 3108 3046 3045 
5801 3046 3108 3109 
5802 3109 3047 3046 
5803 3047 3109 3110 
5804 3110 3048 3047 
5805 3048 3110 3111 
5806 3111 3049 3048 
5807 3049 3111 3112 
5808 3112 3050 3049 
5809 3050 3112 3113 
5810 3113 3051 3050 
5811 3051 3113 3114 
5812 3114 3052 3051 
5813 3052 3114 3115 
5814 3115 3053 3052 
5815 3053 3115 3116 
5816 3116 3054 3053 
5817 3054 3116 3117 
5818 3117 3055 3054 
5819 3055 3117 3118 
5820 3118 3056 3055 
5821 3056 3118 3119 
5822 3119 3057 3056 
5823 3057 3119 3120 
5824 3120 3058 3057 
5825 3058 3120 3121 
5826 3121 3059 3058 
5827 3059 3121 3122 
5828 3122 3060 3059 
5829 3060 3122 3123 
5830 3123 3061 3060 
5831 3061 3123 3124 
5832 3124 3062 3061 
5833 3062 3124 3125 
5834 3125 3063 3062 
5835 3063 3125 3126 
5836 3126 3064 3063 
5837 3064 3126 3127 
5838 3127 3065 3064 
5839 3065 3127 3128 
5840 3128 3066 3065 
5841 3066 3128 3129 
5842 3129 3067 3066 
5843 3067 3129 3130 
5844 3130 3068 3067 
5845 3068 3130 3131 
5846 3131 3069 3068 
5847 3069 3131 3132 
5848 3132 3070 3069 
5849 3070 3132 3133 
5850 3133 3071 3070 
5851 3071 3133 3134 
5852 3134 3072 3071 
5853 3072 3134 3135 
5854 3135 3073 3072 
5855 3073 3135 3136 
5856 3136 3074 3073 
5857 3074 3136 3137 
5858 3137 3075 3074 
5859 3075 3137 3138 
5860 3138 3076 3075 
5861 3076 3138 3139 
5862 3139 3077 3076 
5863 3077 3139 3140 
5864 3140 3078 3077 
5865 3078 3140 3141 
5866 3141 3079 3078 
5867 3079 3141 3142 
5868 3142 3080 3079 
5869 3080 3142 3143 
5870 3143 3081 3080 
5871 3081 3143 3144 
5872 3144 3082 3081 
5873 3082 3144 3145 
5874 3145 3083 3082 
5875 3083 3145 3146 
5876 3146 3084 3083 
5877 3084 3146 3147 
5878 3147 3085 3084 
5879 3085 3147 3148 
5880 3148 3086 3085 
5881 3086 3148 3149 
5882 3149 3087 3086 
5883 3087 3149 3150 
5884 3150 3088 3087 
5885 3088 3150 3151 
5886 3151 3089 3088 
5887 3089 3151 3152 
5888 3152 3090 3089 
5889 3090 3152 3153 
5890 3153 3091 3090 
5891 3091 3153 3154 
5892 3154 3092 3091 
5893 3092 3154 3155 
5894 3155 3093 3092 
5895 3093 3155 3156 
5896 3156 3094 3093 
5897 3094 3156 3157 
5898 3157 3095 3094 
5899 3095 3157 3158 
5900 3158 3096 3095 
5901 3096 3158 3159 
5902 3159 3097 3096 
5903 3097 3159 3160 
5904 3160 3098 3097 
5905 3098 3160 3161 
5906 3161 3099 3098 
5907 3099 3161 3162 
5908 3162 3100 3099 
5909 3100 3162 3163 
5910 3163 3101 3100 
5911 3101 3163 3164 
5912 3164 3102 3101 
5913 3102 3164 3165 
5914 3165 3103 3102 
5915 3103 3165 3166 
5916 3166 3104 3103 
5917 3104 3166 3167 
5918 3167 3105 3104 
5919 3105 3167 3168 
5920 3168 3106 3105 
5921 3106 3168 173 
5922 173 172 3106 
5923 49 50 3169 
5924 3169 3107 49 
5925 3107 3169 3170 
5926 3170 3108 3107 
5927 3108 3170 3171 
5928 3171 3109 3108 
5929 3109 3171 3172 
5930 3172 3110 3109 
5931 3110 3172 3173 
5932 3173 3111 3110 
5933 3111 3173 3174 
5934 3174 3112 3111 
5935 3112 3174 3175 
5936 3175 3113 3112 
5937 3113 3175 3176 
5938 3176 3114 3113 
5939 3114 3176 3177 
5940 3177 3115 3114 
5941 3115 3177 3178 
5942 3178 3116 3115 
5943 3116 3178 3179 
5944 3179 3117 3116 
5945 3117 3179 3180 
5946 3180 3118 3117 
5947 3118 3180 3181 
5948 3181 3119 3118 
5949 3119 3181 3182 
5950 3182 3120 3119 
5951 3120 3182 3183 
5952 3183 3121 3120 
5953 3121 3183 3184 
5954 3184 3122 3121 
5955 3122 3184 3185 
5956 3185 3123 3122 
5957 3123 3185 3186 
5958 3186 3124 3123 
5959 3124 3186 3187 
5960 3187 3125 3124 
5961 3125 3187 3188 
5962 3188 3126 3125 
5963 3126 3188 3189 
5964 3189 3127 3126 
5965 3127 3189 3190 
5966 3190 3128 3127 
5967 3128 3190 3191 
5968 3191 3129 3128 
5969 3129 3191 3192 
5970 3192 3130 3129 
5971 3130 3192 3193 
5972 3193 3131 3130 
5973 3131 3193 3194 
5974 3194 3132 3131 
5975 3132 3194 3195 
5976 3195 3133 3132 
5977 3133 3195 3196 
5978 3196 3134 3133 
5979 3134 3196 3197 
5980 3197 3135 3134 
5981 3135 3197 3198 
5982 3198 3136 3135 
5983 3136 3198 3199 
5984 3199 3137 3136 
5985 3137 3199 3200 
5986 3200 3138 3137 
5987 3138 3200 3201 
5988 3201 3139 3138 
5989 3139 3201 3202 
5990 3202 3140 3139 
5991 3140 3202 3203 
5992 3203 3141 3140 
5993 3141 3203 3204 
5994 3204 3142 3141 
5995 3142 3204 3205 
5996 3205 3143 3142 
5997 3143 3205 3206 
5998 3206 3144 3143 
5999 3144 3206 3207 
6000 3207 3145 3144 
6001 3145 3207 3208 
6002 3208 3146 3145 
6003 3146 3208 3209 
6004 3209 3147 3146 
6005 3147 3209 3210 
6006 3210 3148 3147 
6007 3148 3210 3211 
6008 3211 3149 3148 
6009 3149 3211 3212 
6010 3212 3150 3149 
6011 3150 3212 3213 
6012 3213 3151 3150 
6013 3151 3213 3214 
6014 3214 3152 3151 
6015 3152 3214 3215 
6016 3215 3153 3152 
6017 3153 3215 3216 
6018 3216 3154 3153 
6019 3154 3216 3217 
6020 3217 3155 3154 
6021 3155 3217 3218 
6022 3218 3156 3155 
6023 3156 3218 3219 
6024 3219 3157 3156 
6025 3157 3219 3220 
6026 3220 3158 3157 
6027 3158 3220 3221 
6028 3221 3159 3158 
6029 3159 3221 3222 
6030 3222 3160 3159 
6031 3160 3222 3223 
6032 3223 3161 3160 
6033 3161 3223 3224 
6034 3224 3162 3161 
6035 3162 3224 3225 
6036 3225 3163 3162 
6037 3163 3225 3226 
6038 3226 3164 3163 
6039 3164 3226 3227 
6040 3227 3165 3164 
6041 3165 3227 3228 
6042 3228 3166 3165 
6043 3166 3228 3229 
6044 3229 3167 3166 
6045 3167 3229 3230 
6046 3230 3168 3167 
6047 3168 3230 174 
6048 174 173 3168 
6049 50 51 3231 
6050 3231 3169 50 
6051 3169 3231 3232 
6052 3232 3170 3169 
6053 3170 3232 3233 
6054 3233 3171 3170 
6055 3171 3233 3234 
6056 3234 3172 3171 
6057 3172 3234 3235 
6058 3235 3173 3172 
6059 3173 3235 3236 
6060 3236 3174 3173 
6061 3174 3236 3237 
6062 3237 3175 3174 
6063 3175 3237 3238 
6064 3238 3176 3175 
6065 3176 3238 3239 
6066 3239 3177 3176 
6067 3177 3239 3240 
6068 3240 3178 3177 
6069 3178 3240 3241 
6070 3241 3179 3178 
6071 3179 3241 3242 
6072 3242 3180 3179 
6073 3180 3242 3243 
6074 3243 3181 3180 
6075 3181 3243 3244 
6076 3244 3182 3181 
6077 3182 3244 3245 
6078 3245 3183 3182 
6079 3183 3245 3246 
6080 3246 3184 3183 
6081 3184 3246 3247 
6082 3247 3185 3184 
6083 3185 3247 3248 
6084 3248 3186 3185 
6085 3186 3248 3249 
6086 3249 3187 3186 
6087 3187 3249 3250 
6088 3250 3188 3187 
6089 3188 3250 3251 
6090 3251 3189 3188 
6091 3189 3251 3252 
6092 3252 3190 3189 
6093 3190 3252 3253 
6094 3253 3191 3190 
6095 3191 3253 3254 
6096 3254 3192 3191 
6097 3192 3254 3255 
6098 3255 3193 3192 
6099 3193 3255 3256 
6100 3256 3194 3193 
6101 3194 3256 3257 
6102 3257 3195 3194 
6103 3195 3257 3258 
6104 3258 3196 3195 
6105 3196 3258 3259 
6106 3259 3197 3196 
6107 3197 3259 3260 
6108 3260 3198 3197 
6109 3198 3260 3261 
6110 3261 3199 3198 
6111 3199 3261 3262 
6112 3262 3200 3199 
6113 3200 3262 3263 
6114 3263 3201 3200 
6115 3201 3263 3264 
6116 3264 3202 3201 
6117 3202 3264 3265 
6118 3265 3203 3202 
6119 3203 3265 3266 
6120 3266 3204 3203 
6121 3204 3266 3267 
6122 3267 3205 3204 
6123 3205 3267 3268 
6124 3268 3206 3205 
6125 3206 3268 3269 
6126 3269 3207 3206 
6127 3207 3269 3270 
6128 3270 3208 3207 
6129 3208 3270 3271 
6130 3271 3209 3208 
6131 3209 3271 3272 
6132 3272 3210 3209 
6133 3210 3272 3273 
6134 3273 3211 3210 
6135 3211 3273 3274 
6136 3274 3212 3211 
6137 3212 3274 3275 
6138 3275 3213 3212 
6139 3213 3275 3276 
6140 3276 3214 3213 
6141 3214 3276 3277 
6142 3277 3215 3214 
6143 3215 3277 3278 
6144 3278 3216 3215 
6145 3216 3278 3279 
6146 3279 3217 3216 
6147 3217 3279 3280 
6148 3280 3218 3217 
6149 3218 3280 3281 
6150 3281 3219 3218 
6151 3219 3281 3282 
6152 3282 3220 3219 
6153 3220 3282 3283 
6154 3283 3221 3220 
6155 3221 3283 3284 
6156 3284 3222 3221 
6157 3222 3284 3285 
6158 3285 3223 3222 
6159 3223 3285 3286 
6160 3286 3224 3223 
6161 3224 3286 3287 
6162 3287 3225 3224 
6163 3225 3287 3288 
6164 3288 3226 3225 
6165 3226 3288 3289 
6166 3289 3227 3226 
6167 3227 3289 3290 
6168 3290 3228 3227 
6169 3228 3290 3291 
6170 3291 3229 3228 
6171 3229 3291 3292 
6172 3292 3230 3229 
6173 3230 3292 175 
6174 175 174 3230 
6175 51 52 3293 
6176 3293 3231 51 
6177 3231 3293 3294 
6178 3294 3232 3231 
6179 3232 3294 3295 
6180 3295 3233 3232 
6181 3233 3295 3296 
6182 3296 3234 3233 
6183 3234 3296 3297 
6184 3297 3235 3234 
6185 3235 3297 3298 
6186 3298 3236 3235 
6187 3236 3298 3299 
6188 3299 3237 3236 
6189 3237 3299 3300 
6190 3300 3238 3237 
6191 3238 3300 3301 
6192 3301 3239 3238 
6193 3239 3301 3302 
6194 3302 3240 3239 
6195 3240 3302 3303 
6196 3303 3241 3240 
6197 3241 3303 3304 
6198 3304 3242 3241 
6199 3242 3304 3305 
6200 3305 3243 3242 
6201 3243 3305 3306 
6202 3306 3244 3243 
6203 3244 3306 3307 
6204 3307 3245 3244 
6205 3245 3307 3308 
6206 3308 3246 3245 
6207 3246 3308 3309 
6208 3309 3247 3246 
6209 3247 3309 3310 
6210 3310 3248 3247 
6211 3248 3310 3311 
6212 3311 3249 3248 
6213 3249 3311 3312 
6214 3312 3250 3249 
6215 3250 3312 3313 
6216 3313 3251 3250 
6217 3251 3313 3314 
6218 3314 3252 3251 
6219 3252 3314 3315 
6220 3315 3253 3252 
6221 3253 3315 3316 
6222 3316 3254 3253 
6223 3254 3316 3317 
6224 3317 3255 3254 
6225 3255 3317 3318 
6226 3318 3256 3255 
6227 3256 3318 3319 
6228 3319 3257 3256 
6229 3257 3319 3320 
6230 3320 3258 3257 
6231 3258 3320 3321 
6232 3321 3259 3258 
6233 3259 3321 3322 
6234 3322 3260 3259 
6235 3260 3322 3323 
6236 3323 3261 3260 
6237 3261 3323 3324 
6238 3324 3262 3261 
6239 3262 3324 3325 
6240 3325 3263 3262 
6241 3263 3325 3326 
6242 3326 3264 3263 
6243 3264 3326 3327 
6244 3327 3265 3264 
6245 3265 3327 3328 
6246 3328 3266 3265 
6247 3266 3328 3329 
6248 3329 3267 3266 
6249 3267 3329 3330 
6250 3330 3268 3267 
6251 3268 3330 3331 
6252 3331 3269 3268 
6253 3269 3331 3332 
6254 3332 3270 3269 
6255 3270 3332 3333 
6256 3333 3271 3270 
6257 3271 3333 3334 
6258 3334 3272 3271 
6259 3272 3334 3335 
6260 3335 3273 3272 
6261 3273 3335 3336 
6262 3336 3274 3273 
6263 3274 3336 3337 
6264 3337 3275 3274 
6265 3275 3337 3338 
6266 3338 3276 3275 
6267 3276 3338 3339 
6268 3339 3277 3276 
6269 3277 3339 3340 
6270 3340 3278 3277 
6271 3278 3340 3341 
6272 3341 3279 3278 
6273 3279 3341 3342 
6274 3342 3280 3279 
6275 3280 3342 3343 
6276 3343 3281 3280 
6277 3281 3343 3344 
6278 3344 3282 3281 
6279 3282 3344 3345 
6280 3345 3283 3282 
6281 3283 3345 3346 
6282 3346 3284 3283 
6283 3284 3346 3347 
6284 3347 3285 3284 
6285 3285 3347 3348 
6286 3348 3286 3285 
6287 3286 3348 3349 
6288 3349 3287 3286 
6289 3287 3349 3350 
6290 3350 3288 3287 
6291 3288 3350 3351 
6292 3351 3289 3288 
6293 3289 3351 3352 
6294 3352 3290 3289 
6295 3290 3352 3353 
6296 3353 3291 3290 
6297 3291 3353 3354 
6298 3354 3292 3291 
6299 3292 3354 176 
6300 176 175 3292 
6301 52 53 3355 
6302 3355 3293 52 
6303 3293 3355 3356 
6304 3356 3294 3293 
6305 3294 3356 3357 
6306 3357 3295 3294 
6307 3295 3357 3358 
6308 3358 3296 3295 
6309 3296 3358 3359 
6310 3359 3297 3296 
6311 3297 3359 3360 
6312 3360 3298 3297 
6313 3298 3360 3361 
6314 3361 3299 3298 
6315 3299 3361 3362 
6316 3362 3300 3299 
6317 3300 3362 3363 
6318 3363 3301 3300 
6319 3301 3363 3364 
6320 3364 3302 3301 
6321 3302 3364 3365 
6322 3365 3303 3302 
6323 3303 3365 3366 
6324 3366 3304 3303 
6325 3304 3366 3367 
6326 3367 3305 3304 
6327 3305 3367 3368 
6328 3368 3306 3305 
6329 3306 3368 3369 
6330 3369 3307 3306 
6331 3307 3369 3370 
6332 3370 3308 3307 
6333 3308 3370 3371 
6334 3371 3309 3308 
6335 3309 3371 3372 
6336 3372 3310 3309 
6337 3310 3372 3373 
6338 3373 3311 3310 
6339 3311 3373 3374 
6340 3374 3312 3311 
6341 3312 3374 3375 
6342 3375 3313 3312 
6343 3313 3375 3376 
6344 3376 3314 3313 
6345 3314 3376 3377 
6346 3377 3315 3314 
6347 3315 3377 3378 
6348 3378 3316 3315 
6349 3316 3378 3379 
6350 3379 3317 3316 
6351 3317 3379 3380 
6352 3380 3318 3317 
6353 3318 3380 3381 
6354 3381 3319 3318 
6355 3319 3381 3382 
6356 3382 3320 3319 
6357 3320 3382 3383 
6358 3383 3321 3320 
6359 3321 3383 3384 
6360 3384 3322 3321 
6361 3322 3384 3385 
6362 3385 3323 3322 
6363 3323 3385 3386 
6364 3386 3324 3323 
6365 3324 3386 3387 
6366 3387 3325 3324 
6367 3325 3387 3388 
6368 3388 3326 3325 
6369 3326 3388 3389 
6370 3389 3327 3326 
6371 3327 3389 3390 
6372 3390 3328 3327 
6373 3328 3390 3391 
6374 3391 3329 3328 
6375 3329 3391 3392 
6376 3392 3330 3329 
6377 3330 3392 3393 
6378 3393 3331 3330 
6379 3331 3393 3394 
6380 3394 3332 3331 
6381 3332 3394 3395 
6382 3395 3333 3332 
6383 3333 3395 3396 
6384 3396 3334 3333 
6385 3334 3396 3397 
6386 3397 3335 3334 
6387 3335 3397 3398 
6388 3398 3336 3335 
6389 3336 3398 3399 
6390 3399 3337 3336 
6391 3337 3399 3400 
6392 3400 3338 3337 
6393 3338 3400 3401 
6394 3401 3339 3338 
6395 3339 3401 3402 
6396 3402 3340 3339 
6397 3340 3402 3403 
6398 3403 3341 3340 
6399 3341 3403 3404 
6400 3404 3342 3341 
6401 3342 3404 3405 
6402 3405 3343 3342 
6403 3343 3405 3406 
6404 3406 3344 3343 
6405 3344 3406 3407 
6406 3407 3345 3344 
6407 3345 3407 3408 
6408 3408 3346 3345 
6409 3346 3408 3409 
6410 3409 3347 3346 
6411 3347 3409 3410 
6412 3410 3348 3347 
6413 3348 3410 3411 
6414 3411 3349 3348 
6415 3349 3411 3412 
6416 3412 3350 3349 
6417 3350 3412 3413 
6418 3413 3351 3350 
6419 3351 3413 3414 
6420 3414 3352 3351 
6421 3352 3414 3415 
6422 3415 3353 3352 
6423 3353 3415 3416 
6424 3416 3354 3353 
6425 3354 3416 177 
6426 177 176 3354 
6427 53 54 3417 
6428 3417 3355 53 
6429 3355 3417 3418 
6430 3418 3356 3355 
6431 3356 3418 3419 
6432 3419 3357 3356 
6433 3357 3419 3420 
6434 3420 3358 3357 
6435 3358 3420 3421 
6436 3421 3359 3358 
6437 3359 3421 3422 
6438 3422 3360 3359 
6439 3360 3422 3423 
6440 3423 3361 3360 
6441 3361 3423 3424 
6442 3424 3362 3361 
6443 3362 3424 3425 
6444 3425 3363 3362 
6445 3363 3425 3426 
6446 3426 3364 3363 
6447 3364 3426 3427 
6448 3427 3365 3364 
6449 3365 3427 3428 
6450 3428 3366 3365 
6451 3366 3428 3429 
6452 3429 3367 3366 
6453 3367 3429 3430 
6454 3430 3368 3367 
6455 3368 3430 3431 
6456 3431 3369 3368 
6457 3369 3431 3432 
6458 3432 3370 3369 
6459 3370 3432 3433 
6460 3433 3371 3370 
6461 3371 3433 3434 
6462 3434 3372 3371 
6463 3372 3434 3435 
6464 3435 3373 3372 
6465 3373 3435 3436 
6466 3436 3374 3373 
6467 3374 3436 3437 
6468 3437 3375 3374 
6469 3375 3437 3438 
6470 3438 3376 3375 
6471 3376 3438 3439 
6472 3439 3377 3376 
6473 3377 3439 3440 
6474 3440 3378 3377 
6475 3378 3440 3441 
6476 3441 3379 3378 
6477 3379 3441 3442 
6478 3442 3380 3379 
6479 3380 3442 3443 
6480 3443 3381 3380 
6481 3381 3443 3444 
6482 3444 3382 3381 
6483 3382 3444 3445 
6484 3445 3383 3382 
6485 3383 3445 3446 
6486 3446 3384 3383 
6487 3384 3446 3447 
6488 3447 3385 3384 
6489 3385 3447 3448 
6490 3448 3386 3385 
6491 3386 3448 3449 
6492 3449 3387 3386 
6493 3387 3449 3450 
6494 3450 3388 3387 
6495 3388 3450 3451 
6496 3451 3389 3388 
6497 3389 3451 3452 
6498 3452 3390 3389 
6499 3390 3452 3453 
6500 3453 3391 3390 
6501 3391 3453 3454 
6502 3454 3392 3391 
6503 3392 3454 3455 
6504 3455 3393 3392 
6505 3393 3455 3456 
6506 3456 3394 3393 
6507 3394 3456 3457 
6508 3457 3395 3394 
6509 3395 3457 3458 
6510 3458 3396 3395 
6511 3396 3458 3459 
6512 3459 3397 3396 
6513 3397 3459 3460 
6514 3460 3398 3397 
6515 3398 3460 3461 
6516 3461 3399 3398 
6517 3399 3461 3462 
6518 3462 3400 3399 
6519 3400 3462 3463 
6520 3463 3401 3400 
6521 3401 3463 3464 
6522 3464 3402 3401 
6523 3402 3464 3465 
6524 3465 3403 3402 
6525 3403 3465 3466 
6526 3466 3404 3403 
6527 3404 3466 3467 
6528 3467 3405 3404 
6529 3405 3467 3468 
6530 3468 3406 3405 
6531 3406 3468 3469 
6532 3469 3407 3406 
6533 3407 3469 3470 
6534 3470 3408 3407 
6535 3408 3470 3471 
6536 3471 3409 3408 
6537 3409 3471 3472 
6538 3472 3410 3409 
6539 3410 3472 3473 
6540 3473 3411 3410 
6541 3411 3473 3474 
6542 3474 3412 3411 
6543 3412 3474 3475 
6544 3475 3413 3412 
6545 3413 3475 3476 
6546 3476 3414 3413 
6547 3414 3476 3477 
6548 3477 3415 3414 
6549 3415 3477 3478 
6550 3478 3416 3415 
6551 3416 3478 178 
6552 178 177 3416 
6553 54 55 3479 
6554 3479 3417 54 
6555 3417 3479 3480 
6556 3480 3418 3417 
6557 3418 3480 3481 
6558 3481 3419 3418 
6559 3419 3481 3482 
6560 3482 3420 3419 
6561 3420 3482 3483 
6562 3483 3421 3420 
6563 3421 3483 3484 
6564 3484 3422 3421 
6565 3422 3484 3485 
6566 3485 3423 3422 
6567 3423 3485 3486 
6568 3486 3424 3423 
6569 3424 3486 3487 
6570 3487 3425 3424 
6571 3425 3487 3488 
6572 3488 3426 3425 
6573 3426 3488 3489 
6574 3489 3427 3426 
6575 3427 3489 3490 
6576 3490 3428 3427 
6577 3428 3490 3491 
6578 3491 3429 3428 
6579 3429 3491 3492 
6580 3492 3430 3429 
6581 3430 3492 3493 
6582 3493 3431 3430 
6583 3431 3493 3494 
6584 3494 3432 3431 
6585 3432 3494 3495 
6586 3495 3433 3432 
6587 3433 3495 3496 
6588 3496 3434 3433 
6589 3434 3496 3497 
6590 3497 3435 3434 
6591 3435 3497 3498 
6592 3498 3436 3435 
6593 3436 3498 3499 
6594 3499 3437 3436 
6595 3437 3499 3500 
6596 3500 3438 3437 
6597 3438 3500 3501 
6598 3501 3439 3438 
6599 3439 3501 3502 
6600 3502 3440 3439 
6601 3440 3502 3503 
6602 3503 3441 3440 
6603 3441 3503 3504 
6604 3504 3442 3441 
6605 3442 3504 3505 
6606 3505 3443 3442 
6607 3443 3505 3506 
6608 3506 3444 3443 
6609 3444 3506 3507 
6610 3507 3445 3444 
6611 3445 3507 3508 
6612 3508 3446 3445 
6613 3446 3508 3509 
6614 3509 3447 3446 
6615 3447 3509 3510 
6616 3510 3448 3447 
6617 3448 3510 3511 
6618 3511 3449 3448 
6619 3449 3511 3512 
6620 3512 3450 3449 
6621 3450 3512 3513 
6622 3513 3451 3450 
6623 3451 3513 3514 
6624 3514 3452 3451 
6625 3452 3514 3515 
6626 3515 3453 3452 
6627 3453 3515 3516 
6628 3516 3454 3453 
6629 3454 3516 3517 
6630 3517 3455 3454 
6631 3455 3517 3518 
6632 3518 3456 3455 
6633 3456 3518 3519 
6634 3519 3457 3456 
6635 3457 3519 3520 
6636 3520 3458 3457 
6637 3458 3520 3521 
6638 3521 3459 3458 
6639 3459 3521 3522 
6640 3522 3460 3459 
6641 3460 3522 3523 
6642 3523 3461 3460 
6643 3461 3523 3524 
6644 3524 3462 3461 
6645 3462 3524 3525 
6646 3525 3463 3462 
6647 3463 3525 3526 
6648 3526 3464 3463 
6649 3464 3526 3527 
6650 3527 3465 3464 
6651 3465 3527 3528 
6652 3528 3466 3465 
6653 3466 3528 3529 
6654 3529 3467 3466 
6655 3467 3529 3530 
6656 3530 3468 3467 
6657 3468 3530 3531 
6658 3531 3469 3468 
6659 3469 3531 3532 
6660 3532 3470 3469 
6661 3470 3532 3533 
6662 3533 3471 3470 
6663 3471 3533 3534 
6664 3534 3472 3471 
6665 3472 3534 3535 
6666 3535 3473 3472 
6667 3473 3535 3536 
6668 3536 3474 3473 
6669 3474 3536 3537 
6670 3537 3475 3474 
6671 3475 3537 3538 
6672 3538 3476 3475 
6673 3476 3538 3539 
6674 3539 3477 3476 
6675 3477 3539 3540 
6676 3540 3478 3477 
6677 3478 3540 179 
6678 179 178 3478 
6679 55 56 3541 
6680 3541 3479 55 
6681 3479 3541 3542 
6682 3542 3480 3479 
6683 3480 3542 3543 
6684 3543 3481 3480 
6685 3481 3543 3544 
6686 3544 3482 3481 
6687 3482 3544 3545 
6688 3545 3483 3482 
6689 3483 3545 3546 
6690 3546 3484 3483 
6691 3484 3546 3547 
6692 3547 3485 3484 
6693 3485 3547 3548 
6694 3548 3486 3485 
6695 3486 3548 3549 
6696 3549 3487 3486 
6697 3487 3549 3550 
6698 3550 3488 3487 
6699 3488 3550 3551 
6700 3551 3489 3488 
6701 3489 3551 3552 
6702 3552 3490 3489 
6703 3490 3552 3553 
6704 3553 3491 3490 
6705 3491 3553 3554 
6706 3554 3492 3491 
6707 3492 3554 3555 
6708 3555 3493 3492 
6709 3493 3555 3556 
6710 3556 3494 3493 
6711 3494 3556 3557 
6712 3557 3495 3494 
6713 3495 3557 3558 
6714 3558 3496 3495 
6715 3496 3558 3559 
6716 3559 3497 3496 
6717 3497 3559 3560 
6718 3560 3498 3497 
6719 3498 3560 3561 
6720 3561 3499 3498 
6721 3499 3561 3562 
6722 3562 3500 3499 
6723 3500 3562 3563 
6724 3563 3501 3500 
6725 3501 3563 3564 
6726 3564 3502 3501 
6727 3502 3564 3565 
6728 3565 3503 3502 
6729 3503 3565 3566 
6730 3566 3504 3503 
6731 3504 3566 3567 
6732 3567 3505 3504 
6733 3505 3567 3568 
6734 3568 3506 3505 
6735 3506 3568 3569 
6736 3569 3507 3506 
6737 3507 3569 3570 
6738 3570 3508 3507 
6739 3508 3570 3571 
6740 3571 3509 3508 
6741 3509 3571 3572 
6742 3572 3510 3509 
6743 3510 3572 3573 
6744 3573 3511 3510 
6745 3511 3573 3574 
6746 3574 3512 3511 
6747 3512 3574 3575 
6748 3575 3513 3512 
6749 3513 3575 3576 
6750 3576 3514 3513 
6751 3514 3576 3577 
6752 3577 3515 3514 
6753 3515 3577 3578 
6754 3578 3516 3515 
6755 3516 3578 3579 
6756 3579 3517 3516 
6757 3517 3579 3580 
6758 3580 3518 3517 
6759 3518 3580 3581 
6760 3581 3519 3518 
6761 3519 3581 3582 
6762 3582 3520 3519 
6763 3520 3582 3583 
6764 3583 3521 3520 
6765 3521 3583 3584 
6766 3584 3522 3521 
6767 3522 3584 3585 
6768 3585 3523 3522 
6769 3523 3585 3586 
6770 3586 3524 3523 
6771 3524 3586 3587 
6772 3587 3525 3524 
6773 3525 3587 3588 
6774 3588 3526 3525 
6775 3526 3588 3589 
6776 3589 3527 3526 
6777 3527 3589 3590 
6778 3590 3528 3527 
6779 3528 3590 3591 
6780 3591 3529 3528 
6781 3529 3591 3592 
6782 3592 3530 3529 
6783 3530 3592 3593 
6784 3593 3531 3530 
6785 3531 3593 3594 
6786 3594 3532 3531 
6787 3532 3594 3595 
6788 3595 3533 3532 
6789 3533 3595 3596 
6790 3596 3534 3533 
6791 3534 3596 3597 
6792 3597 3535 3534 
6793 3535 3597 3598 
6794 3598 3536 3535 
6795 3536 3598 3599 
6796 3599 3537 3536 
6797 3537 3599 3600 
6798 3600 3538 3537 
6799 3538 3600 3601 
6800 3601 3539 3538 
6801 3539 3601 3602 
6802 3602 3540 3539 
6803 3540 3602 180 
6804 180 179 3540 
6805 56 57 3603 
6806 3603 3541 56 
6807 3541 3603 3604 
6808 3604 3542 3541 
6809 3542 3604 3605 
6810 3605 3543 3542 
6811 3543 3605 3606 
6812 3606 3544 3543 
6813 3544 3606 3607 
6814 3607 3545 3544 
6815 3545 3607 3608 
6816 3608 3546 3545 
6817 3546 3608 3609 
6818 3609 3547 3546 
6819 3547 3609 3610 
6820 3610 3548 3547 
6821 3548 3610 3611 
6822 3611 3549 3548 
6823 3549 3611 3612 
6824 3612 3550 3549 
6825 3550 3612 3613 
6826 3613 3551 3550 
6827 3551 3613 3614 
6828 3614 3552 3551 
6829 3552 3614 3615 
6830 3615 3553 3552 
6831 3553 3615 3616 
6832 3616 3554 3553 
6833 3554 3616 3617 
6834 3617 3555 3554 
6835 3555 3617 3618 
6836 3618 3556 3555 
6837 3556 3618 3619 
6838 3619 3557 3556 
6839 3557 3619 3620 
6840 3620 3558 3557 
6841 3558 3620 3621 
6842 3621 3559 3558 
6843 3559 3621 3622 
6844 3622 3560 3559 
6845 3560 3622 3623 
6846 3623 3561 3560 
6847 3561 3623 3624 
6848 3624 3562 3561 
6849 3562 3624 3625 
6850 3625 3563 3562 
6851 3563 3625 3626 
6852 3626 3564 3563 
6853 3564 3626 3627 
6854 3627 3565 3564 
6855 3565 3627 3628 
6856 3628 3566 3565 
6857 3566 3628 3629 
6858 3629 3567 3566 
6859 3567 3629 3630 
6860 3630 3568 3567 
6861 3568 3630 3631 
6862 3631 3569 3568 
6863 3569 3631 3632 
6864 3632 3570 3569 
6865 3570 3632 3633 
6866 3633 3571 3570 
6867 3571 3633 3634 
6868 3634 3572 3571 
6869 3572 3634 3635 
6870 3635 3573 3572 
6871 3573 3635 3636 
6872 3636 3574 3573 
6873 3574 3636 3637 
6874 3637 3575 3574 
6875 3575 3637 3638 
6876 3638 3576 3575 
6877 3576 3638 3639 
6878 3639 3577 3576 
6879 3577 3639 3640 
6880 3640 3578 3577 
6881 3578 3640 3641 
6882 3641 3579 3578 
6883 3579 3641 3642 
6884 3642 3580 3579 
6885 3580 3642 3643 
6886 3643 3581 3580 
6887 3581 3643 3644 
6888 3644 3582 3581 
6889 3582 3644 3645 
6890 3645 3583 3582 
6891 3583 3645 3646 
6892 3646 3584 3583 
6893 3584 3646 3647 
6894 3647 3585 3584 
6895 3585 3647 3648 
6896 3648 3586 3585 
6897 3586 3648 3649 
6898 3649 3587 3586 
6899 3587 3649 3650 
6900 3650 3588 3587 
6901 3588 3650 3651 
6902 3651 3589 3588 
6903 3589 3651 3652 
6904 3652 3590 3589 
6905 3590 3652 3653 
6906 3653 3591 3590 
6907 3591 3653 3654 
6908 3654 3592 3591 
6909 3592 3654 3655 
6910 3655 3593 3592 
6911 3593 3655 3656 
6912 3656 3594 3593 
6913 3594 3656 3657 
6914 3657 3595 3594 
6915 3595 3657 3658 
6916 3658 3596 3595 
6917 3596 3658 3659 
6918 3659 3597 3596 
6919 3597 3659 3660 
6920 3660 3598 3597 
6921 3598 3660 3661 
6922 3661 3599 3598 
6923 3599 3661 3662 
6924 3662 3600 3599 
6925 3600 3662 3663 
6926 3663 3601 3600 
6927 3601 3663 3664 
6928 3664 3602 3601 
6929 3602 3664 181 
6930 181 180 3602 
6931 57 58 3665 
6932 3665 3603 57 
6933 3603 3665 3666 
6934 3666 3604 3603 
6935 3604 3666 3667 
6936 3667 3605 3604 
6937 3605 3667 3668 
6938 3668 3606 3605 
6939 3606 3668 3669 
6940 3669 3607 3606 
6941 3607 3669 3670 
6942 3670 3608 3607 
6943 3608 3670 3671 
6944 3671 3609 3608 
6945 3609 3671 3672 
6946 3672 3610 3609 
6947 3610 3672 3673 
6948 3673 3611 3610 
6949 3611 3673 3674 
6950 3674 3612 3611 
6951 3612 3674 3675 
6952 3675 3613 3612 
6953 3613 3675 3676 
6954 3676 3614 3613 
6955 3614 3676 3677 
6956 3677 3615 3614 
6957 3615 3677 3678 
6958 3678 3616 3615 
6959 3616 3678 3679 
6960 3679 3617 3616 
6961 3617 3679 3680 
6962 3680 3618 3617 
6963 3618 3680 3681 
6964 3681 3619 3618 
6965 3619 3681 3682 
6966 3682 3620 3619 
6967 3620 3682 3683 
6968 3683 3621 3620 
6969 3621 3683 3684 
6970 3684 3622 3621 
6971 3622 3684 3685 
6972 3685 3623 3622 
6973 3623 3685 3686 
6974 3686 3624 3623 
6975 3624 3686 3687 
6976 3687 3625 3624 
6977 3625 3687 3688 
6978 3688 3626 3625 
6979 3626 3688 3689 
6980 3689 3627 3626 
6981 3627 3689 3690 
6982 3690 3628 3627 
6983 3628 3690 3691 
6984 3691 3629 3628 
6985 3629 3691 3692 
6986 3692 3630 3629 
6987 3630 3692 3693 
6988 3693 3631 3630 
6989 3631 3693 3694 
6990 3694 3632 3631 
6991 3632 3694 3695 
6992 3695 3633 3632 
6993 3633 3695 3696 
6994 3696 3634 3633 
6995 3634 3696 3697 
6996 3697 3635 3634 
6997 3635 3697 3698 
6998 3698 3636 3635 
6999 3636 3698 3699 
7000 3699 3637 3636 
7001 3637 3699 3700 
7002 3700 3638 3637 
7003 3638 3700 3701 
7004 3701 3639 3638 
7005 3639 3701 3702 
7006 3702 3640 3639 
7007 3640 3702 3703 
7008 3703 3641 3640 
7009 3641 3703 3704 
7010 3704 3642 3641 
7011 3642 3704 3705 
7012 3705 3643 3642 
7013 3643 3705 3706 
7014 3706 3644 3643 
7015 3644 3706 3707 
7016 3707 3645 3644 
7017 3645 3707 3708 
7018 3708 3646 3645 
7019 3646 3708 3709 
7020 3709 3647 3646 
7021 3647 3709 3710 
7022 3710 3648 3647 
7023 3648 3710 3711 
7024 3711 3649 3648 
7025 3649 3711 3712 
7026 3712 3650 3649 
7027 3650 3712 3713 
7028 3713 3651 3650 
7029 3651 3713 3714 
7030 3714 3652 3651 
7031 3652 3714 3715 
7032 3715 3653 3652 
7033 3653 3715 3716 
7034 3716 3654 3653 
7035 3654 3716 3717 
7036 3717 3655 3654 
7037 3655 3717 3718 
7038 3718 3656 3655 
7039 3656 3718 3719 
7040 3719 3657 3656 
7041 3657 3719 3720 
7042 3720 3658 3657 
7043 3658 3720 3721 
7044 3721 3659 3658 
7045 3659 3721 3722 
7046 3722 3660 3659 
7047 3660 3722 3723 
7048 3723 3661 3660 
7049 3661 3723 3724 
7050 3724 3662 3661 
7051 3662 3724 3725 
7052 3725 3663 3662 
7053 3663 3725 3726 
7054 3726 3664 3663 
7055 3664 3726 182 
7056 182 181 3664 
7057 58 59 3727 
7058 3727 3665 58 
7059 3665 3727 3728 
7060 3728 3666 3665 
7061 3666 3728 3729 
7062 3729 3667 3666 
7063 3667 3729 3730 
7064 3730 3668 3667 
7065 3668 3730 3731 
7066 3731 3669 3668 
7067 3669 3731 3732 
7068 3732 3670 3669 
7069 3670 3732 3733 
7070 3733 3671 3670 
7071 3671 3733 3734 
7072 3734 3672 3671 
7073 3672 3734 3735 
7074 3735 3673 3672 
7075 3673 3735 3736 
7076 3736 3674 3673 
7077 3674 3736 3737 
7078 3737 3675 3674 
7079 3675 3737 3738 
7080 3738 3676 3675 
7081 3676 3738 3739 
7082 3739 3677 3676 
7083 3677 3739 3740 
7084 3740 3678 3677 
7085 3678 3740 3741 
7086 3741 3679 3678 
7087 3679 3741 3742 
7088 3742 3680 3679 
7089 3680 3742 3743 
7090 3743 3681 3680 
7091 3681 3743 3744 
7092 3744 3682 3681 
7093 3682 3744 3745 
7094 3745 3683 3682 
7095 3683 3745 3746 
7096 3746 3684 3683 
7097 3684 3746 3747 
7098 3747 3685 3684 
7099 3685 3747 3748 
7100 3748 3686 3685 
7101 3686 3748 3749 
7102 3749 3687 3686 
7103 3687 3749 3750 
7104 3750 3688 3687 
7105 3688 3750 3751 
7106 3751 3689 3688 
7107 3689 3751 3752 
7108 3752 3690 3689 
7109 3690 3752 3753 
7110 3753 3691 3690 
7111 3691 3753 3754 
7112 3754 3692 3691 
7113 3692 3754 3755 
7114 3755 3693 3692 
7115 3693 3755 3756 
7116 3756 3694 3693 
7117 3694 3756 3757 
7118 3757 3695 3694 
7119 3695 3757 3758 
7120 3758 3696 3695 
7121 3696 3758 3759 
7122 3759 3697 3696 
7123 3697 3759 3760 
7124 3760 3698 3697 
7125 3698 3760 3761 
7126 3761 3699 3698 
7127 3699 3761 3762 
7128 3762 3700 3699 
7129 3700 3762 3763 
7130 3763 3701 3700 
7131 3701 3763 3764 
7132 3764 3702 3701 
7133 3702 3764 3765 
7134 3765 3703 3702 
7135 3703 3765 3766 
7136 3766 3704 3703 
7137 3704 3766 3767 
7138 3767 3705 3704 
7139 3705 3767 3768 
7140 3768 3706 3705 
7141 3706 3768 3769 
7142 3769 3707 3706 
7143 3707 3769 3770 
7144 3770 3708 3707 
7145 3708 3770 3771 
7146 3771 3709 3708 
7147 3709 3771 3772 
7148 3772 3710 3709 
7149 3710 3772 3773 
7150 3773 3711 3710 
7151 3711 3773 3774 
7152 3774 3712 3711 
7153 3712 3774 3775 
7154 3775 3713 3712 
7155 3713 3775 3776 
7156 3776 3714 3713 
7157 3714 3776 3777 
7158 3777 3715 3714 
7159 3715 3777 3778 
7160 3778 3716 3715 
7161 3716 3778 3779 
7162 3779 3717 3716 
7163 3717 3779 3780 
7164 3780 3718 3717 
7165 3718 3780 3781 
7166 3781 3719 3718 
7167 3719 3781 3782 
7168 3782 3720 3719 
7169 3720 3782 3783 
7170 3783 3721 3720 
7171 3721 3783 3784 
7172 3784 3722 3721 
7173 3722 3784 3785 
7174 3785 3723 3722 
7175 3723 3785 3786 
7176 3786 3724 3723 
7177 3724 3786 3787 
7178 3787 3725 3724 
7179 3725 3787 3788 
7180 3788 3726 3725 
7181 3726 3788 183 
7182 183 182 3726 
7183 59 60 3789 
7184 3789 3727 59 
7185 3727 3789 3790 
7186 3790 3728 3727 
7187 3728 3790 3791 
7188 3791 3729 3728 
7189 3729 3791 3792 
7190 3792 3730 3729 
7191 3730 3792 3793 
7192 3793 3731 3730 
7193 3731 3793 3794 
7194 3794 3732 3731 
7195 3732 3794 3795 
7196 3795 3733 3732 
7197 3733 3795 3796 
7198 3796 3734 3733 
7199 3734 3796 3797 
7200 3797 3735 3734 
7201 3735 3797 3798 
7202 3798 3736 3735 
7203 3736 3798 3799 
7204 3799 3737 3736 
7205 3737 3799 3800 
7206 3800 3738 3737 
7207 3738 3800 3801 
7208 3801 3739 3738 
7209 3739 3801 3802 
7210 3802 3740 3739 
7211 3740 3802 3803 
7212 3803 3741 3740 
7213 3741 3803 3804 
7214 3804 3742 3741 
7215 3742 3804 3805 
7216 3805 3743 3742 
7217 3743 3805 3806 
7218 3806 3744 3743 
7219 3744 3806 3807 
7220 3807 3745 3744 
7221 3745 3807 3808 
7222 3808 3746 3745 
7223 3746 3808 3809 
7224 3809 3747 3746 
7225 3747 3809 3810 
7226 3810 3748 3747 
7227 3748 3810 3811 
7228 3811 3749 3748 
7229 3749 3811 3812 
7230 3812 3750 3749 
7231 3750 3812 3813 
7232 3813 3751 3750 
7233 3751 3813 3814 
7234 3814 3752 3751 
7235 3752 3814 3815 
7236 3815 3753 3752 
7237 3753 3815 3816 
7238 3816 3754 3753 
7239 3754 3816 3817 
7240 3817 3755 3754 
7241 3755 3817 3818 
7242 3818 3756 3755 
7243 3756 3818 3819 
7244 3819 3757 3756 
7245 3757 3819 3820 
7246 3820 3758 3757 
7247 3758 3820 3821 
7248 3821 3759 3758 
7249 3759 3821 3822 
7250 3822 3760 3759 
7251 3760 3822 3823 
7252 3823 3761 3760 
7253 3761 3823 3824 
7254 3824 3762 3761 
7255 3762 3824 3825 
7256 3825 3763 3762 
7257 3763 3825 3826 
7258 3826 3764 3763 
7259 3764 3826 3827 
7260 3827 3765 3764 
7261 3765 3827 3828 
7262 3828 3766 3765 
7263 3766 3828 3829 
7264 3829 3767 3766 
7265 3767 3829 3830 
7266 3830 3768 3767 
7267 3768 3830 3831 
7268 3831 3769 3768 
7269 3769 3831 3832 
7270 3832 3770 3769 
7271 3770 3832 3833 
7272 3833 3771 3770 
7273 3771 3833 3834 
7274 3834 3772 3771 
7275 3772 3834 3835 
7276 3835 3773 3772 
7277 3773 3835 3836 
7278 3836 3774 3773 
7279 3774 3836 3837 
7280 3837 3775 3774 
7281 3775 3837 3838 
7282 3838 3776 3775 
7283 3776 3838 3839 
7284 3839 3777 3776 
7285 3777 3839 3840 
7286 3840 3778 3777 
7287 3778 3840 3841 
7288 3841 3779 3778 
7289 3779 3841 3842 
7290 3842 3780 3779 
7291 3780 3842 3843 
7292 3843 3781 3780 
7293 3781 3843 3844 
7294 3844 3782 3781 
7295 3782 3844 3845 
7296 3845 3783 3782 
7297 3783 3845 3846 
7298 3846 3784 3783 
7299 3784 3846 3847 
7300 3847 3785 3784 
7301 3785 3847 3848 
7302 3848 3786 3785 
7303 3786 3848 3849 
7304 3849 3787 3786 
7305 3787 3849 3850 
7306 3850 3788 3787 
7307 3788 3850 184 
7308 184 183 3788 
7309 60 61 3851 
7310 3851 3789 60 
7311 3789 3851 3852 
7312 3852 3790 3789 
7313 3790 3852 3853 
7314 3853 3791 3790 
7315 3791 3853 3854 
7316 3854 3792 3791 
7317 3792 3854 3855 
7318 3855 3793 3792 
7319 3793 3855 3856 
7320 3856 3794 3793 
7321 3794 3856 3857 
7322 3857 3795 3794 
7323 3795 3857 3858 
7324 3858 3796 3795 
7325 3796 3858 3859 
7326 3859 3797 3796 
7327 3797 3859 3860 
7328 3860 3798 3797 
7329 3798 3860 3861 
7330 3861 3799 3798 
7331 3799 3861 3862 
7332 3862 3800 3799 
7333 3800 3862 3863 
7334 3863 3801 3800 
7335 3801 3863 3864 
7336 3864 3802 3801 
7337 3802 3864 3865 
7338 3865 3803 3802 
7339 3803 3865 3866 
7340 3866 3804 3803 
7341 3804 3866 3867 
7342 3867 3805 3804 
7343 3805 3867 3868 
7344 3868 3806 3805 
7345 3806 3868 3869 
7346 3869 3807 3806 
7347 3807 3869 3870 
7348 3870 3808 3807 
7349 3808 3870 3871 
7350 3871 3809 3808 
7351 3809 3871 3872 
7352 3872 3810 3809 
7353 3810 3872 3873 
7354 3873 3811 3810 
7355 3811 3873 3874 
7356 3874 3812 3811 
7357 3812 3874 3875 
7358 3875 3813 3812 
7359 3813 3875 3876 
7360 3876 3814 3813 
7361 3814 3876 3877 
7362 3877 3815 3814 
7363 3815 3877 3878 
7364 3878 3816 3815 
7365 3816 3878 3879 
7366 3879 3817 3816 
7367 3817 3879 3880 
7368 3880 3818 3817 
7369 3818 3880 3881 
7370 3881 3819 3818 
7371 3819 3881 3882 
7372 3882 3820 3819 
7373 3820 3882 3883 
7374 3883 3821 3820 
7375 3821 3883 3884 
7376 3884 3822 3821 
7377 3822 3884 3885 
7378 3885 3823 3822 
7379 3823 3885 3886 
7380 3886 3824 3823 
7381 3824 3886 3887 
7382 3887 3825 3824 
7383 3825 3887 3888 
7384 3888 3826 3825 
7385 3826 3888 3889 
7386 3889 3827 3826 
7387 3827 3889 3890 
7388 3890 3828 3827 
7389 3828 3890 3891 
7390 3891 3829 3828 
7391 3829 3891 3892 
7392 3892 3830 3829 
7393 3830 3892 3893 
7394 3893 3831 3830 
7395 3831 3893 3894 
7396 3894 3832 3831 
7397 3832 3894 3895 
7398 3895 3833 3832 
7399 3833 3895 3896 
7400 3896 3834 3833 
7401 3834 3896 3897 
7402 3897 3835 3834 
7403 3835 3897 3898 
7404 3898 3836 3835 
7405 3836 3898 3899 
7406 3899 3837 3836 
7407 3837 3899 3900 
7408 3900 3838 3837 
7409 3838 3900 3901 
7410 3901 3839 3838 
7411 3839 3901 3902 
7412 3902 3840 3839 
7413 3840 3902 3903 
7414 3903 3841 3840 
7415 3841 3903 3904 
7416 3904 3842 3841 
7417 3842 3904 3905 
7418 3905 3843 3842 
7419 3843 3905 3906 
7420 3906 3844 3843 
7421 3844 3906 3907 
7422 3907 3845 3844 
7423 3845 3907 3908 
7424 3908 3846 3845 
7425 3846 3908 3909 
7426 3909 3847 3846 
7427 3847 3909 3910 
7428 3910 3848 3847 
7429 3848 3910 3911 
7430 3911 3849 3848 
7431 3849 3911 3912 
7432 3912 3850 3849 
7433 3850 3912 185 
7434 185 184 3850 
7435 61 62 3913 
7436 3913 3851 61 
7437 3851 3913 3914 
7438 3914 3852 3851 
7439 3852 3914 3915 
7440 3915 3853 3852 
7441 3853 3915 3916 
7442 3916 3854 3853 
7443 3854 3916 3917 
7444 3917 3855 3854 
7445 3855 3917 3918 
7446 3918 3856 3855 
7447 3856 3918 3919 
7448 3919 3857 3856 
7449 3857 3919 3920 
7450 3920 3858 3857 
7451 3858 3920 3921 
7452 3921 3859 3858 
7453 3859 3921 3922 
7454 3922 3860 3859 
7455 3860 3922 3923 
7456 3923 3861 3860 
7457 3861 3923 3924 
7458 3924 3862 3861 
7459 3862 3924 3925 
7460 3925 3863 3862 
7461 3863 3925 3926 
7462 3926 3864 3863 
7463 3864 3926 3927 
7464 3927 3865 3864 
7465 3865 3927 3928 
7466 3928 3866 3865 
7467 3866 3928 3929 
7468 3929 3867 3866 
7469 3867 3929 3930 
7470 3930 3868 3867 
7471 3868 3930 3931 
7472 3931 3869 3868 
7473 3869 3931 3932 
7474 3932 3870 3869 
7475 3870 3932 3933 
7476 3933 3871 3870 
7477 3871 3933 3934 
7478 3934 3872 3871 
7479 3872 3934 3935 
7480 3935 3873 3872 
7481 3873 3935 3936 
7482 3936 3874 3873 
7483 3874 3936 3937 
7484 3937 3875 3874 
7485 3875 3937 3938 
7486 3938 3876 3875 
7487 3876 3938 3939 
7488 3939 3877 3876 
7489 3877 3939 3940 
7490 3940 3878 3877 
7491 3878 3940 3941 
7492 3941 3879 3878 
7493 3879 3941 3942 
7494 3942 3880 3879 
7495 3880 3942 3943 
7496 3943 3881 3880 
7497 3881 3943 3944 
7498 3944 3882 3881 
7499 3882 3944 3945 
7500 3945 3883 3882 
7501 3883 3945 3946 
7502 3946 3884 3883 
7503 3884 3946 3947 
7504 3947 3885 3884 
7505 3885 3947 3948 
7506 3948 3886 3885 
7507 3886 3948 3949 
7508 3949 3887 3886 
7509 3887 3949 3950 
7510 3950 3888 3887 
7511 3888 3950 3951 
7512 3951 3889 3888 
7513 3889 3951 3952 
7514 3952 3890 3889 
7515 3890 3952 3953 
7516 3953 3891 3890 
7517 3891 3953 3954 
7518 3954 3892 3891 
7519 3892 3954 3955 
7520 3955 3893 3892 
7521 3893 3955 3956 
7522 3956 3894 3893 
7523 3894 3956 3957 
7524 3957 3895 3894 
7525 3895 3957 3958 
7526 3958 3896 3895 
7527 3896 3958 3959 
7528 3959 3897 3896 
7529 3897 3959 3960 
7530 3960 3898 3897 
7531 3898 3960 3961 
7532 3961 3899 3898 
7533 3899 3961 3962 
7534 3962 3900 3899 
7535 3900 3962 3963 
7536 3963 3901 3900 
7537 3901 3963 3964 
7538 3964 3902 3901 
7539 3902 3964 3965 
7540 3965 3903 3902 
7541 3903 3965 3966 
7542 3966 3904 3903 
7543 3904 3966 3967 
7544 3967 3905 3904 
7545 3905 3967 3968 
7546 3968 3906 3905 
7547 3906 3968 3969 
7548 3969 3907 3906 
7549 3907 3969 3970 
7550 3970 3908 3907 
7551 3908 3970 3971 
7552 3971 3909 3908 
7553 3909 3971 3972 
7554 3972 3910 3909 
7555 3910 3972 3973 
7556 3973 3911 3910 
7557 3911 3973 3974 
7558 3974 3912 3911 
7559 3912 3974 186 
7560 186 185 3912 
7561 62 63 3975 
7562 3975 3913 62 
7563 3913 3975 3976 
7564 3976 3914 3913 
7565 3914 3976 3977 
7566 3977 3915 3914 
7567 3915 3977 3978 
7568 3978 3916 3915 
7569 3916 3978 3979 
7570 3979 3917 3916 
7571 3917 3979 3980 
7572 3980 3918 3917 
7573 3918 3980 3981 
7574 3981 3919 3918 
7575 3919 3981 3982 
7576 3982 3920 3919 
7577 3920 3982 3983 
7578 3983 3921 3920 
7579 3921 3983 3984 
7580 3984 3922 3921 
7581 3922 3984 3985 
7582 3985 3923 3922 
7583 3923 3985 3986 
7584 3986 3924 3923 
7585 3924 3986 3987 
7586 3987 3925 3924 
7587 3925 3987 3988 
7588 3988 3926 3925 
7589 3926 3988 3989 
7590 3989 3927 3926 
7591 3927 3989 3990 
7592 3990 3928 3927 
7593 3928 3990 3991 
7594 3991 3929 3928 
7595 3929 3991 3992 
7596 3992 3930 3929 
7597 3930 3992 3993 
7598 3993 3931 3930 
7599 3931 3993 3994 
7600 3994 3932 3931 
7601 3932 3994 3995 
7602 3995 3933 3932 
7603 3933 3995 3996 
7604 3996 3934 3933 
7605 3934 3996 3997 
7606 3997 3935 3934 
7607 3935 3997 3998 
7608 3998 3936 3935 
7609 3936 3998 3999 
7610 3999 3937 3936 
7611 3937 3999 4000 
7612 4000 3938 3937 
7613 3938 4000 4001 
7614 4001 3939 3938 
7615 3939 4001 4002 
7616 4002 3940 3939 
7617 3940 4002 4003 
7618 4003 3941 3940 
7619 3941 4003 4004 
7620 4004 3942 3941 
7621 3942 4004 4005 
7622 4005 3943 3942 
7623 3943 4005 4006 
7624 4006 3944 3943 
7625 3944 4006 4007 
7626 4007 3945 3944 
7627 3945 4007 4008 
7628 4008 3946 3945 
7629 3946 4008 4009 
7630 4009 3947 3946 
7631 3947 4009 4010 
7632 4010 3948 3947 
7633 3948 4010 4011 
7634 4011 3949 3948 
7635 3949 4011 4012 
7636 4012 3950 3949 
7637 3950 4012 4013 
7638 4013 3951 3950 
7639 3951 4013 4014 
7640 4014 3952 3951 
7641 3952 4014 4015 
7642 4015 3953 3952 
7643 3953 4015 4016 
7644 4016 3954 3953 
7645 3954 4016 4017 
7646 4017 3955 3954 
7647 3955 4017 4018 
7648 4018 3956 3955 
7649 3956 4018 4019 
7650 4019 3957 3956 
7651 3957 4019 4020 
7652 4020 3958 3957 
7653 3958 4020 4021 
7654 4021 3959 3958 
7655 3959 4021 4022 
7656 4022 3960 3959 
7657 3960 4022 4023 
7658 4023 3961 3960 
7659 3961 4023 4024 
7660 4024 3962 3961 
7661 3962 4024 4025 
7662 4025 3963 3962 
7663 3963 4025 4026 
7664 4026 3964 3963 
7665 3964 4026 4027 
7666 4027 3965 3964 
7667 3965 4027 4028 
7668 4028 3966 3965 
7669 3966 4028 4029 
7670 4029 3967 3966 
7671 3967 4029 4030 
7672 4030 3968 3967 
7673 3968 4030 4031 
7674 4031 3969 3968 
7675 3969 4031 4032 
7676 4032 3970 3969 
7677 3970 4032 4033 
7678 4033 3971 3970 
7679 3971 4033 4034 
7680 4034 3972 3971 
7681 3972 4034 4035 
7682 4035 3973 3972 
7683 3973 4035 4036 
7684 4036 3974 3973 
7685 3974 4036 187 
7686 187 186 3974 
7687 63 64 4037 
7688 4037 3975 63 
7689 3975 4037 4038 
7690 4038 3976 3975 
7691 3976 4038 4039 
7692 4039 3977 3976 
7693 3977 4039 4040 
7694 4040 3978 3977 
7695 3978 4040 4041 
7696 4041 3979 3978 
7697 3979 4041 4042 
7698 4042 3980 3979 
7699 3980 4042 4043 
7700 4043 3981 3980 
7701 3981 4043 4044 
7702 4044 3982 3981 
7703 3982 4044 4045 
7704 4045 3983 3982 
7705 3983 4045 4046 
7706 4046 3984 3983 
7707 3984 4046 4047 
7708 4047 3985 3984 
7709 3985 4047 4048 
7710 4048 3986 3985 
7711 3986 4048 4049 
7712 4049 3987 3986 
7713 3987 4049 4050 
7714 4050 3988 3987 
7715 3988 4050 4051 
7716 4051 3989 3988 
7717 3989 4051 4052 
7718 4052 3990 3989 
7719 3990 4052 4053 
7720 4053 3991 3990 
7721 3991 4053 4054 
7722 4054 3992 3991 
7723 3992 4054 4055 
7724 4055 3993 3992 
7725 3993 4055 4056 
7726 4056 3994 3993 
7727 3994 4056 4057 
7728 4057 3995 3994 
7729 3995 4057 4058 
7730 4058 3996 3995 
7731 3996 4058 4059 
7732 4059 3997 3996 
7733 3997 4059 4060 
7734 4060 3998 3997 
7735 3998 4060 4061 
7736 4061 3999 3998 
7737 3999 4061 4062 
7738 4062 4000 3999 
7739 4000 4062 4063 
7740 4063 4001 4000 
7741 4001 4063 4064 
7742 4064 4002 4001 
7743 4002 4064 4065 
7744 4065 4003 4002 
7745 4003 4065 4066 
7746 4066 4004 4003 
7747 4004 4066 4067 
7748 4067 4005 4004 
7749 4005 4067 4068 
7750 4068 4006 4005 
7751 4006 4068 4069 
7752 4069 4007 4006 
7753 4007 4069 4070 
7754 4070 4008 4007 
7755 4008 4070 4071 
7756 4071 4009 4008 
7757 4009 4071 4072 
7758 4072 4010 4009 
7759 4010 4072 4073 
7760 4073 4011 4010 
7761 4011 4073 4074 
7762 4074 4012 4011 
7763 4012 4074 4075 
7764 4075 4013 4012 
7765 4013 4075 4076 
7766 4076 4014 4013 
7767 4014 4076 4077 
7768 4077 4015 4014 
7769 4015 4077 4078 
7770 4078 4016 4015 
7771 4016 4078 4079 
7772 4079 4017 4016 
7773 4017 4079 4080 
7774 4080 4018 4017 
7775 4018 4080 4081 
7776 4081 4019 4018 
7777 4019 4081 4082 
7778 4082 4020 4019 
7779 4020 4082 4083 
7780 4083 4021 4020 
7781 4021 4083 4084 
7782 4084 4022 4021 
7783 4022 4084 4085 
7784 4085 4023 4022 
7785 4023 4085 4086 
7786 4086 4024 4023 
7787 4024 4086 4087 
7788 4087 4025 4024 
7789 4025 4087 4088 
7790 4088 4026 4025 
7791 4026 4088 4089 
7792 4089 4027 4026 
7793 4027 4089 4090 
7794 4090 4028 4027 
7795 4028 4090 4091 
7796 4091 4029 4028 
7797 4029 4091 4092 
7798 4092 4030 4029 
7799 4030 4092 4093 
7800 4093 4031 4030 
7801 4031 4093 4094 
7802 4094 4032 4031 
7803 4032 4094 4095 
7804 4095 4033 4032 
7805 4033 4095 4096 
7806 4096 4034 4033 
7807 4034 4096 4097 
7808 4097 4035 4034 
7809 4035 4097 4098 
7810 4098 4036 4035 
7811 4036 4098 188 
7812 188 187 4036 
7813 64 65 4099 
7814 4099 4037 64 
7815 4037 4099 4100 
7816 4100 4038 4037 
7817 4038 4100 4101 
7818 4101 4039 4038 
7819 4039 4101 4102 
7820 4102 4040 4039 
7821 4040 4102 4103 
7822 4103 4041 4040 
7823 4041 4103 4104 
7824 4104 4042 4041 
7825 4042 4104 4105 
7826 4105 4043 4042 
7827 4043 4105 4106 
7828 4106 4044 4043 
7829 4044 4106 4107 
7830 4107 4045 4044 
7831 4045 4107 4108 
7832 4108 4046 4045 
7833 4046 4108 4109 
7834 4109 4047 4046 
7835 4047 4109 4110 
7836 4110 4048 4047 
7837 4048 4110 4111 
7838 4111 4049 4048 
7839 4049 4111 4112 
7840 4112 4050 4049 
7841 4050 4112 4113 
7842 4113 4051 4050 
7843 4051 4113 4114 
7844 4114 4052 4051 
7845 4052 4114 4115 
7846 4115 4053 4052 
7847 4053 4115 4116 
7848 4116 4054 4053 
7849 4054 4116 4117 
7850 4117 4055 4054 
7851 4055 4117 4118 
7852 4118 4056 4055 
7853 4056 4118 4119 
7854 4119 4057 4056 
7855 4057 4119 4120 
7856 4120 4058 4057 
7857 4058 4120 4121 
7858 4121 4059 4058 
7859 4059 4121 4122 
7860 4122 4060 4059 
7861 4060 4122 4123 
7862 4123 4061 4060 
7863 4061 4123 4124 
7864 4124 4062 4061 
7865 4062 4124 4125 
7866 4125 4063 4062 
7867 4063 4125 4126 
7868 4126 4064 4063 
7869 4064 4126 4127 
7870 4127 4065 4064 
7871 4065 4127 4128 
7872 4128 4066 4065 
7873 4066 4128 4129 
7874 4129 4067 4066 
7875 4067 4129 4130 
7876 4130 4068 4067 
7877 4068 4130 4131 
7878 4131 4069 4068 
7879 4069 4131 4132 
7880 4132 4070 4069 
7881 4070 4132 4133 
7882 4133 4071 4070 
7883 4071 4133 4134 
7884 4134 4072 4071 
7885 4072 4134 4135 
7886 4135 4073 4072 
7887 4073 4135 4136 
7888 4136 4074 4073 
7889 4074 4136 4137 
7890 4137 4075 4074 
7891 4075 4137 4138 
7892 4138 4076 4075 
7893 4076 4138 4139 
7894 4139 4077 4076 
7895 4077 4139 4140 
7896 4140 4078 4077 
7897 4078 4140 4141 
7898 4141 4079 4078 
7899 4079 4141 4142 
7900 4142 4080 4079 
7901 4080 4142 4143 
7902 4143 4081 4080 
7903 4081 4143 4144 
7904 4144 4082 4081 
7905 4082 4144 4145 
7906 4145 4083 4082 
7907 4083 4145 4146 
7908 4146 4084 4083 
7909 4084 4146 4147 
7910 4147 4085 4084 
7911 4085 4147 4148 
7912 4148 4086 4085 
7913 4086 4148 4149 
7914 4149 4087 4086 
7915 4087 4149 4150 
7916 4150 4088 4087 
7917 4088 4150 4151 
7918 4151 4089 4088 
7919 4089 4151 4152 
7920 4152 4090 4089 
7921 4090 4152 4153 
7922 4153 4091 4090 
7923 4091 4153 4154 
7924 4154 4092 4091 
7925 4092 4154 4155 
7926 4155 4093 4092 
7927 4093 4155 4156 
7928 4156 4094 4093 
7929 4094 4156 4157 
7930 4157 4095 4094 
7931 4095 4157 4158 
7932 4158 4096 4095 
7933 4096 4158 4159 
7934 4159 4097 4096 
7935 4097 4159 4160 
7936 4160 4098 4097 
7937 4098 4160 189 
7938 189 188 4098 
7939 65 66 4161 
7940 4161 4099 65 
7941 4099 4161 4162 
7942 4162 4100 4099 
7943 4100 4162 4163 
7944 4163 4101 4100 
7945 4101 4163 4164 
7946 4164 4102 4101 
7947 4102 4164 4165 
7948 4165 4103 4102 
7949 4103 4165 4166 
7950 4166 4104 4103 
7951 4104 4166 4167 
7952 4167 4105 4104 
7953 4105 4167 4168 
7954 4168 4106 4105 
7955 4106 4168 4169 
7956 4169 4107 4106 
7957 4107 4169 4170 
7958 4170 4108 4107 
7959 4108 4170 4171 
7960 4171 4109 4108 
7961 4109 4171 4172 
7962 4172 4110 4109 
7963 4110 4172 4173 
7964 4173 4111 4110 
7965 4111 4173 4174 
7966 4174 4112 4111 
7967 4112 4174 4175 
7968 4175 4113 4112 
7969 4113 4175 4176 
7970 4176 4114 4113 
7971 4114 4176 4177 
7972 4177 4115 4114 
7973 4115 4177 4178 
7974 4178 4116 4115 
7975 4116 4178 4179 
7976 4179 4117 4116 
7977 4117 4179 4180 
7978 4180 4118 4117 
7979 4118 4180 4181 
7980 4181 4119 4118 
7981 4119 4181 4182 
7982 4182 4120 4119 
7983 4120 4182 4183 
7984 4183 4121 4120 
7985 4121 4183 4184 
7986 4184 4122 4121 
7987 4122 4184 4185 
7988 4185 4123 4122 
7989 4123 4185 4186 
7990 4186 4124 4123 
7991 4124 4186 4187 
7992 4187 4125 4124 
7993 4125 4187 4188 
7994 4188 4126 4125 
7995 4126 4188 4189 
7996 4189 4127 4126 
7997 4127 4189 4190 
7998 4190 4128 4127 
7999 4128 4190 4191 
8000 4191 4129 4128 
8001 4129 4191 4192 
8002 4192 4130 4129 
8003 4130 4192 4193 
8004 4193 4131 4130 
8005 4131 4193 4194 
8006 4194 4132 4131 
8007 4132 4194 4195 
8008 4195 4133 4132 
8009 4133 4195 4196 
8010 4196 4134 4133 
8011 4134 4196 4197 
8012 4197 4135 4134 
8013 4135 4197 4198 
8014 4198 4136 4135 
8015 4136 4198 4199 
8016 4199 4137 4136 
8017 4137 4199 4200 
8018 4200 4138 4137 
8019 4138 4200 4201 
8020 4201 4139 4138 
8021 4139 4201 4202 
8022 4202 4140 4139 
8023 4140 4202 4203 
8024 4203 4141 4140 
8025 4141 4203 4204 
8026 4204 4142 4141 
8027 4142 4204 4205 
8028 4205 4143 4142 
8029 4143 4205 4206 
8030 4206 4144 4143 
8031 4144 4206 4207 
8032 4207 4145 4144 
8033 4145 4207 4208 
8034 4208 4146 4145 
8035 4146 4208 4209 
8036 4209 4147 4146 
8037 4147 4209 4210 
8038 4210 4148 4147 
8039 4148 4210 4211 
8040 4211 4149 4148 
8041 4149 4211 4212 
8042 4212 4150 4149 
8043 4150 4212 4213 
8044 4213 4151 4150 
8045 4151 4213 4214 
8046 4214 4152 4151 
8047 4152 4214 4215 
8048 4215 4153 4152 
8049 4153 4215 4216 
8050 4216 4154 4153 
8051 4154 4216 4217 
8052 4217 4155 4154 
8053 4155 4217 4218 
8054 4218 4156 4155 
8055 4156 4218 4219 
8056 4219 4157 4156 
8057 4157 4219 4220 
8058 4220 4158 4157 
8059 4158 4220 4221 
8060 4221 4159 4158 
8061 4159 4221 4222 
8062 4222 4160 4159 
8063 4160 4222 190 
8064 190 189 4160 
8065 66 67 4223 
8066 4223 4161 66 
8067 4161 4223 4224 
8068 4224 4162 4161 
8069 4162 4224 4225 
8070 4225 4163 4162 
8071 4163 4225 4226 
8072 4226 4164 4163 
8073 4164 4226 4227 
8074 4227 4165 4164 
8075 4165 4227 4228 
8076 4228 4166 4165 
8077 4166 4228 4229 
8078 4229 4167 4166 
8079 4167 4229 4230 
8080 4230 4168 4167 
8081 4168 4230 4231 
8082 4231 4169 4168 
8083 4169 4231 4232 
8084 4232 4170 4169 
8085 4170 4232 4233 
8086 4233 4171 4170 
8087 4171 4233 4234 
8088 4234 4172 4171 
8089 4172 4234 4235 
8090 4235 4173 4172 
8091 4173 4235 4236 
8092 4236 4174 4173 
8093 4174 4236 4237 
8094 4237 4175 4174 
8095 4175 4237 4238 
8096 4238 4176 4175 
8097 4176 4238 4239 
8098 4239 4177 4176 
8099 4177 4239 4240 
8100 4240 4178 4177 
8101 4178 4240 4241 
8102 4241 4179 4178 
8103 4179 4241 4242 
8104 4242 4180 4179 
8105 4180 4242 4243 
8106 4243 4181 4180 
8107 4181 4243 4244 
8108 4244 4182 4181 
8109 4182 4244 4245 
8110 4245 4183 4182 
8111 4183 4245 4246 
8112 4246 4184 4183 
8113 4184 4246 4247 
8114 4247 4185 4184 
8115 4185 4247 4248 
8116 4248 4186 4185 
8117 4186 4248 4249 
8118 4249 4187 4186 
8119 4187 4249 4250 
8120 4250 4188 4187 
8121 4188 4250 4251 
8122 4251 4189 4188 
8123 4189 4251 4252 
8124 4252 4190 4189 
8125 4190 4252 4253 
8126 4253 4191 4190 
8127 4191 4253 4254 
8128 4254 4192 4191 
8129 4192 4254 4255 
8130 4255 4193 4192 
8131 4193 4255 4256 
8132 4256 4194 4193 
8133 4194 4256 4257 
8134 4257 4195 4194 
8135 4195 4257 4258 
8136 4258 4196 4195 
8137 4196 4258 4259 
8138 4259 4197 4196 
8139 4197 4259 4260 
8140 4260 4198 4197 
8141 4198 4260 4261 
8142 4261 4199 4198 
8143 4199 4261 4262 
8144 4262 4200 4199 
8145 4200 4262 4263 
8146 4263 4201 4200 
8147 4201 4263 4264 
8148 4264 4202 4201 
8149 4202 4264 4265 
8150 4265 4203 4202 
8151 4203 4265 4266 
8152 4266 4204 4203 
8153 4204 4266 4267 
8154 4267 4205 4204 
8155 4205 4267 4268 
8156 4268 4206 4205 
8157 4206 4268 4269 
8158 4269 4207 4206 
8159 4207 4269 4270 
8160 4270 4208 4207 
8161 4208 4270 4271 
8162 4271 4209 4208 
8163 4209 4271 4272 
8164 4272 4210 4209 
8165 4210 4272 4273 
8166 4273 4211 4210 
8167 4211 4273 4274 
8168 4274 4212 4211 
8169 4212 4274 4275 
8170 4275 4213 4212 
8171 4213 4275 4276 
8172 4276 4214 4213 
8173 4214 4276 4277 
8174 4277 4215 4214 
8175 4215 4277 4278 
8176 4278 4216 4215 
8177 4216 4278 4279 
8178 4279 4217 4216 
8179 4217 4279 4280 
8180 4280 4218 4217 
8181 4218 4280 4281 
8182 4281 4219 4218 
8183 4219 4281 4282 
8184 4282 4220 4219 
8185 4220 4282 4283 
8186 4283 4221 4220 
8187 4221 4283 4284 
8188 4284 4222 4221 
8189 4222 4284 191 
8190 191 190 4222 
8191 67 68 4285 
8192 4285 4223 67 
8193 4223 4285 4286 
8194 4286 4224 4223 
8195 4224 4286 4287 
8196 4287 4225 4224 
8197 4225 4287 4288 
8198 4288 4226 4225 
8199 4226 4288 4289 
8200 4289 4227 4226 
8201 4227 4289 4290 
8202 4290 4228 4227 
8203 4228 4290 4291 
8204 4291 4229 4228 
8205 4229 4291 4292 
8206 4292 4230 4229 
8207 4230 4292 4293 
8208 4293 4231 4230 
8209 4231 4293 4294 
8210 4294 4232 4231 
8211 4232 4294 4295 
8212 4295 4233 4232 
8213 4233 4295 4296 
8214 4296 4234 4233 
8215 4234 4296 4297 
8216 4297 4235 4234 
8217 4235 4297 4298 
8218 4298 4236 4235 
8219 4236 4298 4299 
8220 4299 4237 4236 
8221 4237 4299 4300 
8222 4300 4238 4237 
8223 4238 4300 4301 
8224 4301 4239 4238 
8225 4239 4301 4302 
8226 4302 4240 4239 
8227 4240 4302 4303 
8228 4303 4241 4240 
8229 4241 4303 4304 
8230 4304 4242 4241 
8231 4242 4304 4305 
8232 4305 4243 4242 
8233 4243 4305 4306 
8234 4306 4244 4243 
8235 4244 4306 4307 
8236 4307 4245 4244 
8237 4245 4307 4308 
8238 4308 4246 4245 
8239 4246 4308 4309 
8240 4309 4247 4246 
8241 4247 4309 4310 
8242 4310 4248 4247 
8243 4248 4310 4311 
8244 4311 4249 4248 
8245 4249 4311 4312 
8246 4312 4250 4249 
8247 4250 4312 4313 
8248 4313 4251 4250 
8249 4251 4313 4314 
8250 4314 4252 4251 
8251 4252 4314 4315 
8252 4315 4253 4252 
8253 4253 4315 4316 
8254 4316 4254 4253 
8255 4254 4316 4317 
8256 4317 4255 4254 
8257 4255 4317 4318 
8258 4318 4256 4255 
8259 4256 4318 4319 
8260 4319 4257 4256 
8261 4257 4319 4320 
8262 4320 4258 4257 
8263 4258 4320 4321 
8264 4321 4259 4258 
8265 4259 4321 4322 
8266 4322 4260 4259 
8267 4260 4322 4323 
8268 4323 4261 4260 
8269 4261 4323 4324 
8270 4324 4262 4261 
8271 4262 4324 4325 
8272 4325 4263 4262 
8273 4263 4325 4326 
8274 4326 4264 4263 
8275 4264 4326 4327 
8276 4327 4265 4264 
8277 4265 4327 4328 
8278 4328 4266 4265 
8279 4266 4328 4329 
8280 4329 4267 4266 
8281 4267 4329 4330 
8282 4330 4268 4267 
8283 4268 4330 4331 
8284 4331 4269 4268 
8285 4269 4331 4332 
8286 4332 4270 4269 
8287 4270 4332 4333 
8288 4333 4271 4270 
8289 4271 4333 4334 
8290 4334 4272 4271 
8291 4272 4334 4335 
8292 4335 4273 4272 
8293 4273 4335 4336 
8294 4336 4274 4273 
8295 4274 4336 4337 
8296 4337 4275 4274 
8297 4275 4337 4338 
8298 4338 4276 4275 
8299 4276 4338 4339 
8300 4339 4277 4276 
8301 4277 4339 4340 
8302 4340 4278 4277 
8303 4278 4340 4341 
8304 4341 4279 4278 
8305 4279 4341 4342 
8306 4342 4280 4279 
8307 4280 4342 4343 
8308 4343 4281 4280 
8309 4281 4343 4344 
8310 4344 4282 4281 
8311 4282 4344 4345 
8312 4345 4283 4282 
8313 4283 4345 4346 
8314 4346 4284 4283 
8315 4284 4346 192 
8316 192 191 4284 
8317 68 2 69 
8318 69 4285 68 
8319 4285 69 70 
8320 70 4286 4285 
8321 4286 70 71 
8322 71 4287 4286 
8323 4287 71 72 
8324 72 4288 4287 
8325 4288 72 73 
8326 73 4289 4288 
8327 4289 73 74 
8328 74 4290 4289 
8329 4290 74 75 
8330 75 4291 4290 
8331 4291 75 76 
8332 76 4292 4291 
8333 4292 76 77 
8334 77 4293 4292 
8335 4293 77 78 
8336 78 4294 4293 
8337 4294 78 79 
8338 79 4295 4294 
8339 4295 79 80 
8340 80 4296 4295 
8341 4296 80 81 
8342 81 4297 4296 
8343 4297 81 82 
8344 82 4298 4297 
8345 4298 82 83 
8346 83 4299 4298 
8347 4299 83 84 
8348 84 4300 4299 
8349 4300 84 85 
8350 85 4301 4300 
8351 4301 85 86 
8352 86 4302 4301 
8353 4302 86 87 
8354 87 4303 4302 
8355 4303 87 88 
8356 88 4304 4303 
8357 4304 88 89 
8358 89 4305 4304 
8359 4305 89 90 
8360 90 4306 4305 
8361 4306 90 91 
8362 91 4307 4306 
8363 4307 91 92 
8364 92 4308 4307 
8365 4308 92 93 
8366 93 4309 4308 
8367 4309 93 94 
8368 94 4310 4309 
8369 4310 94 95 
8370 95 4311 4310 
8371 4311 95 96 
8372 96 4312 4311 
8373 4312 96 97 
8374 97 4313 4312 
8375 4313 97 98 
8376 98 4314 4313 
8377 4314 98 99 
8378 99 4315 4314 
8379 4315 99 100 
8380 100 4316 4315 
8381 4316 100 101 
8382 101 4317 4316 
8383 4317 101 102 
8384 102 4318 4317 
8385 4318 102 103 
8386 103 4319 4318 
8387 4319 103 104 
8388 104 4320 4319 
8389 4320 104 105 
8390 105 4321 4320 
8391 4321 105 106 
8392 106 4322 4321 
8393 4322 106 107 
8394 107 4323 4322 
8395 4323 107 108 
8396 108 4324 4323 
8397 4324 108 109 
8398 109 4325 4324 
8399 4325 109 110 
8400 110 4326 4325 
8401 4326 110 111 
8402 111 4327 4326 
8403 4327 111 112 
8404 112 4328 4327 
8405 4328 112 113 
8406 113 4329 4328 
8407 4329 113 114 
8408 114 4330 4329 
8409 4330 114 115 
8410 115 4331 4330 
8411 4331 115 116 
8412 116 4332 4331 
8413 4332 116 117 
8414 117 4333 4332 
8415 4333 117 118 
8416 118 4334 4333 
8417 4334 118 119 
8418 119 4335 4334 
8419 4335 119 120 
8420 120 4336 4335 
8421 4336 120 121 
8422 121 4337 4336 
8423 4337 121 122 
8424 122 4338 4337 
8425 4338 122 123 
8426 123 4339 4338 
8427 4339 123 124 
8428 124 4340 4339 
8429 4340 124 125 
8430 125 4341 4340 
8431 4341 125 126 
8432 126 4342 4341 
8433 4342 126 127 
8434 127 4343 4342 
8435 4343 127 128 
8436 128 4344 4343 
8437 4344 128 129 
8438 129 4345 4344 
8439 4345 129 130 
8440 130 4346 4345 
8441 4346 130 6 
8442 6 192 4346 
2 2 2 7938
8443 5 255 502 
8444 502 255 4347 
8445 502 4347 501 
8446 501 4347 4348 
8447 501 4348 500 
8448 500 4348 4349 
8449 500 4349 499 
8450 499 4349 4350 
8451 499 4350 498 
8452 498 4350 4351 
8453 498 4351 497 
8454 497 4351 4352 
8455 497 4352 496 
8456 496 4352 4353 
8457 496 4353 495 
8458 495 4353 4354 
8459 495 4354 494 
8460 494 4354 4355 
8461 494 4355 493 
8462 493 4355 4356 
8463 493 4356 492 
8464 492 4356 4357 
8465 492 4357 491 
8466 491 4357 4358 
8467 491 4358 490 
8468 490 4358 4359 
8469 490 4359 489 
8470 489 4359 4360 
8471 489 4360 488 
8472 488 4360 4361 
8473 488 4361 487 
8474 487 4361 4362 
8475 487 4362 486 
8476 486 4362 4363 
8477 486 4363 485 
8478 485 4363 4364 
8479 485 4364 484 
8480 484 4364 4365 
8481 484 4365 483 
8482 483 4365 4366 
8483 483 4366 482 
8484 482 4366 4367 
8485 482 4367 481 
8486 481 4367 4368 
8487 481 4368 480 
8488 480 4368 4369 
8489 480 4369 479 
8490 479 4369 4370 
8491 479 4370 478 
8492 478 4370 4371 
8493 478 4371 477 
8494 477 4371 4372 
8495 477 4372 476 
8496 476 4372 4373 
8497 476 4373 475 
8498 475 4373 4374 
8499 475 4374 474 
8500 474 4374 4375 
8501 474 4375 473 
8502 473 4375 4376 
8503 473 4376 472 
8504 472 4376 4377 
8505 472 4377 471 
8506 471 4377 4378 
8507 471 4378 470 
8508 470 4378 4379 
8509 470 4379 469 
8510 469 4379 4380 
8511 469 4380 468 
8512 468 4380 4381 
8513 468 4381 467 
8514 467 4381 4382 
8515 467 4382 466 
8516 466 4382 4383 
8517 466 4383 465 
8518 465 4383 4384 
8519 465 4384 464 
8520 464 4384 4385 
8521 464 4385 463 
8522 463 4385 4386 
8523 463 4386 462 
8524 462 4386 4387 
8525 462 4387 461 
8526 461 4387 4388 
8527 461 4388 460 
8528 460 4388 4389 
8529 460 4389 459 
8530 459 4389 4390 
8531 459 4390 458 
8532 458 4390 4391 
8533 458 4391 457 
8534 457 4391 4392 
8535 457 4392 456 
8536 456 4392 4393 
8537 456 4393 455 
8538 455 4393 4394 
8539 455 4394 454 
8540 454 4394 4395 
8541 454 4395 453 
8542 453 4395 4396 
8543 453 4396 452 
8544 452 4396 4397 
8545 452 4397 451 
8546 451 4397 4398 
8547 451 4398 450 
8548 450 4398 4399 
8549 450 4399 449 
8550 449 4399 4400 
8551 449 4400 448 
8552 448 4400 4401 
8553 448 4401 447 
8554 447 4401 4402 
8555 447 4402 446 
8556 446 4402 4403 
8557 446 4403 445 
8558 445 4403 4404 
8559 445 4404 444 
8560 444 4404 4405 
8561 444 4405 443 
8562 443 4405 4406 
8563 443 4406 442 
8564 442 4406 4407 
8565 442 4407 441 
8566 441 4407 4408 
8567 441 4408 4 
8568 4 4408 440 
8569 255 256 4347 
8570 4347 256 4409 
8571 4347 4409 4348 
8572 4348 4409 4410 
8573 4348 4410 4349 
8574 4349 4410 4411 
8575 4349 4411 4350 
8576 4350 4411 4412 
8577 4350 4412 4351 
8578 4351 4412 4413 
8579 4351 4413 4352 
8580 4352 4413 4414 
8581 4352 4414 4353 
8582 4353 4414 4415 
8583 4353 4415 4354 
8584 4354 4415 4416 
8585 4354 4416 4355 
8586 4355 4416 4417 
8587 4355 4417 4356 
8588 4356 4417 4418 
8589 4356 4418 4357 
8590 4357 4418 4419 
8591 4357 4419 4358 
8592 4358 4419 4420 
8593 4358 4420 4359 
8594 4359 4420 4421 
8595 4359 4421 4360 
8596 4360 4421 4422 
8597 4360 4422 4361 
8598 4361 4422 4423 
8599 4361 4423 4362 
8600 4362 4423 4424 
8601 4362 4424 4363 
8602 4363 4424 4425 
8603 4363 4425 4364 
8604 4364 4425 4426 
8605 4364 4426 4365 
8606 4365 4426 4427 
8607 4365 4427 4366 
8608 4366 4427 4428 
8609 4366 4428 4367 
8610 4367 4428 4429 
8611 4367 4429 4368 
8612 4368 4429 4430 
8613 4368 4430 4369 
8614 4369 4430 4431 
8615 4369 4431 4370 
8616 4370 4431 4432 
8617 4370 4432 4371 
8618 4371 4432 4433 
8619 4371 4433 4372 
8620 4372 4433 4434 
8621 4372 4434 4373 
8622 4373 4434 4435 
8623 4373 4435 4374 
8624 4374 4435 4436 
8625 4374 4436 4375 
8626 4375 4436 4437 
8627 4375 4437 4376 
8628 4376 4437 4438 
8629 4376 4438 4377 
8630 4377 4438 4439 
8631 4377 4439 4378 
8632 4378 4439 4440 
8633 4378 4440 4379 
8634 4379 4440 4441 
8635 4379 4441 4380 
8636 4380 4441 4442 
8637 4380 4442 4381 
8638 4381 4442 4443 
8639 4381 4443 4382 
8640 4382 4443 4444 
8641 4382 4444 4383 
8642 4383 4444 4445 
8643 4383 4445 4384 
8644 4384 4445 4446 
8645 4384 4446 4385 
8646 4385 4446 4447 
8647 4385 4447 4386 
8648 4386 4447 4448 
8649 4386 4448 4387 
8650 4387 4448 4449 
8651 4387 4449 4388 
8652 4388 4449 4450 
8653 4388 4450 4389 
8654 4389 4450 4451 
8655 4389 4451 4390 
8656 4390 4451 4452 
8657 4390 4452 4391 
8658 4391 4452 4453 
8659 4391 4453 4392 
8660 4392 4453 4454 
8661 4392 4454 4393 
8662 4393 4454 4455 
8663 4393 4455 4394 
8664 4394 4455 4456 
8665 4394 4456 4395 
8666 4395 4456 4457 
8667 4395 4457 4396 
8668 4396 4457 4458 
8669 4396 4458 4397 
8670 4397 4458 4459 
8671 4397 4459 4398 
8672 4398 4459 4460 
8673 4398 4460 4399 
8674 4399 4460 4461 
8675 4399 4461 4400 
8676 4400 4461 4462 
8677 4400 4462 4401 
8678 4401 4462 4463 
8679 4401 4463 4402 
8680 4402 4463 4464 
8681 4402 4464 4403 
8682 4403 4464 4465 
8683 4403 4465 4404 
8684 4404 4465 4466 
8685 4404 4466 4405 
8686 4405 4466 4467 
8687 4405 4467 4406 
8688 4406 4467 4468 
8689 4406 4468 4407 
8690 4407 4468 4469 
8691 4407 4469 4408 
8692 4408 4469 4470 
8693 4408 4470 440 
8694 440 4470 439 
8695 256 257 4409 
8696 4409 257 4471 
8697 4409 4471 4410 
8698 4410 4471 4472 
8699 4410 4472 4411 
8700 4411 4472 4473 
8701 4411 4473 4412 
8702 4412 4473 4474 
8703 4412 4474 4413 
8704 4413 4474 4475 
8705 4413 4475 4414 
8706 4414 4475 4476 
8707 4414 4476 4415 
8708 4415 4476 4477 
8709 4415 4477 4416 
8710 4416 4477 4478 
8711 4416 4478 4417 
8712 4417 4478 4479 
8713 4417 4479 4418 
8714 4418 4479 4480 
8715 4418 4480 4419 
8716 4419 4480 4481 
8717 4419 4481 4420 
8718 4420 4481 4482 
8719 4420 4482 4421 
8720 4421 4482 4483 
8721 4421 4483 4422 
8722 4422 4483 4484 
8723 4422 4484 4423 
8724 4423 4484 4485 
8725 4423 4485 4424 
8726 4424 4485 4486 
8727 4424 4486 4425 
8728 4425 4486 4487 
8729 4425 4487 4426 
8730 4426 4487 4488 
8731 4426 4488 4427 
8732 4427 4488 4489 
8733 4427 4489 4428 
8734 4428 4489 4490 
8735 4428 4490 4429 
8736 4429 4490 4491 
8737 4429 4491 4430 
8738 4430 4491 4492 
8739 4430 4492 4431 
8740 4431 4492 4493 
8741 4431 4493 4432 
8742 4432 4493 4494 
8743 4432 4494 4433 
8744 4433 4494 4495 
8745 4433 4495 4434 
8746 4434 4495 4496 
8747 4434 4496 4435 
8748 4435 4496 4497 
8749 4435 4497 4436 
8750 4436 4497 4498 
8751 4436 4498 4437 
8752 4437 4498 4499 
8753 4437 4499 4438 
8754 4438 4499 4500 
8755 4438 4500 4439 
8756 4439 4500 4501 
8757 4439 4501 4440 
8758 4440 4501 4502 
8759 4440 4502 4441 
8760 4441 4502 4503 
8761 4441 4503 4442 
8762 4442 4503 4504 
8763 4442 4504 4443 
8764 4443 4504 4505 
8765 4443 4505 4444 
8766 4444 4505 4506 
8767 4444 4506 4445 
8768 4445 4506 4507 
8769 4445 4507 4446 
8770 4446 4507 4508 
8771 4446 4508 4447 
8772 4447 4508 4509 
8773 4447 4509 4448 
8774 4448 4509 4510 
8775 4448 4510 4449 
8776 4449 4510 4511 
8777 4449 4511 4450 
8778 4450 4511 4512 
8779 4450 4512 4451 
8780 4451 4512 4513 
8781 4451 4513 4452 
8782 4452 4513 4514 
8783 4452 4514 4453 
8784 4453 4514 4515 
8785 4453 4515 4454 
8786 4454 4515 4516 
8787 4454 4516 4455 
8788 4455 4516 4517 
8789 4455 4517 4456 
8790 4456 4517 4518 
8791 4456 4518 4457 
8792 4457 4518 4519 
8793 4457 4519 4458 
8794 4458 4519 4520 
8795 4458 4520 4459 
8796 4459 4520 4521 
8797 4459 4521 4460 
8798 4460 4521 4522 
8799 4460 4522 4461 
8800 4461 4522 4523 
8801 4461 4523 4462 
8802 4462 4523 4524 
8803 4462 4524 4463 
8804 4463 4524 4525 
8805 4463 4525 4464 
8806 4464 4525 4526 
8807 4464 4526 4465 
8808 4465 4526 4527 
8809 4465 4527 4466 
8810 4466 4527 4528 
8811 4466 4528 4467 
8812 4467 4528 4529 
8813 4467 4529 4468 
8814 4468 4529 4530 
8815 4468 4530 4469 
8816 4469 4530 4531 
8817 4469 4531 4470 
8818 4470 4531 4532 
8819 4470 4532 439 
8820 439 4532 438 
8821 257 258 4471 
8822 4471 258 4533 
8823 4471 4533 4472 
8824 4472 4533 4534 
8825 4472 4534 4473 
8826 4473 4534 4535 
8827 4473 4535 4474 
8828 4474 4535 4536 
8829 4474 4536 4475 
8830 4475 4536 4537 
8831 4475 4537 4476 
8832 4476 4537 4538 
8833 4476 4538 4477 
8834 4477 4538 4539 
8835 4477 4539 4478 
8836 4478 4539 4540 
8837 4478 4540 4479 
8838 4479 4540 4541 
8839 4479 4541 4480 
8840 4480 4541 4542 
8841 4480 4542 4481 
8842 4481 4542 4543 
8843 4481 4543 4482 
8844 4482 4543 4544 
8845 4482 4544 4483 
8846 4483 4544 4545 
8847 4483 4545 4484 
8848 4484 4545 4546 
8849 4484 4546 4485 
8850 4485 4546 4547 
8851 4485 4547 4486 
8852 4486 4547 4548 
8853 4486 4548 4487 
8854 4487 4548 4549 
8855 4487 4549 4488 
8856 4488 4549 4550 
8857 4488 4550 4489 
8858 4489 4550 4551 
8859 4489 4551 4490 
8860 4490 4551 4552 
8861 4490 4552 4491 
8862 4491 4552 4553 
8863 4491 4553 4492 
8864 4492 4553 4554 
8865 4492 4554 4493 
8866 4493 4554 4555 
8867 4493 4555 4494 
8868 4494 4555 4556 
8869 4494 4556 4495 
8870 4495 4556 4557 
8871 4495 4557 4496 
8872 4496 4557 4558 
8873 4496 4558 4497 
8874 4497 4558 4559 
8875 4497 4559 4498 
8876 4498 4559 4560 
8877 4498 4560 4499 
8878 4499 4560 4561 
8879 4499 4561 4500 
8880 4500 4561 4562 
8881 4500 4562 4501 
8882 4501 4562 4563 
8883 4501 4563 4502 
8884 4502 4563 4564 
8885 4502 4564 4503 
8886 4503 4564 4565 
8887 4503 4565 4504 
8888 4504 4565 4566 
8889 4504 4566 4505 
8890 4505 4566 4567 
8891 4505 4567 4506 
8892 4506 4567 4568 
8893 4506 4568 4507 
8894 4507 4568 4569 
8895 4507 4569 4508 
8896 4508 4569 4570 
8897 4508 4570 4509 
8898 4509 4570 4571 
8899 4509 4571 4510 
8900 4510 4571 4572 
8901 4510 4572 4511 
8902 4511 4572 4573 
8903 4511 4573 4512 
8904 4512 4573 4574 
8905 4512 4574 4513 
8906 4513 4574 4575 
8907 4513 4575 4514 
8908 4514 4575 4576 
8909 4514 4576 4515 
8910 4515 4576 4577 
8911 4515 4577 4516 
8912 4516 4577 4578 
8913 4516 4578 4517 
8914 4517 4578 4579 
8915 4517 4579 4518 
8916 4518 4579 4580 
8917 4518 4580 4519 
8918 4519 4580 4581 
8919 4519 4581 4520 
8920 4520 4581 4582 
8921 4520 4582 4521 
8922 4521 4582 4583 
8923 4521 4583 4522 
8924 4522 4583 4584 
8925 4522 4584 4523 
8926 4523 4584 4585 
8927 4523 4585 4524 
8928 4524 4585 4586 
8929 4524 4586 4525 
8930 4525 4586 4587 
8931 4525 4587 4526 
8932 4526 4587 4588 
8933 4526 4588 4527 
8934 4527 4588 4589 
8935 4527 4589 4528 
8936 4528 4589 4590 
8937 4528 4590 4529 
8938 4529 4590 4591 
8939 4529 4591 4530 
8940 4530 4591 4592 
8941 4530 4592 4531 
8942 4531 4592 4593 
8943 4531 4593 4532 
8944 4532 4593 4594 
8945 4532 4594 438 
8946 438 4594 437 
8947 258 259 4533 
8948 4533 259 4595 
8949 4533 4595 4534 
8950 4534 4595 4596 
8951 4534 4596 4535 
8952 4535 4596 4597 
8953 4535 4597 4536 
8954 4536 4597 4598 
8955 4536 4598 4537 
8956 4537 4598 4599 
8957 4537 4599 4538 
8958 4538 4599 4600 
8959 4538 4600 4539 
8960 4539 4600 4601 
8961 4539 4601 4540 
8962 4540 4601 4602 
8963 4540 4602 4541 
8964 4541 4602 4603 
8965 4541 4603 4542 
8966 4542 4603 4604 
8967 4542 4604 4543 
8968 4543 4604 4605 
8969 4543 4605 4544 
8970 4544 4605 4606 
8971 4544 4606 4545 
8972 4545 4606 4607 
8973 4545 4607 4546 
8974 4546 4607 4608 
8975 4546 4608 4547 
8976 4547 4608 4609 
8977 4547 4609 4548 
8978 4548 4609 4610 
8979 4548 4610 4549 
8980 4549 4610 4611 
8981 4549 4611 4550 
8982 4550 4611 4612 
8983 4550 4612 4551 
8984 4551 4612 4613 
8985 4551 4613 4552 
8986 4552 4613 4614 
8987 4552 4614 4553 
8988 4553 4614 4615 
8989 4553 4615 4554 
8990 4554 4615 4616 
8991 4554 4616 4555 
8992 4555 4616 4617 
8993 4555 4617 4556 
8994 4556 4617 4618 
8995 4556 4618 4557 
8996 4557 4618 4619 
8997 4557 4619 4558 
8998 4558 4619 4620 
8999 4558 4620 4559 
9000 4559 4620 4621 
9001 4559 4621 4560 
9002 4560 4621 4622 
9003 4560 4622 4561 
9004 4561 4622 4623 
9005 4561 4623 4562 
9006 4562 4623 4624 
9007 4562 4624 4563 
9008 4563 4624 4625 
9009 4563 4625 4564 
9010 4564 4625 4626 
9011 4564 4626 4565 
9012 4565 4626 4627 
9013 4565 4627 4566 
9014 4566 4627 4628 
9015 4566 4628 4567 
9016 4567 4628 4629 
9017 4567 4629 4568 
9018 4568 4629 4630 
9019 4568 4630 4569 
9020 4569 4630 4631 
9021 4569 4631 4570 
9022 4570 4631 4632 
9023 4570 4632 4571 
9024 4571 4632 4633 
9025 4571 4633 4572 
9026 4572 4633 4634 
9027 4572 4634 4573 
9028 4573 4634 4635 
9029 4573 4635 4574 
9030 4574 4635 4636 
9031 4574 4636 4575 
9032 4575 4636 4637 
9033 4575 4637 4576 
9034 4576 4637 4638 
9035 4576 4638 4577 
9036 4577 4638 4639 
9037 4577 4639 4578 
9038 4578 4639 4640 
9039 4578 4640 4579 
9040 4579 4640 4641 
9041 4579 4641 4580 
9042 4580 4641 4642 
9043 4580 4642 4581 
9044 4581 4642 4643 
9045 4581 4643 4582 
9046 4582 4643 4644 
9047 4582 4644 4583 
9048 4583 4644 4645 
9049 4583 4645 4584 
9050 4584 4645 4646 
9051 4584 4646 4585 
9052 4585 4646 4647 
9053 4585 4647 4586 
9054 4586 4647 4648 
9055 4586 4648 4587 
9056 4587 4648 4649 
9057 4587 4649 4588 
9058 4588 4649 4650 
9059 4588 4650 4589 
9060 4589 4650 4651 
9061 4589 4651 4590 
9062 4590 4651 4652 
9063 4590 4652 4591 
9064 4591 4652 4653 
9065 4591 4653 4592 
9066 4592 4653 4654 
9067 4592 4654 4593 
9068 4593 4654 4655 
9069 4593 4655 4594 
9070 4594 4655 4656 
9071 4594 4656 437 
9072 437 4656 436 
9073 259 260 4595 
9074 4595 260 4657 
9075 4595 4657 4596 
9076 4596 4657 4658 
9077 4596 4658 4597 
9078 4597 4658 4659 
9079 4597 4659 4598 
9080 4598 4659 4660 
9081 4598 4660 4599 
9082 4599 4660 4661 
9083 4599 4661 4600 
9084 4600 4661 4662 
9085 4600 4662 4601 
9086 4601 4662 4663 
9087 4601 4663 4602 
9088 4602 4663 4664 
9089 4602 4664 4603 
9090 4603 4664 4665 
9091 4603 4665 4604 
9092 4604 4665 4666 
9093 4604 4666 4605 
9094 4605 4666 4667 
9095 4605 4667 4606 
9096 4606 4667 4668 
9097 4606 4668 4607 
9098 4607 4668 4669 
9099 4607 4669 4608 
9100 4608 4669 4670 
9101 4608 4670 4609 
9102 4609 4670 4671 
9103 4609 4671 4610 
9104 4610 4671 4672 
9105 4610 4672 4611 
9106 4611 4672 4673 
9107 4611 4673 4612 
9108 4612 4673 4674 
9109 4612 4674 4613 
9110 4613 4674 4675 
9111 4613 4675 4614 
9112 4614 4675 4676 
9113 4614 4676 4615 
9114 4615 4676 4677 
9115 4615 4677 4616 
9116 4616 4677 4678 
9117 4616 4678 4617 
9118 4617 4678 4679 
9119 4617 4679 4618 
9120 4618 4679 4680 
9121 4618 4680 4619 
9122 4619 4680 4681 
9123 4619 4681 4620 
9124 4620 4681 4682 
9125 4620 4682 4621 
9126 4621 4682 4683 
9127 4621 4683 4622 
9128 4622 4683 4684 
9129 4622 4684 4623 
9130 4623 4684 4685 
9131 4623 4685 4624 
9132 4624 4685 4686 
9133 4624 4686 4625 
9134 4625 4686 4687 
9135 4625 4687 4626 
9136 4626 4687 4688 
9137 4626 4688 4627 
9138 4627 4688 4689 
9139 4627 4689 4628 
9140 4628 4689 4690 
9141 4628 4690 4629 
9142 4629 4690 4691 
9143 4629 4691 4630 
9144 4630 4691 4692 
9145 4630 4692 4631 
9146 4631 4692 4693 
9147 4631 4693 4632 
9148 4632 4693 4694 
9149 4632 4694 4633 
9150 4633 4694 4695 
9151 4633 4695 4634 
9152 4634 4695 4696 
9153 4634 4696 4635 
9154 4635 4696 4697 
9155 4635 4697 4636 
9156 4636 4697 4698 
9157 4636 4698 4637 
9158 4637 4698 4699 
9159 4637 4699 4638 
9160 4638 4699 4700 
9161 4638 4700 4639 
9162 4639 4700 4701 
9163 4639 4701 4640 
9164 4640 4701 4702 
9165 4640 4702 4641 
9166 4641 4702 4703 
9167 4641 4703 4642 
9168 4642 4703 4704 
9169 4642 4704 4643 
9170 4643 4704 4705 
9171 4643 4705 4644 
9172 4644 4705 4706 
9173 4644 4706 4645 
9174 4645 4706 4707 
9175 4645 4707 4646 
9176 4646 4707 4708 
9177 4646 4708 4647 
9178 4647 4708 4709 
9179 4647 4709 4648 
9180 4648 4709 4710 
9181 4648 4710 4649 
9182 4649 4710 4711 
9183 4649 4711 4650 
9184 4650 4711 4712 
9185 4650 4712 4651 
9186 4651 4712 4713 
9187 4651 4713 4652 
9188 4652 4713 4714 
9189 4652 4714 4653 
9190 4653 4714 4715 
9191 4653 4715 4654 
9192 4654 4715 4716 
9193 4654 4716 4655 
9194 4655 4716 4717 
9195 4655 4717 4656 
9196 4656 4717 4718 
9197 4656 4718 436 
9198 436 4718 435 
9199 260 261 4657 
9200 4657 261 4719 
9201 4657 4719 4658 
9202 4658 4719 4720 
9203 4658 4720 4659 
9204 4659 4720 4721 
9205 4659 4721 4660 
9206 4660 4721 4722 
9207 4660 4722 4661 
9208 4661 4722 4723 
9209 4661 4723 4662 
9210 4662 4723 4724 
9211 4662 4724 4663 
9212 4663 4724 4725 
9213 4663 4725 4664 
9214 4664 4725 4726 
9215 4664 4726 4665 
9216 4665 4726 4727 
9217 4665 4727 4666 
9218 4666 4727 4728 
9219 4666 4728 4667 
9220 4667 4728 4729 
9221 4667 4729 4668 
9222 4668 4729 4730 
9223 4668 4730 4669 
9224 4669 4730 4731 
9225 4669 4731 4670 
9226 4670 4731 4732 
9227 4670 4732 4671 
9228 4671 4732 4733 
9229 4671 4733 4672 
9230 4672 4733 4734 
9231 4672 4734 4673 
9232 4673 4734 4735 
9233 4673 4735 4674 
9234 4674 4735 4736 
9235 4674 4736 4675 
9236 4675 4736 4737 
9237 4675 4737 4676 
9238 4676 4737 4738 
9239 4676 4738 4677 
9240 4677 4738 4739 
9241 4677 4739 4678 
9242 4678 4739 4740 
9243 4678 4740 4679 
9244 4679 4740 4741 
9245 4679 4741 4680 
9246 4680 4741 4742 
9247 4680 4742 4681 
9248 4681 4742 4743 
9249 4681 4743 4682 
9250 4682 4743 4744 
9251 4682 4744 4683 
9252 4683 4744 4745 
9253 4683 4745 4684 
9254 4684 4745 4746 
9255 4684 4746 4685 
9256 4685 4746 4747 
9257 4685 4747 4686 
9258 4686 4747 4748 
9259 4686 4748 4687 
9260 4687 4748 4749 
9261 4687 4749 4688 
9262 4688 4749 4750 
9263 4688 4750 4689 
9264 4689 4750 4751 
9265 4689 4751 4690 
9266 4690 4751 4752 
9267 4690 4752 4691 
9268 4691 4752 4753 
9269 4691 4753 4692 
9270 4692 4753 4754 
9271 4692 4754 4693 
9272 4693 4754 4755 
9273 4693 4755 4694 
9274 4694 4755 4756 
9275 4694 4756 4695 
9276 4695 4756 4757 
9277 4695 4757 4696 
9278 4696 4757 4758 
9279 4696 4758 4697 
9280 4697 4758 4759 
9281 4697 4759 4698 
9282 4698 4759 4760 
9283 4698 4760 4699 
9284 4699 4760 4761 
9285 4699 4761 4700 
9286 4700 4761 4762 
9287 4700 4762 4701 
9288 4701 4762 4763 
9289 4701 4763 4702 
9290 4702 4763 4764 
9291 4702 4764 4703 
9292 4703 4764 4765 
9293 4703 4765 4704 
9294 4704 4765 4766 
9295 4704 4766 4705 
9296 4705 4766 4767 
9297 4705 4767 4706 
9298 4706 4767 4768 
9299 4706 4768 4707 
9300 4707 4768 4769 
9301 4707 4769 4708 
9302 4708 4769 4770 
9303 4708 4770 4709 
9304 4709 4770 4771 
9305 4709 4771 4710 
9306 4710 4771 4772 
9307 4710 4772 4711 
9308 4711 4772 4773 
9309 4711 4773 4712 
9310 4712 4773 4774 
9311 4712 4774 4713 
9312 4713 4774 4775 
9313 4713 4775 4714 
9314 4714 4775 4776 
9315 4714 4776 4715 
9316 4715 4776 4777 
9317 4715 4777 4716 
9318 4716 4777 4778 
9319 4716 4778 4717 
9320 4717 4778 4779 
9321 4717 4779 4718 
9322 4718 4779 4780 
9323 4718 4780 435 
9324 435 4780 434 
9325 261 262 4719 
9326 4719 262 4781 
9327 4719 4781 4720 
9328 4720 4781 4782 
9329 4720 4782 4721 
9330 4721 4782 4783 
9331 4721 4783 4722 
9332 4722 4783 4784 
9333 4722 4784 4723 
9334 4723 4784 4785 
9335 4723 4785 4724 
9336 4724 4785 4786 
9337 4724 4786 4725 
9338 4725 4786 4787 
9339 4725 4787 4726 
9340 4726 4787 4788 
9341 4726 4788 4727 
9342 4727 4788 4789 
9343 4727 4789 4728 
9344 4728 4789 4790 
9345 4728 4790 4729 
9346 4729 4790 4791 
9347 4729 4791 4730 
9348 4730 4791 4792 
9349 4730 4792 4731 
9350 4731 4792 4793 
9351 4731 4793 4732 
9352 4732 4793 4794 
9353 4732 4794 4733 
9354 4733 4794 4795 
9355 4733 4795 4734 
9356 4734 4795 4796 
9357 4734 4796 4735 
9358 4735 4796 4797 
9359 4735 4797 4736 
9360 4736 4797 4798 
9361 4736 4798 4737 
9362 4737 4798 4799 
9363 4737 4799 4738 
9364 4738 4799 4800 
9365 4738 4800 4739 
9366 4739 4800 4801 
9367 4739 4801 4740 
9368 4740 4801 4802 
9369 4740 4802 4741 
9370 4741 4802 4803 
9371 4741 4803 4742 
9372 4742 4803 4804 
9373 4742 4804 4743 
9374 4743 4804 4805 
9375 4743 4805 4744 
9376 4744 4805 4806 
9377 4744 4806 4745 
9378 4745 4806 4807 
9379 4745 4807 4746 
9380 4746 4807 4808 
9381 4746 4808 4747 
9382 4747 4808 4809 
9383 4747 4809 4748 
9384 4748 4809 4810 
9385 4748 4810 4749 
9386 4749 4810 4811 
9387 4749 4811 4750 
9388 4750 4811 4812 
9389 4750 4812 4751 
9390 4751 4812 4813 
9391 4751 4813 4752 
9392 4752 4813 4814 
9393 4752 4814 4753 
9394 4753 4814 4815 
9395 4753 4815 4754 
9396 4754 4815 4816 
9397 4754 4816 4755 
9398 4755 4816 4817 
9399 4755 4817 4756 
9400 4756 4817 4818 
9401 4756 4818 4757 
9402 4757 4818 4819 
9403 4757 4819 4758 
9404 4758 4819 4820 
9405 4758 4820 4759 
9406 4759 4820 4821 
9407 4759 4821 4760 
9408 4760 4821 4822 
9409 4760 4822 4761 
9410 4761 4822 4823 
9411 4761 4823 4762 
9412 4762 4823 4824 
9413 4762 4824 4763 
9414 4763 4824 4825 
9415 4763 4825 4764 
9416 4764 4825 4826 
9417 4764 4826 4765 
9418 4765 4826 4827 
9419 4765 4827 4766 
9420 4766 4827 4828 
9421 4766 4828 4767 
9422 4767 4828 4829 
9423 4767 4829 4768 
9424 4768 4829 4830 
9425 4768 4830 4769 
9426 4769 4830 4831 
9427 4769 4831 4770 
9428 4770 4831 4832 
9429 4770 4832 4771 
9430 4771 4832 4833 
9431 4771 4833 4772 
9432 4772 4833 4834 
9433 4772 4834 4773 
9434 4773 4834 4835 
9435 4773 4835 4774 
9436 4774 4835 4836 
9437 4774 4836 4775 
9438 4775 4836 4837 
9439 4775 4837 4776 
9440 4776 4837 4838 
9441 4776 4838 4777 
9442 4777 4838 4839 
9443 4777 4839 4778 
9444 4778 4839 4840 
9445 4778 4840 4779 
9446 4779 4840 4841 
9447 4779 4841 4780 
9448 4780 4841 4842 
9449 4780 4842 434 
9450 434 4842 433 
9451 262 263 4781 
9452 4781 263 4843 
9453 4781 4843 4782 
9454 4782 4843 4844 
9455 4782 4844 4783 
9456 4783 4844 4845 
9457 4783 4845 4784 
9458 4784 4845 4846 
9459 4784 4846 4785 
9460 4785 4846 4847 
9461 4785 4847 4786 
9462 4786 4847 4848 
9463 4786 4848 4787 
9464 4787 4848 4849 
9465 4787 4849 4788 
9466 4788 4849 4850 
9467 4788 4850 4789 
9468 4789 4850 4851 
9469 4789 4851 4790 
9470 4790 4851 4852 
9471 4790 4852 4791 
9472 4791 4852 4853 
9473 4791 4853 4792 
9474 4792 4853 4854 
9475 4792 4854 4793 
9476 4793 4854 4855 
9477 4793 4855 4794 
9478 4794 4855 4856 
9479 4794 4856 4795 
9480 4795 4856 4857 
9481 4795 4857 4796 
9482 4796 4857 4858 
9483 4796 4858 4797 
9484 4797 4858 4859 
9485 4797 4859 4798 
9486 4798 4859 4860 
9487 4798 4860 4799 
9488 4799 4860 4861 
9489 4799 4861 4800 
9490 4800 4861 4862 
9491 4800 4862 4801 
9492 4801 4862 4863 
9493 4801 4863 4802 
9494 4802 4863 4864 
9495 4802 4864 4803 
9496 4803 4864 4865 
9497 4803 4865 4804 
9498 4804 4865 4866 
9499 4804 4866 4805 
9500 4805 4866 4867 
9501 4805 4867 4806 
9502 4806 4867 4868 
9503 4806 4868 4807 
9504 4807 4868 4869 
9505 4807 4869 4808 
9506 4808 4869 4870 
9507 4808 4870 4809 
9508 4809 4870 4871 
9509 4809 4871 4810 
9510 4810 4871 4872 
9511 4810 4872 4811 
9512 4811 4872 4873 
9513 4811 4873 4812 
9514 4812 4873 4874 
9515 4812 4874 4813 
9516 4813 4874 4875 
9517 4813 4875 4814 
9518 4814 4875 4876 
9519 4814 4876 4815 
9520 4815 4876 4877 
9521 4815 4877 4816 
9522 4816 4877 4878 
9523 4816 4878 4817 
9524 4817 4878 4879 
9525 4817 4879 4818 
9526 4818 4879 4880 
9527 4818 4880 4819 
9528 4819 4880 4881 
9529 4819 4881 4820 
9530 4820 4881 4882 
9531 4820 4882 4821 
9532 4821 4882 4883 
9533 4821 4883 4822 
9534 4822 4883 4884 
9535 4822 4884 4823 
9536 4823 4884 4885 
9537 4823 4885 4824 
9538 4824 4885 4886 
9539 4824 4886 4825 
9540 4825 4886 4887 
9541 4825 4887 4826 
9542 4826 4887 4888 
9543 4826 4888 4827 
9544 4827 4888 4889 
9545 4827 4889 4828 
9546 4828 4889 4890 
9547 4828 4890 4829 
9548 4829 4890 4891 
9549 4829 4891 4830 
9550 4830 4891 4892 
9551 4830 4892 4831 
9552 4831 4892 4893 
9553 4831 4893 4832 
9554 4832 4893 4894 
9555 4832 4894 4833 
9556 4833 4894 4895 
9557 4833 4895 4834 
9558 4834 4895 4896 
9559 4834 4896 4835 
9560 4835 4896 4897 
9561 4835 4897 4836 
9562 4836 4897 4898 
9563 4836 4898 4837 
9564 4837 4898 4899 
9565 4837 4899 4838 
9566 4838 4899 4900 
9567 4838 4900 4839 
9568 4839 4900 4901 
9569 4839 4901 4840 
9570 4840 4901 4902 
9571 4840 4902 4841 
9572 4841 4902 4903 
9573 4841 4903 4842 
9574 4842 4903 4904 
9575 4842 4904 433 
9576 433 4904 432 
9577 263 264 4843 
9578 4843 264 4905 
9579 4843 4905 4844 
9580 4844 4905 4906 
9581 4844 4906 4845 
9582 4845 4906 4907 
9583 4845 4907 4846 
9584 4846 4907 4908 
9585 4846 4908 4847 
9586 4847 4908 4909 
9587 4847 4909 4848 
9588 4848 4909 4910 
9589 4848 4910 4849 
9590 4849 4910 4911 
9591 4849 4911 4850 
9592 4850 4911 4912 
9593 4850 4912 4851 
9594 4851 4912 4913 
9595 4851 4913 4852 
9596 4852 4913 4914 
9597 4852 4914 4853 
9598 4853 4914 4915 
9599 4853 4915 4854 
9600 4854 4915 4916 
9601 4854 4916 4855 
9602 4855 4916 4917 
9603 4855 4917 4856 
9604 4856 4917 4918 
9605 4856 4918 4857 
9606 4857 4918 4919 
9607 4857 4919 4858 
9608 4858 4919 4920 
9609 4858 4920 4859 
9610 4859 4920 4921 
9611 4859 4921 4860 
9612 4860 4921 4922 
9613 4860 4922 4861 
9614 4861 4922 4923 
9615 4861 4923 4862 
9616 4862 4923 4924 
9617 4862 4924 4863 
9618 4863 4924 4925 
9619 4863 4925 4864 
9620 4864 4925 4926 
9621 4864 4926 4865 
9622 4865 4926 4927 
9623 4865 4927 4866 
9624 4866 4927 4928 
9625 4866 4928 4867 
9626 4867 4928 4929 
9627 4867 4929 4868 
9628 4868 4929 4930 
9629 4868 4930 4869 
9630 4869 4930 4931 
9631 4869 4931 4870 
9632 4870 4931 4932 
9633 4870 4932 4871 
9634 4871 4932 4933 
9635 4871 4933 4872 
9636 4872 4933 4934 
9637 4872 4934 4873 
9638 4873 4934 4935 
9639 4873 4935 4874 
9640 4874 4935 4936 
9641 4874 4936 4875 
9642 4875 4936 4937 
9643 4875 4937 4876 
9644 4876 4937 4938 
9645 4876 4938 4877 
9646 4877 4938 4939 
9647 4877 4939 4878 
9648 4878 4939 4940 
9649 4878 4940 4879 
9650 4879 4940 4941 
9651 4879 4941 4880 
9652 4880 4941 4942 
9653 4880 4942 4881 
9654 4881 4942 4943 
9655 4881 4943 4882 
9656 4882 4943 4944 
9657 4882 4944 4883 
9658 4883 4944 4945 
9659 4883 4945 4884 
9660 4884 4945 4946 
9661 4884 4946 4885 
9662 4885 4946 4947 
9663 4885 4947 4886 
9664 4886 4947 4948 
9665 4886 4948 4887 
9666 4887 4948 4949 
9667 4887 4949 4888 
9668 4888 4949 4950 
9669 4888 4950 4889 
9670 4889 4950 4951 
9671 4889 4951 4890 
9672 4890 4951 4952 
9673 4890 4952 4891 
9674 4891 4952 4953 
9675 4891 4953 4892 
9676 4892 4953 4954 
9677 4892 4954 4893 
9678 4893 4954 4955 
9679 4893 4955 4894 
9680 4894 4955 4956 
9681 4894 4956 4895 
9682 4895 4956 4957 
9683 4895 4957 4896 
9684 4896 4957 4958 
9685 4896 4958 4897 
9686 4897 4958 4959 
9687 4897 4959 4898 
9688 4898 4959 4960 
9689 4898 4960 4899 
9690 4899 4960 4961 
9691 4899 4961 4900 
9692 4900 4961 4962 
9693 4900 4962 4901 
9694 4901 4962 4963 
9695 4901 4963 4902 
9696 4902 4963 4964 
9697 4902 4964 4903 
9698 4903 4964 4965 
9699 4903 4965 4904 
9700 4904 4965 4966 
9701 4904 4966 432 
9702 432 4966 431 
9703 264 265 4905 
9704 4905 265 4967 
9705 4905 4967 4906 
9706 4906 4967 4968 
9707 4906 4968 4907 
9708 4907 4968 4969 
9709 4907 4969 4908 
9710 4908 4969 4970 
9711 4908 4970 4909 
9712 4909 4970 4971 
9713 4909 4971 4910 
9714 4910 4971 4972 
9715 4910 4972 4911 
9716 4911 4972 4973 
9717 4911 4973 4912 
9718 4912 4973 4974 
9719 4912 4974 4913 
9720 4913 4974 4975 
9721 4913 4975 4914 
9722 4914 4975 4976 
9723 4914 4976 4915 
9724 4915 4976 4977 
9725 4915 4977 4916 
9726 4916 4977 4978 
9727 4916 4978 4917 
9728 4917 4978 4979 
9729 4917 4979 4918 
9730 4918 4979 4980 
9731 4918 4980 4919 
9732 4919 4980 4981 
9733 4919 4981 4920 
9734 4920 4981 4982 
9735 4920 4982 4921 
9736 4921 4982 4983 
9737 4921 4983 4922 
9738 4922 4983 4984 
9739 4922 4984 4923 
9740 4923 4984 4985 
9741 4923 4985 4924 
9742 4924 4985 4986 
9743 4924 4986 4925 
9744 4925 4986 4987 
9745 4925 4987 4926 
9746 4926 4987 4988 
9747 4926 4988 4927 
9748 4927 4988 4989 
9749 4927 4989 4928 
9750 4928 4989 4990 
9751 4928 4990 4929 
9752 4929 4990 4991 
9753 4929 4991 4930 
9754 4930 4991 4992 
9755 4930 4992 4931 
9756 4931 4992 4993 
9757 4931 4993 4932 
9758 4932 4993 4994 
9759 4932 4994 4933 
9760 4933 4994 4995 
9761 4933 4995 4934 
9762 4934 4995 4996 
9763 4934 4996 4935 
9764 4935 4996 4997 
9765 4935 4997 4936 
9766 4936 4997 4998 
9767 4936 4998 4937 
9768 4937 4998 4999 
9769 4937 4999 4938 
9770 4938 4999 5000 
9771 4938 5000 4939 
9772 4939 5000 5001 
9773 4939 5001 4940 
9774 4940 5001 5002 
9775 4940 5002 4941 
9776 4941 5002 5003 
9777 4941 5003 4942 
9778 4942 5003 5004 
9779 4942 5004 4943 
9780 4943 5004 5005 
9781 4943 5005 4944 
9782 4944 5005 5006 
9783 4944 5006 4945 
9784 4945 5006 5007 
9785 4945 5007 4946 
9786 4946 5007 5008 
9787 4946 5008 4947 
9788 4947 5008 5009 
9789 4947 5009 4948 
9790 4948 5009 5010 
9791 4948 5010 4949 
9792 4949 5010 5011 
9793 4949 5011 4950 
9794 4950 5011 5012 
9795 4950 5012 4951 
9796 4951 5012 5013 
9797 4951 5013 4952 
9798 4952 5013 5014 
9799 4952 5014 4953 
9800 4953 5014 5015 
9801 4953 5015 4954 
9802 4954 5015 5016 
9803 4954 5016 4955 
9804 4955 5016 5017 
9805 4955 5017 4956 
9806 4956 5017 5018 
9807 4956 5018 4957 
9808 4957 5018 5019 
9809 4957 5019 4958 
9810 4958 5019 5020 
9811 4958 5020 4959 
9812 4959 5020 5021 
9813 4959 5021 4960 
9814 4960 5021 5022 
9815 4960 5022 4961 
9816 4961 5022 5023 
9817 4961 5023 4962 
9818 4962 5023 5024 
9819 4962 5024 4963 
9820 4963 5024 5025 
9821 4963 5025 4964 
9822 4964 5025 5026 
9823 4964 5026 4965 
9824 4965 5026 5027 
9825 4965 5027 4966 
9826 4966 5027 5028 
9827 4966 5028 431 
9828 431 5028 430 
9829 265 266 4967 
9830 4967 266 5029 
9831 4967 5029 4968 
9832 4968 5029 5030 
9833 4968 5030 4969 
9834 4969 5030 5031 
9835 4969 5031 4970 
9836 4970 5031 5032 
9837 4970 5032 4971 
9838 4971 5032 5033 
9839 4971 5033 4972 
9840 4972 5033 5034 
9841 4972 5034 4973 
9842 4973 5034 5035 
9843 4973 5035 4974 
9844 4974 5035 5036 
9845 4974 5036 4975 
9846 4975 5036 5037 
9847 4975 5037 4976 
9848 4976 5037 5038 
9849 4976 5038 4977 
9850 4977 5038 5039 
9851 4977 5039 4978 
9852 4978 5039 5040 
9853 4978 5040 4979 
9854 4979 5040 5041 
9855 4979 5041 4980 
9856 4980 5041 5042 
9857 4980 5042 4981 
9858 4981 5042 5043 
9859 4981 5043 4982 
9860 4982 5043 5044 
9861 4982 5044 4983 
9862 4983 5044 5045 
9863 4983 5045 4984 
9864 4984 5045 5046 
9865 4984 5046 4985 
9866 4985 5046 5047 
9867 4985 5047 4986 
9868 4986 5047 5048 
9869 4986 5048 4987 
9870 4987 5048 5049 
9871 4987 5049 4988 
9872 4988 5049 5050 
9873 4988 5050 4989 
9874 4989 5050 5051 
9875 4989 5051 4990 
9876 4990 5051 5052 
9877 4990 5052 4991 
9878 4991 5052 5053 
9879 4991 5053 4992 
9880 4992 5053 5054 
9881 4992 5054 4993 
9882 4993 5054 5055 
9883 4993 5055 4994 
9884 4994 5055 5056 
9885 4994 5056 4995 
9886 4995 5056 5057 
9887 4995 5057 4996 
9888 4996 5057 5058 
9889 4996 5058 4997 
9890 4997 5058 5059 
9891 4997 5059 4998 
9892 4998 5059 5060 
9893 4998 5060 4999 
9894 4999 5060 5061 
9895 4999 5061 5000 
9896 5000 5061 5062 
9897 5000 5062 5001 
9898 5001 5062 5063 
9899 5001 5063 5002 
9900 5002 5063 5064 
9901 5002 5064 5003 
9902 5003 5064 5065 
9903 5003 5065 5004 
9904 5004 5065 5066 
9905 5004 5066 5005 
9906 5005 5066 5067 
9907 5005 5067 5006 
9908 5006 5067 5068 
9909 5006 5068 5007 
9910 5007 5068 5069 
9911 5007 5069 5008 
9912 5008 5069 5070 
9913 5008 5070 5009 
9914 5009 5070 5071 
9915 5009 5071 5010 
9916 5010 5071 5072 
9917 5010 5072 5011 
9918 5011 5072 5073 
9919 5011 5073 5012 
9920 5012 5073 5074 
9921 5012 5074 5013 
9922 5013 5074 5075 
9923 5013 5075 5014 
9924 5014 5075 5076 
9925 5014 5076 5015 
9926 5015 5076 5077 
9927 5015 5077 5016 
9928 5016 5077 5078 
9929 5016 5078 5017 
9930 5017 5078 5079 
9931 5017 5079 5018 
9932 5018 5079 5080 
9933 5018 5080 5019 
9934 5019 5080 5081 
9935 5019 5081 5020 
9936 5020 5081 5082 
9937 5020 5082 5021 
9938 5021 5082 5083 
9939 5021 5083 5022 
9940 5022 5083 5084 
9941 5022 5084 5023 
9942 5023 5084 5085 
9943 5023 5085 5024 
9944 5024 5085 5086 
9945 5024 5086 5025 
9946 5025 5086 5087 
9947 5025 5087 5026 
9948 5026 5087 5088 
9949 5026 5088 5027 
9950 5027 5088 5089 
9951 5027 5089 5028 
9952 5028 5089 5090 
9953 5028 5090 430 
9954 430 5090 429 
9955 266 267 5029 
9956 5029 267 5091 
9957 5029 5091 5030 
9958 5030 5091 5092 
9959 5030 5092 5031 
9960 5031 5092 5093 
9961 5031 5093 5032 
9962 5032 5093 5094 
9963 5032 5094 5033 
9964 5033 5094 5095 
9965 5033 5095 5034 
9966 5034 5095 5096 
9967 5034 5096 5035 
9968 5035 5096 5097 
9969 5035 5097 5036 
9970 5036 5097 5098 
9971 5036 5098 5037 
9972 5037 5098 5099 
9973 5037 5099 5038 
9974 5038 5099 5100 
9975 5038 5100 5039 
9976 5039 5100 5101 
9977 5039 5101 5040 
9978 5040 5101 5102 
9979 5040 5102 5041 
9980 5041 5102 5103 
9981 5041 5103 5042 
9982 5042 5103 5104 
9983 5042 5104 5043 
9984 5043 5104 5105 
9985 5043 5105 5044 
9986 5044 5105 5106 
9987 5044 5106 5045 
9988 5045 5106 5107 
9989 5045 5107 5046 
9990 5046 5107 5108 
9991 5046 5108 5047 
9992 5047 5108 5109 
9993 5047 5109 5048 
9994 5048 5109 5110 
9995 5048 5110 5049 
9996 5049 5110 5111 
9997 5049 5111 5050 
9998 5050 5111 5112 
9999 5050 5112 5051 
10000 5051 5112 5113 
10001 5051 5113 5052 
10002 5052 5113 5114 
10003 5052 5114 5053 
10004 5053 5114 5115 
10005 5053 5115 5054 
10006 5054 5115 5116 
10007 5054 5116 5055 
10008 5055 5116 5117 
10009 5055 5117 5056 
10010 5056 5117 5118 
10011 5056 5118 5057 
10012 5057 5118 5119 
10013 5057 5119 5058 
10014 5058 5119 5120 
10015 5058 5120 5059 
10016 5059 5120 5121 
10017 5059 5121 5060 
10018 5060 5121 5122 
10019 5060 5122 5061 
10020 5061 5122 5123 
10021 5061 5123 5062 
10022 5062 5123 5124 
10023 5062 5124 5063 
10024 5063 5124 5125 
10025 5063 5125 5064 
10026 5064 5125 5126 
10027 5064 5126 5065 
10028 5065 5126 5127 
10029 5065 5127 5066 
10030 5066 5127 5128 
10031 5066 5128 5067 
10032 5067 5128 5129 
10033 5067 5129 5068 
10034 5068 5129 5130 
10035 5068 5130 5069 
10036 5069 5130 5131 
10037 5069 5131 5070 
10038 5070 5131 5132 
10039 5070 5132 5071 
10040 5071 5132 5133 
10041 5071 5133 5072 
10042 5072 5133 5134 
10043 5072 5134 5073 
10044 5073 5134 5135 
10045 5073 5135 5074 
10046 5074 5135 5136 
10047 5074 5136 5075 
10048 5075 5136 5137 
10049 5075 5137 5076 
10050 5076 5137 5138 
10051 5076 5138 5077 
10052 5077 5138 5139 
10053 5077 5139 5078 
10054 5078 5139 5140 
10055 5078 5140 5079 
10056 5079 5140 5141 
10057 5079 5141 5080 
10058 5080 5141 5142 
10059 5080 5142 5081 
10060 5081 5142 5143 
10061 5081 5143 5082 
10062 5082 5143 5144 
10063 5082 5144 5083 
10064 5083 5144 5145 
10065 5083 5145 5084 
10066 5084 5145 5146 
10067 5084 5146 5085 
10068 5085 5146 5147 
10069 5085 5147 5086 
10070 5086 5147 5148 
10071 5086 5148 5087 
10072 5087 5148 5149 
10073 5087 5149 5088 
10074 5088 5149 5150 
10075 5088 5150 5089 
10076 5089 5150 5151 
10077 5089 5151 5090 
10078 5090 5151 5152 
10079 5090 5152 429 
10080 429 5152 428 
10081 267 268 5091 
10082 5091 268 5153 
10083 5091 5153 5092 
10084 5092 5153 5154 
10085 5092 5154 5093 
10086 5093 5154 5155 
10087 5093 5155 5094 
10088 5094 5155 5156 
10089 5094 5156 5095 
10090 5095 5156 5157 
10091 5095 5157 5096 
10092 5096 5157 5158 
10093 5096 5158 5097 
10094 5097 5158 5159 
10095 5097 5159 5098 
10096 5098 5159 5160 
10097 5098 5160 5099 
10098 5099 5160 5161 
10099 5099 5161 5100 
10100 5100 5161 5162 
10101 5100 5162 5101 
10102 5101 5162 5163 
10103 5101 5163 5102 
10104 5102 5163 5164 
10105 5102 5164 5103 
10106 5103 5164 5165 
10107 5103 5165 5104 
10108 5104 5165 5166 
10109 5104 5166 5105 
10110 5105 5166 5167 
10111 5105 5167 5106 
10112 5106 5167 5168 
10113 5106 5168 5107 
10114 5107 5168 5169 
10115 5107 5169 5108 
10116 5108 5169 5170 
10117 5108 5170 5109 
10118 5109 5170 5171 
10119 5109 5171 5110 
10120 5110 5171 5172 
10121 5110 5172 5111 
10122 5111 5172 5173 
10123 5111 5173 5112 
10124 5112 5173 5174 
10125 5112 5174 5113 
10126 5113 5174 5175 
10127 5113 5175 5114 
10128 5114 5175 5176 
10129 5114 5176 5115 
10130 5115 5176 5177 
10131 5115 5177 5116 
10132 5116 5177 5178 
10133 5116 5178 5117 
10134 5117 5178 5179 
10135 5117 5179 5118 
10136 5118 5179 5180 
10137 5118 5180 5119 
10138 5119 5180 5181 
10139 5119 5181 5120 
10140 5120 5181 5182 
10141 5120 5182 5121 
10142 5121 5182 5183 
10143 5121 5183 5122 
10144 5122 5183 5184 
10145 5122 5184 5123 
10146 5123 5184 5185 
10147 5123 5185 5124 
10148 5124 5185 5186 
10149 5124 5186 5125 
10150 5125 5186 5187 
10151 5125 5187 5126 
10152 5126 5187 5188 
10153 5126 5188 5127 
10154 5127 5188 5189 
10155 5127 5189 5128 
10156 5128 5189 5190 
10157 5128 5190 5129 
10158 5129 5190 5191 
10159 5129 5191 5130 
10160 5130 5191 5192 
10161 5130 5192 5131 
10162 5131 5192 5193 
10163 5131 5193 5132 
10164 5132 5193 5194 
10165 5132 5194 5133 
10166 5133 5194 5195 
10167 5133 5195 5134 
10168 5134 5195 5196 
10169 5134 5196 5135 
10170 5135 5196 5197 
10171 5135 5197 5136 
10172 5136 5197 5198 
10173 5136 5198 5137 
10174 5137 5198 5199 
10175 5137 5199 5138 
10176 5138 5199 5200 
10177 5138 5200 5139 
10178 5139 5200 5201 
10179 5139 5201 5140 
10180 5140 5201 5202 
10181 5140 5202 5141 
10182 5141 5202 5203 
10183 5141 5203 5142 
10184 5142 5203 5204 
10185 5142 5204 5143 
10186 5143 5204 5205 
10187 5143 5205 5144 
10188 5144 5205 5206 
10189 5144 5206 5145 
10190 5145 5206 5207 
10191 5145 5207 5146 
10192 5146 5207 5208 
10193 5146 5208 5147 
10194 5147 5208 5209 
10195 5147 5209 5148 
10196 5148 5209 5210 
10197 5148 5210 5149 
10198 5149 5210 5211 
10199 5149 5211 5150 
10200 5150 5211 5212 
10201 5150 5212 5151 
10202 5151 5212 5213 
10203 5151 5213 5152 
10204 5152 5213 5214 
10205 5152 5214 428 
10206 428 5214 427 
10207 268 269 5153 
10208 5153 269 5215 
10209 5153 5215 5154 
10210 5154 5215 5216 
10211 5154 5216 5155 
10212 5155 5216 5217 
10213 5155 5217 5156 
10214 5156 5217 5218 
10215 5156 5218 5157 
10216 5157 5218 5219 
10217 5157 5219 5158 
10218 5158 5219 5220 
10219 5158 5220 5159 
10220 5159 5220 5221 
10221 5159 5221 5160 
10222 5160 5221 5222 
10223 5160 5222 5161 
10224 5161 5222 5223 
10225 5161 5223 5162 
10226 5162 5223 5224 
10227 5162 5224 5163 
10228 5163 5224 5225 
10229 5163 5225 5164 
10230 5164 5225 5226 
10231 5164 5226 5165 
10232 5165 5226 5227 
10233 5165 5227 5166 
10234 5166 5227 5228 
10235 5166 5228 5167 
10236 5167 5228 5229 
10237 5167 5229 5168 
10238 5168 5229 5230 
10239 5168 5230 5169 
10240 5169 5230 5231 
10241 5169 5231 5170 
10242 5170 5231 5232 
10243 5170 5232 5171 
10244 5171 5232 5233 
10245 5171 5233 5172 
10246 5172 5233 5234 
10247 5172 5234 5173 
10248 5173 5234 5235 
10249 5173 5235 5174 
10250 5174 5235 5236 
10251 5174 5236 5175 
10252 5175 5236 5237 
10253 5175 5237 5176 
10254 5176 5237 5238 
10255 5176 5238 5177 
10256 5177 5238 5239 
10257 5177 5239 5178 
10258 5178 5239 5240 
10259 5178 5240 5179 
10260 5179 5240 5241 
10261 5179 5241 5180 
10262 5180 5241 5242 
10263 5180 5242 5181 
10264 5181 5242 5243 
10265 5181 5243 5182 
10266 5182 5243 5244 
10267 5182 5244 5183 
10268 5183 5244 5245 
10269 5183 5245 5184 
10270 5184 5245 5246 
10271 5184 5246 5185 
10272 5185 5246 5247 
10273 5185 5247 5186 
10274 5186 5247 5248 
10275 5186 5248 5187 
10276 5187 5248 5249 
10277 5187 5249 5188 
10278 5188 5249 5250 
10279 5188 5250 5189 
10280 5189 5250 5251 
10281 5189 5251 5190 
10282 5190 5251 5252 
10283 5190 5252 5191 
10284 5191 5252 5253 
10285 5191 5253 5192 
10286 5192 5253 5254 
10287 5192 5254 5193 
10288 5193 5254 5255 
10289 5193 5255 5194 
10290 5194 5255 5256 
10291 5194 5256 5195 
10292 5195 5256 5257 
10293 5195 5257 5196 
10294 5196 5257 5258 
10295 5196 5258 5197 
10296 5197 5258 5259 
10297 5197 5259 5198 
10298 5198 5259 5260 
10299 5198 5260 5199 
10300 5199 5260 5261 
10301 5199 5261 5200 
10302 5200 5261 5262 
10303 5200 5262 5201 
10304 5201 5262 5263 
10305 5201 5263 5202 
10306 5202 5263 5264 
10307 5202 5264 5203 
10308 5203 5264 5265 
10309 5203 5265 5204 
10310 5204 5265 5266 
10311 5204 5266 5205 
10312 5205 5266 5267 
10313 5205 5267 5206 
10314 5206 5267 5268 
10315 5206 5268 5207 
10316 5207 5268 5269 
10317 5207 5269 5208 
10318 5208 5269 5270 
10319 5208 5270 5209 
10320 5209 5270 5271 
10321 5209 5271 5210 
10322 5210 5271 5272 
10323 5210 5272 5211 
10324 5211 5272 5273 
10325 5211 5273 5212 
10326 5212 5273 5274 
10327 5212 5274 5213 
10328 5213 5274 5275 
10329 5213 5275 5214 
10330 5214 5275 5276 
10331 5214 5276 427 
10332 427 5276 426 
10333 269 270 5215 
10334 5215 270 5277 
10335 5215 5277 5216 
10336 5216 5277 5278 
10337 5216 5278 5217 
10338 5217 5278 5279 
10339 5217 5279 5218 
10340 5218 5279 5280 
10341 5218 5280 5219 
10342 5219 5280 5281 
10343 5219 5281 5220 
10344 5220 5281 5282 
10345 5220 5282 5221 
10346 5221 5282 5283 
10347 5221 5283 5222 
10348 5222 5283 5284 
10349 5222 5284 5223 
10350 5223 5284 5285 
10351 5223 5285 5224 
10352 5224 5285 5286 
10353 5224 5286 5225 
10354 5225 5286 5287 
10355 5225 5287 5226 
10356 5226 5287 5288 
10357 5226 5288 5227 
10358 5227 5288 5289 
10359 5227 5289 5228 
10360 5228 5289 5290 
10361 5228 5290 5229 
10362 5229 5290 5291 
10363 5229 5291 5230 
10364 5230 5291 5292 
10365 5230 5292 5231 
10366 5231 5292 5293 
10367 5231 5293 5232 
10368 5232 5293 5294 
10369 5232 5294 5233 
10370 5233 5294 5295 
10371 5233 5295 5234 
10372 5234 5295 5296 
10373 5234 5296 5235 
10374 5235 5296 5297 
10375 5235 5297 5236 
10376 5236 5297 5298 
10377 5236 5298 5237 
10378 5237 5298 5299 
10379 5237 5299 5238 
10380 5238 5299 5300 
10381 5238 5300 5239 
10382 5239 5300 5301 
10383 5239 5301 5240 
10384 5240 5301 5302 
10385 5240 5302 5241 
10386 5241 5302 5303 
10387 5241 5303 5242 
10388 5242 5303 5304 
10389 5242 5304 5243 
10390 5243 5304 5305 
10391 5243 5305 5244 
10392 5244 5305 5306 
10393 5244 5306 5245 
10394 5245 5306 5307 
10395 5245 5307 5246 
10396 5246 5307 5308 
10397 5246 5308 5247 
10398 5247 5308 5309 
10399 5247 5309 5248 
10400 5248 5309 5310 
10401 5248 5310 5249 
10402 5249 5310 5311 
10403 5249 5311 5250 
10404 5250 5311 5312 
10405 5250 5312 5251 
10406 5251 5312 5313 
10407 5251 5313 5252 
10408 5252 5313 5314 
10409 5252 5314 5253 
10410 5253 5314 5315 
10411 5253 5315 5254 
10412 5254 5315 5316 
10413 5254 5316 5255 
10414 5255 5316 5317 
10415 5255 5317 5256 
10416 5256 5317 5318 
10417 5256 5318 5257 
10418 5257 5318 5319 
10419 5257 5319 5258 
10420 5258 5319 5320 
10421 5258 5320 5259 
10422 5259 5320 5321 
10423 5259 5321 5260 
10424 5260 5321 5322 
10425 5260 5322 5261 
10426 5261 5322 5323 
10427 5261 5323 5262 
10428 5262 5323 5324 
10429 5262 5324 5263 
10430 5263 5324 5325 
10431 5263 5325 5264 
10432 5264 5325 5326 
10433 5264 5326 5265 
10434 5265 5326 5327 
10435 5265 5327 5266 
10436 5266 5327 5328 
10437 5266 5328 5267 
10438 5267 5328 5329 
10439 5267 5329 5268 
10440 5268 5329 5330 
10441 5268 5330 5269 
10442 5269 5330 5331 
10443 5269 5331 5270 
10444 5270 5331 5332 
10445 5270 5332 5271 
10446 5271 5332 5333 
10447 5271 5333 5272 
10448 5272 5333 5334 
10449 5272 5334 5273 
10450 5273 5334 5335 
10451 5273 5335 5274 
10452 5274 5335 5336 
10453 5274 5336 5275 
10454 5275 5336 5337 
10455 5275 5337 5276 
10456 5276 5337 5338 
10457 5276 5338 426 
10458 426 5338 425 
10459 270 271 5277 
10460 5277 271 5339 
10461 5277 5339 5278 
10462 5278 5339 5340 
10463 5278 5340 5279 
10464 5279 5340 5341 
10465 5279 5341 5280 
10466 5280 5341 5342 
10467 5280 5342 5281 
10468 5281 5342 5343 
10469 5281 5343 5282 
10470 5282 5343 5344 
10471 5282 5344 5283 
10472 5283 5344 5345 
10473 5283 5345 5284 
10474 5284 5345 5346 
10475 5284 5346 5285 
10476 5285 5346 5347 
10477 5285 5347 5286 
10478 5286 5347 5348 
10479 5286 5348 5287 
10480 5287 5348 5349 
10481 5287 5349 5288 
10482 5288 5349 5350 
10483 5288 5350 5289 
10484 5289 5350 5351 
10485 5289 5351 5290 
10486 5290 5351 5352 
10487 5290 5352 5291 
10488 5291 5352 5353 
10489 5291 5353 5292 
10490 5292 5353 5354 
10491 5292 5354 5293 
10492 5293 5354 5355 
10493 5293 5355 5294 
10494 5294 5355 5356 
10495 5294 5356 5295 
10496 5295 5356 5357 
10497 5295 5357 5296 
10498 5296 5357 5358 
10499 5296 5358 5297 
10500 5297 5358 5359 
10501 5297 5359 5298 
10502 5298 5359 5360 
10503 5298 5360 5299 
10504 5299 5360 5361 
10505 5299 5361 5300 
10506 5300 5361 5362 
10507 5300 5362 5301 
10508 5301 5362 5363 
10509 5301 5363 5302 
10510 5302 5363 5364 
10511 5302 5364 5303 
10512 5303 5364 5365 
10513 5303 5365 5304 
10514 5304 5365 5366 
10515 5304 5366 5305 
10516 5305 5366 5367 
10517 5305 5367 5306 
10518 5306 5367 5368 
10519 5306 5368 5307 
10520 5307 5368 5369 
10521 5307 5369 5308 
10522 5308 5369 5370 
10523 5308 5370 5309 
10524 5309 5370 5371 
10525 5309 5371 5310 
10526 5310 5371 5372 
10527 5310 5372 5311 
10528 5311 5372 5373 
10529 5311 5373 5312 
10530 5312 5373 5374 
10531 5312 5374 5313 
10532 5313 5374 5375 
10533 5313 5375 5314 
10534 5314 5375 5376 
10535 5314 5376 5315 
10536 5315 5376 5377 
10537 5315 5377 5316 
10538 5316 5377 5378 
10539 5316 5378 5317 
10540 5317 5378 5379 
10541 5317 5379 5318 
10542 5318 5379 5380 
10543 5318 5380 5319 
10544 5319 5380 5381 
10545 5319 5381 5320 
10546 5320 5381 5382 
10547 5320 5382 5321 
10548 5321 5382 5383 
10549 5321 5383 5322 
10550 5322 5383 5384 
10551 5322 5384 5323 
10552 5323 5384 5385 
10553 5323 5385 5324 
10554 5324 5385 5386 
10555 5324 5386 5325 
10556 5325 5386 5387 
10557 5325 5387 5326 
10558 5326 5387 5388 
10559 5326 5388 5327 
10560 5327 5388 5389 
10561 5327 5389 5328 
10562 5328 5389 5390 
10563 5328 5390 5329 
10564 5329 5390 5391 
10565 5329 5391 5330 
10566 5330 5391 5392 
10567 5330 5392 5331 
10568 5331 5392 5393 
10569 5331 5393 5332 
10570 5332 5393 5394 
10571 5332 5394 5333 
10572 5333 5394 5395 
10573 5333 5395 5334 
10574 5334 5395 5396 
10575 5334 5396 5335 
10576 5335 5396 5397 
10577 5335 5397 5336 
10578 5336 5397 5398 
10579 5336 5398 5337 
10580 5337 5398 5399 
10581 5337 5399 5338 
10582 5338 5399 5400 
10583 5338 5400 425 
10584 425 5400 424 
10585 271 272 5339 
10586 5339 272 5401 
10587 5339 5401 5340 
10588 5340 5401 5402 
10589 5340 5402 5341 
10590 5341 5402 5403 
10591 5341 5403 5342 
10592 5342 5403 5404 
10593 5342 5404 5343 
10594 5343 5404 5405 
10595 5343 5405 5344 
10596 5344 5405 5406 
10597 5344 5406 5345 
10598 5345 5406 5407 
10599 5345 5407 5346 
10600 5346 5407 5408 
10601 5346 5408 5347 
10602 5347 5408 5409 
10603 5347 5409 5348 
10604 5348 5409 5410 
10605 5348 5410 5349 
10606 5349 5410 5411 
10607 5349 5411 5350 
10608 5350 5411 5412 
10609 5350 5412 5351 
10610 5351 5412 5413 
10611 5351 5413 5352 
10612 5352 5413 5414 
10613 5352 5414 5353 
10614 5353 5414 5415 
10615 5353 5415 5354 
10616 5354 5415 5416 
10617 5354 5416 5355 
10618 5355 5416 5417 
10619 5355 5417 5356 
10620 5356 5417 5418 
10621 5356 5418 5357 
10622 5357 5418 5419 
10623 5357 5419 5358 
10624 5358 5419 5420 
10625 5358 5420 5359 
10626 5359 5420 5421 
10627 5359 5421 5360 
10628 5360 5421 5422 
10629 5360 5422 5361 
10630 5361 5422 5423 
10631 5361 5423 5362 
10632 5362 5423 5424 
10633 5362 5424 5363 
10634 5363 5424 5425 
10635 5363 5425 5364 
10636 5364 5425 5426 
10637 5364 5426 5365 
10638 5365 5426 5427 
10639 5365 5427 5366 
10640 5366 5427 5428 
10641 5366 5428 5367 
10642 5367 5428 5429 
10643 5367 5429 5368 
10644 5368 5429 5430 
10645 5368 5430 5369 
10646 5369 5430 5431 
10647 5369 5431 5370 
10648 5370 5431 5432 
10649 5370 5432 5371 
10650 5371 5432 5433 
10651 5371 5433 5372 
10652 5372 5433 5434 
10653 5372 5434 5373 
10654 5373 5434 5435 
10655 5373 5435 5374 
10656 5374 5435 5436 
10657 5374 5436 5375 
10658 5375 5436 5437 
10659 5375 5437 5376 
10660 5376 5437 5438 
10661 5376 5438 5377 
10662 5377 5438 5439 
10663 5377 5439 5378 
10664 5378 5439 5440 
10665 5378 5440 5379 
10666 5379 5440 5441 
10667 5379 5441 5380 
10668 5380 5441 5442 
10669 5380 5442 5381 
10670 5381 5442 5443 
10671 5381 5443 5382 
10672 5382 5443 5444 
10673 5382 5444 5383 
10674 5383 5444 5445 
10675 5383 5445 5384 
10676 5384 5445 5446 
10677 5384 5446 5385 
10678 5385 5446 5447 
10679 5385 5447 5386 
10680 5386 5447 5448 
10681 5386 5448 5387 
10682 5387 5448 5449 
10683 5387 5449 5388 
10684 5388 5449 5450 
10685 5388 5450 5389 
10686 5389 5450 5451 
10687 5389 5451 5390 
10688 5390 5451 5452 
10689 5390 5452 5391 
10690 5391 5452 5453 
10691 5391 5453 5392 
10692 5392 5453 5454 
10693 5392 5454 5393 
10694 5393 5454 5455 
10695 5393 5455 5394 
10696 5394 5455 5456 
10697 5394 5456 5395 
10698 5395 5456 5457 
10699 5395 5457 5396 
10700 5396 5457 5458 
10701 5396 5458 5397 
10702 5397 5458 5459 
10703 5397 5459 5398 
10704 5398 5459 5460 
10705 5398 5460 5399 
10706 5399 5460 5461 
10707 5399 5461 5400 
10708 5400 5461 5462 
10709 5400 5462 424 
10710 424 5462 423 
10711 272 273 5401 
10712 5401 273 5463 
10713 5401 5463 5402 
10714 5402 5463 5464 
10715 5402 5464 5403 
10716 5403 5464 5465 
10717 5403 5465 5404 
10718 5404 5465 5466 
10719 5404 5466 5405 
10720 5405 5466 5467 
10721 5405 5467 5406 
10722 5406 5467 5468 
10723 5406 5468 5407 
10724 5407 5468 5469 
10725 5407 5469 5408 
10726 5408 5469 5470 
10727 5408 5470 5409 
10728 5409 5470 5471 
10729 5409 5471 5410 
10730 5410 5471 5472 
10731 5410 5472 5411 
10732 5411 5472 5473 
10733 5411 5473 5412 
10734 5412 5473 5474 
10735 5412 5474 5413 
10736 5413 5474 5475 
10737 5413 5475 5414 
10738 5414 5475 5476 
10739 5414 5476 5415 
10740 5415 5476 5477 
10741 5415 5477 5416 
10742 5416 5477 5478 
10743 5416 5478 5417 
10744 5417 5478 5479 
10745 5417 5479 5418 
10746 5418 5479 5480 
10747 5418 5480 5419 
10748 5419 5480 5481 
10749 5419 5481 5420 
10750 5420 5481 5482 
10751 5420 5482 5421 
10752 5421 5482 5483 
10753 5421 5483 5422 
10754 5422 5483 5484 
10755 5422 5484 5423 
10756 5423 5484 5485 
10757 5423 5485 5424 
10758 5424 5485 5486 
10759 5424 5486 5425 
10760 5425 5486 5487 
10761 5425 5487 5426 
10762 5426 5487 5488 
10763 5426 5488 5427 
10764 5427 5488 5489 
10765 5427 5489 5428 
10766 5428 5489 5490 
10767 5428 5490 5429 
10768 5429 5490 5491 
10769 5429 5491 5430 
10770 5430 5491 5492 
10771 5430 5492 5431 
10772 5431 5492 5493 
10773 5431 5493 5432 
10774 5432 5493 5494 
10775 5432 5494 5433 
10776 5433 5494 5495 
10777 5433 5495 5434 
10778 5434 5495 5496 
10779 5434 5496 5435 
10780 5435 5496 5497 
10781 5435 5497 5436 
10782 5436 5497 5498 
10783 5436 5498 5437 
10784 5437 5498 5499 
10785 5437 5499 5438 
10786 5438 5499 5500 
10787 5438 5500 5439 
10788 5439 5500 5501 
10789 5439 5501 5440 
10790 5440 5501 5502 
10791 5440 5502 5441 
10792 5441 5502 5503 
10793 5441 5503 5442 
10794 5442 5503 5504 
10795 5442 5504 5443 
10796 5443 5504 5505 
10797 5443 5505 5444 
10798 5444 5505 5506 
10799 5444 5506 5445 
10800 5445 5506 5507 
10801 5445 5507 5446 
10802 5446 5507 5508 
10803 5446 5508 5447 
10804 5447 5508 5509 
10805 5447 5509 5448 
10806 5448 5509 5510 
10807 5448 5510 5449 
10808 5449 5510 5511 
10809 5449 5511 5450 
10810 5450 5511 5512 
10811 5450 5512 5451 
10812 5451 5512 5513 
10813 5451 5513 5452 
10814 5452 5513 5514 
10815 5452 5514 5453 
10816 5453 5514 5515 
10817 5453 5515 5454 
10818 5454 5515 5516 
10819 5454 5516 5455 
10820 5455 5516 5517 
10821 5455 5517 5456 
10822 5456 5517 5518 
10823 5456 5518 5457 
10824 5457 5518 5519 
10825 5457 5519 5458 
10826 5458 5519 5520 
10827 5458 5520 5459 
10828 5459 5520 5521 
10829 5459 5521 5460 
10830 5460 5521 5522 
10831 5460 5522 5461 
10832 5461 5522 5523 
10833 5461 5523 5462 
10834 5462 5523 5524 
10835 5462 5524 423 
10836 423 5524 422 
10837 273 274 5463 
10838 5463 274 5525 
10839 5463 5525 5464 
10840 5464 5525 5526 
10841 5464 5526 5465 
10842 5465 5526 5527 
10843 5465 5527 5466 
10844 5466 5527 5528 
10845 5466 5528 5467 
10846 5467 5528 5529 
10847 5467 5529 5468 
10848 5468 5529 5530 
10849 5468 5530 5469 
10850 5469 5530 5531 
10851 5469 5531 5470 
10852 5470 5531 5532 
10853 5470 5532 5471 
10854 5471 5532 5533 
10855 5471 5533 5472 
10856 5472 5533 5534 
10857 5472 5534 5473 
10858 5473 5534 5535 
10859 5473 5535 5474 
10860 5474 5535 5536 
10861 5474 5536 5475 
10862 5475 5536 5537 
10863 5475 5537 5476 
10864 5476 5537 5538 
10865 5476 5538 5477 
10866 5477 5538 5539 
10867 5477 5539 5478 
10868 5478 5539 5540 
10869 5478 5540 5479 
10870 5479 5540 5541 
10871 5479 5541 5480 
10872 5480 5541 5542 
10873 5480 5542 5481 
10874 5481 5542 5543 
10875 5481 5543 5482 
10876 5482 5543 5544 
10877 5482 5544 5483 
10878 5483 5544 5545 
10879 5483 5545 5484 
10880 5484 5545 5546 
10881 5484 5546 5485 
10882 5485 5546 5547 
10883 5485 5547 5486 
10884 5486 5547 5548 
10885 5486 5548 5487 
10886 5487 5548 5549 
10887 5487 5549 5488 
10888 5488 5549 5550 
10889 5488 5550 5489 
10890 5489 5550 5551 
10891 5489 5551 5490 
10892 5490 5551 5552 
10893 5490 5552 5491 
10894 5491 5552 5553 
10895 5491 5553 5492 
10896 5492 5553 5554 
10897 5492 5554 5493 
10898 5493 5554 5555 
10899 5493 5555 5494 
10900 5494 5555 5556 
10901 5494 5556 5495 
10902 5495 5556 5557 
10903 5495 5557 5496 
10904 5496 5557 5558 
10905 5496 5558 5497 
10906 5497 5558 5559 
10907 5497 5559 5498 
10908 5498 5559 5560 
10909 5498 5560 5499 
10910 5499 5560 5561 
10911 5499 5561 5500 
10912 5500 5561 5562 
10913 5500 5562 5501 
10914 5501 5562 5563 
10915 5501 5563 5502 
10916 5502 5563 5564 
10917 5502 5564 5503 
10918 5503 5564 5565 
10919 5503 5565 5504 
10920 5504 5565 5566 
10921 5504 5566 5505 
10922 5505 5566 5567 
10923 5505 5567 5506 
10924 5506 5567 5568 
10925 5506 5568 5507 
10926 5507 5568 5569 
10927 5507 5569 5508 
10928 5508 5569 5570 
10929 5508 5570 5509 
10930 5509 5570 5571 
10931 5509 5571 5510 
10932 5510 5571 5572 
10933 5510 5572 5511 
10934 5511 5572 5573 
10935 5511 5573 5512 
10936 5512 5573 5574 
10937 5512 5574 5513 
10938 5513 5574 5575 
10939 5513 5575 5514 
10940 5514 5575 5576 
10941 5514 5576 5515 
10942 5515 5576 5577 
10943 5515 5577 5516 
10944 5516 5577 5578 
10945 5516 5578 5517 
10946 5517 5578 5579 
10947 5517 5579 5518 
10948 5518 5579 5580 
10949 5518 5580 5519 
10950 5519 5580 5581 
10951 5519 5581 5520 
10952 5520 5581 5582 
10953 5520 5582 5521 
10954 5521 5582 5583 
10955 5521 5583 5522 
10956 5522 5583 5584 
10957 5522 5584 5523 
10958 5523 5584 5585 
10959 5523 5585 5524 
10960 5524 5585 5586 
10961 5524 5586 422 
10962 422 5586 421 
10963 274 275 5525 
10964 5525 275 5587 
10965 5525 5587 5526 
10966 5526 5587 5588 
10967 5526 5588 5527 
10968 5527 5588 5589 
10969 5527 5589 5528 
10970 5528 5589 5590 
10971 5528 5590 5529 
10972 5529 5590 5591 
10973 5529 5591 5530 
10974 5530 5591 5592 
10975 5530 5592 5531 
10976 5531 5592 5593 
10977 5531 5593 5532 
10978 5532 5593 5594 
10979 5532 5594 5533 
10980 5533 5594 5595 
10981 5533 5595 5534 
10982 5534 5595 5596 
10983 5534 5596 5535 
10984 5535 5596 5597 
10985 5535 5597 5536 
10986 5536 5597 5598 
10987 5536 5598 5537 
10988 5537 5598 5599 
10989 5537 5599 5538 
10990 5538 5599 5600 
10991 5538 5600 5539 
10992 5539 5600 5601 
10993 5539 5601 5540 
10994 5540 5601 5602 
10995 5540 5602 5541 
10996 5541 5602 5603 
10997 5541 5603 5542 
10998 5542 5603 5604 
10999 5542 5604 5543 
11000 5543 5604 5605 
11001 5543 5605 5544 
11002 5544 5605 5606 
11003 5544 5606 5545 
11004 5545 5606 5607 
11005 5545 5607 5546 
11006 5546 5607 5608 
11007 5546 5608 5547 
11008 5547 5608 5609 
11009 5547 5609 5548 
11010 5548 5609 5610 
11011 5548 5610 5549 
11012 5549 5610 5611 
11013 5549 5611 5550 
11014 5550 5611 5612 
11015 5550 5612 5551 
11016 5551 5612 5613 
11017 5551 5613 5552 
11018 5552 5613 5614 
11019 5552 5614 5553 
11020 5553 5614 5615 
11021 5553 5615 5554 
11022 5554 5615 5616 
11023 5554 5616 5555 
11024 5555 5616 5617 
11025 5555 5617 5556 
11026 5556 5617 5618 
11027 5556 5618 5557 
11028 5557 5618 5619 
11029 5557 5619 5558 
11030 5558 5619 5620 
11031 5558 5620 5559 
11032 5559 5620 5621 
11033 5559 5621 5560 
11034 5560 5621 5622 
11035 5560 5622 5561 
11036 5561 5622 5623 
11037 5561 5623 5562 
11038 5562 5623 5624 
11039 5562 5624 5563 
11040 5563 5624 5625 
11041 5563 5625 5564 
11042 5564 5625 5626 
11043 5564 5626 5565 
11044 5565 5626 5627 
11045 5565 5627 5566 
11046 5566 5627 5628 
11047 5566 5628 5567 
11048 5567 5628 5629 
11049 5567 5629 5568 
11050 5568 5629 5630 
11051 5568 5630 5569 
11052 5569 5630 5631 
11053 5569 5631 5570 
11054 5570 5631 5632 
11055 5570 5632 5571 
11056 5571 5632 5633 
11057 5571 5633 5572 
11058 5572 5633 5634 
11059 5572 5634 5573 
11060 5573 5634 5635 
11061 5573 5635 5574 
11062 5574 5635 5636 
11063 5574 5636 5575 
11064 5575 5636 5637 
11065 5575 5637 5576 
11066 5576 5637 5638 
11067 5576 5638 5577 
11068 5577 5638 5639 
11069 5577 5639 5578 
11070 5578 5639 5640 
11071 5578 5640 5579 
11072 5579 5640 5641 
11073 5579 5641 5580 
11074 5580 5641 5642 
11075 5580 5642 5581 
11076 5581 5642 5643 
11077 5581 5643 5582 
11078 5582 5643 5644 
11079 5582 5644 5583 
11080 5583 5644 5645 
11081 5583 5645 5584 
11082 5584 5645 5646 
11083 5584 5646 5585 
11084 5585 5646 5647 
11085 5585 5647 5586 
11086 5586 5647 5648 
11087 5586 5648 421 
11088 421 5648 420 
11089 275 276 5587 
11090 5587 276 5649 
11091 5587 5649 5588 
11092 5588 5649 5650 
11093 5588 5650 5589 
11094 5589 5650 5651 
11095 5589 5651 5590 
11096 5590 5651 5652 
11097 5590 5652 5591 
11098 5591 5652 5653 
11099 5591 5653 5592 
11100 5592 5653 5654 
11101 5592 5654 5593 
11102 5593 5654 5655 
11103 5593 5655 5594 
11104 5594 5655 5656 
11105 5594 5656 5595 
11106 5595 5656 5657 
11107 5595 5657 5596 
11108 5596 5657 5658 
11109 5596 5658 5597 
11110 5597 5658 5659 
11111 5597 5659 5598 
11112 5598 5659 5660 
11113 5598 5660 5599 
11114 5599 5660 5661 
11115 5599 5661 5600 
11116 5600 5661 5662 
11117 5600 5662 5601 
11118 5601 5662 5663 
11119 5601 5663 5602 
11120 5602 5663 5664 
11121 5602 5664 5603 
11122 5603 5664 5665 
11123 5603 5665 5604 
11124 5604 5665 5666 
11125 5604 5666 5605 
11126 5605 5666 5667 
11127 5605 5667 5606 
11128 5606 5667 5668 
11129 5606 5668 5607 
11130 5607 5668 5669 
11131 5607 5669 5608 
11132 5608 5669 5670 
11133 5608 5670 5609 
11134 5609 5670 5671 
11135 5609 5671 5610 
11136 5610 5671 5672 
11137 5610 5672 5611 
11138 5611 5672 5673 
11139 5611 5673 5612 
11140 5612 5673 5674 
11141 5612 5674 5613 
11142 5613 5674 5675 
11143 5613 5675 5614 
11144 5614 5675 5676 
11145 5614 5676 5615 
11146 5615 5676 5677 
11147 5615 5677 5616 
11148 5616 5677 5678 
11149 5616 5678 5617 
11150 5617 5678 5679 
11151 5617 5679 5618 
11152 5618 5679 5680 
11153 5618 5680 5619 
11154 5619 5680 5681 
11155 5619 5681 5620 
11156 5620 5681 5682 
11157 5620 5682 5621 
11158 5621 5682 5683 
11159 5621 5683 5622 
11160 5622 5683 5684 
11161 5622 5684 5623 
11162 5623 5684 5685 
11163 5623 5685 5624 
11164 5624 5685 5686 
11165 5624 5686 5625 
11166 5625 5686 5687 
11167 5625 5687 5626 
11168 5626 5687 5688 
11169 5626 5688 5627 
11170 5627 5688 5689 
11171 5627 5689 5628 
11172 5628 5689 5690 
11173 5628 5690 5629 
11174 5629 5690 5691 
11175 5629 5691 5630 
11176 5630 5691 5692 
11177 5630 5692 5631 
11178 5631 5692 5693 
11179 5631 5693 5632 
11180 5632 5693 5694 
11181 5632 5694 5633 
11182 5633 5694 5695 
11183 5633 5695 5634 
11184 5634 5695 5696 
11185 5634 5696 5635 
11186 5635 5696 5697 
11187 5635 5697 5636 
11188 5636 5697 5698 
11189 5636 5698 5637 
11190 5637 5698 5699 
11191 5637 5699 5638 
11192 5638 5699 5700 
11193 5638 5700 5639 
11194 5639 5700 5701 
11195 5639 5701 5640 
11196 5640 5701 5702 
11197 5640 5702 5641 
11198 5641 5702 5703 
11199 5641 5703 5642 
11200 5642 5703 5704 
11201 5642 5704 5643 
11202 5643 5704 5705 
11203 5643 5705 5644 
11204 5644 5705 5706 
11205 5644 5706 5645 
11206 5645 5706 5707 
11207 5645 5707 5646 
11208 5646 5707 5708 
11209 5646 5708 5647 
11210 5647 5708 5709 
11211 5647 5709 5648 
11212 5648 5709 5710 
11213 5648 5710 420 
11214 420 5710 419 
11215 276 277 5649 
11216 5649 277 5711 
11217 5649 5711 5650 
11218 5650 5711 5712 
11219 5650 5712 5651 
11220 5651 5712 5713 
11221 5651 5713 5652 
11222 5652 5713 5714 
11223 5652 5714 5653 
11224 5653 5714 5715 
11225 5653 5715 5654 
11226 5654 5715 5716 
11227 5654 5716 5655 
11228 5655 5716 5717 
11229 5655 5717 5656 
11230 5656 5717 5718 
11231 5656 5718 5657 
11232 5657 5718 5719 
11233 5657 5719 5658 
11234 5658 5719 5720 
11235 5658 5720 5659 
11236 5659 5720 5721 
11237 5659 5721 5660 
11238 5660 5721 5722 
11239 5660 5722 5661 
11240 5661 5722 5723 
11241 5661 5723 5662 
11242 5662 5723 5724 
11243 5662 5724 5663 
11244 5663 5724 5725 
11245 5663 5725 5664 
11246 5664 5725 5726 
11247 5664 5726 5665 
11248 5665 5726 5727 
11249 5665 5727 5666 
11250 5666 5727 5728 
11251 5666 5728 5667 
11252 5667 5728 5729 
11253 5667 5729 5668 
11254 5668 5729 5730 
11255 5668 5730 5669 
11256 5669 5730 5731 
11257 5669 5731 5670 
11258 5670 5731 5732 
11259 5670 5732 5671 
11260 5671 5732 5733 
11261 5671 5733 5672 
11262 5672 5733 5734 
11263 5672 5734 5673 
11264 5673 5734 5735 
11265 5673 5735 5674 
11266 5674 5735 5736 
11267 5674 5736 5675 
11268 5675 5736 5737 
11269 5675 5737 5676 
11270 5676 5737 5738 
11271 5676 5738 5677 
11272 5677 5738 5739 
11273 5677 5739 5678 
11274 5678 5739 5740 
11275 5678 5740 5679 
11276 5679 5740 5741 
11277 5679 5741 5680 
11278 5680 5741 5742 
11279 5680 5742 5681 
11280 5681 5742 5743 
11281 5681 5743 5682 
11282 5682 5743 5744 
11283 5682 5744 5683 
11284 5683 5744 5745 
11285 5683 5745 5684 
11286 5684 5745 5746 
11287 5684 5746 5685 
11288 5685 5746 5747 
11289 5685 5747 5686 
11290 5686 5747 5748 
11291 5686 5748 5687 
11292 5687 5748 5749 
11293 5687 5749 5688 
11294 5688 5749 5750 
11295 5688 5750 5689 
11296 5689 5750 5751 
11297 5689 5751 5690 
11298 5690 5751 5752 
11299 5690 5752 5691 
11300 5691 5752 5753 
11301 5691 5753 5692 
11302 5692 5753 5754 
11303 5692 5754 5693 
11304 5693 5754 5755 
11305 5693 5755 5694 
11306 5694 5755 5756 
11307 5694 5756 5695 
11308 5695 5756 5757 
11309 5695 5757 5696 
11310 5696 5757 5758 
11311 5696 5758 5697 
11312 5697 5758 5759 
11313 5697 5759 5698 
11314 5698 5759 5760 
11315 5698 5760 5699 
11316 5699 5760 5761 
11317 5699 5761 5700 
11318 5700 5761 5762 
11319 5700 5762 5701 
11320 5701 5762 5763 
11321 5701 5763 5702 
11322 5702 5763 5764 
11323 5702 5764 5703 
11324 5703 5764 5765 
11325 5703 5765 5704 
11326 5704 5765 5766 
11327 5704 5766 5705 
11328 5705 5766 5767 
11329 5705 5767 5706 
11330 5706 5767 5768 
11331 5706 5768 5707 
11332 5707 5768 5769 
11333 5707 5769 5708 
11334 5708 5769 5770 
11335 5708 5770 5709 
11336 5709 5770 5771 
11337 5709 5771 5710 
11338 5710 5771 5772 
11339 5710 5772 419 
11340 419 5772 418 
11341 277 278 5711 
11342 5711 278 5773 
11343 5711 5773 5712 
11344 5712 5773 5774 
11345 5712 5774 5713 
11346 5713 5774 5775 
11347 5713 5775 5714 
11348 5714 5775 5776 
11349 5714 5776 5715 
11350 5715 5776 5777 
11351 5715 5777 5716 
11352 5716 5777 5778 
11353 5716 5778 5717 
11354 5717 5778 5779 
11355 5717 5779 5718 
11356 5718 5779 5780 
11357 5718 5780 5719 
11358 5719 5780 5781 
11359 5719 5781 5720 
11360 5720 5781 5782 
11361 5720 5782 5721 
11362 5721 5782 5783 
11363 5721 5783 5722 
11364 5722 5783 5784 
11365 5722 5784 5723 
11366 5723 5784 5785 
11367 5723 5785 5724 
11368 5724 5785 5786 
11369 5724 5786 5725 
11370 5725 5786 5787 
11371 5725 5787 5726 
11372 5726 5787 5788 
11373 5726 5788 5727 
11374 5727 5788 5789 
11375 5727 5789 5728 
11376 5728 5789 5790 
11377 5728 5790 5729 
11378 5729 5790 5791 
11379 5729 5791 5730 
11380 5730 5791 5792 
11381 5730 5792 5731 
11382 5731 5792 5793 
11383 5731 5793 5732 
11384 5732 5793 5794 
11385 5732 5794 5733 
11386 5733 5794 5795 
11387 5733 5795 5734 
11388 5734 5795 5796 
11389 5734 5796 5735 
11390 5735 5796 5797 
11391 5735 5797 5736 
11392 5736 5797 5798 
11393 5736 5798 5737 
11394 5737 5798 5799 
11395 5737 5799 5738 
11396 5738 5799 5800 
11397 5738 5800 5739 
11398 5739 5800 5801 
11399 5739 5801 5740 
11400 5740 5801 5802 
11401 5740 5802 5741 
11402 5741 5802 5803 
11403 5741 5803 5742 
11404 5742 5803 5804 
11405 5742 5804 5743 
11406 5743 5804 5805 
11407 5743 5805 5744 
11408 5744 5805 5806 
11409 5744 5806 5745 
11410 5745 5806 5807 
11411 5745 5807 5746 
11412 5746 5807 5808 
11413 5746 5808 5747 
11414 5747 5808 5809 
11415 5747 5809 5748 
11416 5748 5809 5810 
11417 5748 5810 5749 
11418 5749 5810 5811 
11419 5749 5811 5750 
11420 5750 5811 5812 
11421 5750 5812 5751 
11422 5751 5812 5813 
11423 5751 5813 5752 
11424 5752 5813 5814 
11425 5752 5814 5753 
11426 5753 5814 5815 
11427 5753 5815 5754 
11428 5754 5815 5816 
11429 5754 5816 5755 
11430 5755 5816 5817 
11431 5755 5817 5756 
11432 5756 5817 5818 
11433 5756 5818 5757 
11434 5757 5818 5819 
11435 5757 5819 5758 
11436 5758 5819 5820 
11437 5758 5820 5759 
11438 5759 5820 5821 
11439 5759 5821 5760 
11440 5760 5821 5822 
11441 5760 5822 5761 
11442 5761 5822 5823 
11443 5761 5823 5762 
11444 5762 5823 5824 
11445 5762 5824 5763 
11446 5763 5824 5825 
11447 5763 5825 5764 
11448 5764 5825 5826 
11449 5764 5826 5765 
11450 5765 5826 5827 
11451 5765 5827 5766 
11452 5766 5827 5828 
11453 5766 5828 5767 
11454 5767 5828 5829 
11455 5767 5829 5768 
11456 5768 5829 5830 
11457 5768 5830 5769 
11458 5769 5830 5831 
11459 5769 5831 5770 
11460 5770 5831 5832 
11461 5770 5832 5771 
11462 5771 5832 5833 
11463 5771 5833 5772 
11464 5772 5833 5834 
11465 5772 5834 418 
11466 418 5834 417 
11467 278 279 5773 
11468 5773 279 5835 
11469 5773 5835 5774 
11470 5774 5835 5836 
11471 5774 5836 5775 
11472 5775 5836 5837 
11473 5775 5837 5776 
11474 5776 5837 5838 
11475 5776 5838 5777 
11476 5777 5838 5839 
11477 5777 5839 5778 
11478 5778 5839 5840 
11479 5778 5840 5779 
11480 5779 5840 5841 
11481 5779 5841 5780 
11482 5780 5841 5842 
11483 5780 5842 5781 
11484 5781 5842 5843 
11485 5781 5843 5782 
11486 5782 5843 5844 
11487 5782 5844 5783 
11488 5783 5844 5845 
11489 5783 5845 5784 
11490 5784 5845 5846 
11491 5784 5846 5785 
11492 5785 5846 5847 
11493 5785 5847 5786 
11494 5786 5847 5848 
11495 5786 5848 5787 
11496 5787 5848 5849 
11497 5787 5849 5788 
11498 5788 5849 5850 
11499 5788 5850 5789 
11500 5789 5850 5851 
11501 5789 5851 5790 
11502 5790 5851 5852 
11503 5790 5852 5791 
11504 5791 5852 5853 
11505 5791 5853 5792 
11506 5792 5853 5854 
11507 5792 5854 5793 
11508 5793 5854 5855 
11509 5793 5855 5794 
11510 5794 5855 5856 
11511 5794 5856 5795 
11512 5795 5856 5857 
11513 5795 5857 5796 
11514 5796 5857 5858 
11515 5796 5858 5797 
11516 5797 5858 5859 
11517 5797 5859 5798 
11518 5798 5859 5860 
11519 5798 5860 5799 
11520 5799 5860 5861 
11521 5799 5861 5800 
11522 5800 5861 5862 
11523 5800 5862 5801 
11524 5801 5862 5863 
11525 5801 5863 5802 
11526 5802 5863 5864 
11527 5802 5864 5803 
11528 5803 5864 5865 
11529 5803 5865 5804 
11530 5804 5865 5866 
11531 5804 5866 5805 
11532 5805 5866 5867 
11533 5805 5867 5806 
11534 5806 5867 5868 
11535 5806 5868 5807 
11536 5807 5868 5869 
11537 5807 5869 5808 
11538 5808 5869 5870 
11539 5808 5870 5809 
11540 5809 5870 5871 
11541 5809 5871 5810 
11542 5810 5871 5872 
11543 5810 5872 5811 
11544 5811 5872 5873 
11545 5811 5873 5812 
11546 5812 5873 5874 
11547 5812 5874 5813 
11548 5813 5874 5875 
11549 5813 5875 5814 
11550 5814 5875 5876 
11551 5814 5876 5815 
11552 5815 5876 5877 
11553 5815 5877 5816 
11554 5816 5877 5878 
11555 5816 5878 5817 
11556 5817 5878 5879 
11557 5817 5879 5818 
11558 5818 5879 5880 
11559 5818 5880 5819 
11560 5819 5880 5881 
11561 5819 5881 5820 
11562 5820 5881 5882 
11563 5820 5882 5821 
11564 5821 5882 5883 
11565 5821 5883 5822 
11566 5822 5883 5884 
11567 5822 5884 5823 
11568 5823 5884 5885 
11569 5823 5885 5824 
11570 5824 5885 5886 
11571 5824 5886 5825 
11572 5825 5886 5887 
11573 5825 5887 5826 
11574 5826 5887 5888 
11575 5826 5888 5827 
11576 5827 5888 5889 
11577 5827 5889 5828 
11578 5828 5889 5890 
11579 5828 5890 5829 
11580 5829 5890 5891 
11581 5829 5891 5830 
11582 5830 5891 5892 
11583 5830 5892 5831 
11584 5831 5892 5893 
11585 5831 5893 5832 
11586 5832 5893 5894 
11587 5832 5894 5833 
11588 5833 5894 5895 
11589 5833 5895 5834 
11590 5834 5895 5896 
11591 5834 5896 417 
11592 417 5896 416 
11593 279 280 5835 
11594 5835 280 5897 
11595 5835 5897 5836 
11596 5836 5897 5898 
11597 5836 5898 5837 
11598 5837 5898 5899 
11599 5837 5899 5838 
11600 5838 5899 5900 
11601 5838 5900 5839 
11602 5839 5900 5901 
11603 5839 5901 5840 
11604 5840 5901 5902 
11605 5840 5902 5841 
11606 5841 5902 5903 
11607 5841 5903 5842 
11608 5842 5903 5904 
11609 5842 5904 5843 
11610 5843 5904 5905 
11611 5843 5905 5844 
11612 5844 5905 5906 
11613 5844 5906 5845 
11614 5845 5906 5907 
11615 5845 5907 5846 
11616 5846 5907 5908 
11617 5846 5908 5847 
11618 5847 5908 5909 
11619 5847 5909 5848 
11620 5848 5909 5910 
11621 5848 5910 5849 
11622 5849 5910 5911 
11623 5849 5911 5850 
11624 5850 5911 5912 
11625 5850 5912 5851 
11626 5851 5912 5913 
11627 5851 5913 5852 
11628 5852 5913 5914 
11629 5852 5914 5853 
11630 5853 5914 5915 
11631 5853 5915 5854 
11632 5854 5915 5916 
11633 5854 5916 5855 
11634 5855 5916 5917 
11635 5855 5917 5856 
11636 5856 5917 5918 
11637 5856 5918 5857 
11638 5857 5918 5919 
11639 5857 5919 5858 
11640 5858 5919 5920 
11641 5858 5920 5859 
11642 5859 5920 5921 
11643 5859 5921 5860 
11644 5860 5921 5922 
11645 5860 5922 5861 
11646 5861 5922 5923 
11647 5861 5923 5862 
11648 5862 5923 5924 
11649 5862 5924 5863 
11650 5863 5924 5925 
11651 5863 5925 5864 
11652 5864 5925 5926 
11653 5864 5926 5865 
11654 5865 5926 5927 
11655 5865 5927 5866 
11656 5866 5927 5928 
11657 5866 5928 5867 
11658 5867 5928 5929 
11659 5867 5929 5868 
11660 5868 5929 5930 
11661 5868 5930 5869 
11662 5869 5930 5931 
11663 5869 5931 5870 
11664 5870 5931 5932 
11665 5870 5932 5871 
11666 5871 5932 5933 
11667 5871 5933 5872 
11668 5872 5933 5934 
11669 5872 5934 5873 
11670 5873 5934 5935 
11671 5873 5935 5874 
11672 5874 5935 5936 
11673 5874 5936 5875 
11674 5875 5936 5937 
11675 5875 5937 5876 
11676 5876 5937 5938 
11677 5876 5938 5877 
11678 5877 5938 5939 
11679 5877 5939 5878 
11680 5878 5939 5940 
11681 5878 5940 5879 
11682 5879 5940 5941 
11683 5879 5941 5880 
11684 5880 5941 5942 
11685 5880 5942 5881 
11686 5881 5942 5943 
11687 5881 5943 5882 
11688 5882 5943 5944 
11689 5882 5944 5883 
11690 5883 5944 5945 
11691 5883 5945 5884 
11692 5884 5945 5946 
11693 5884 5946 5885 
11694 5885 5946 5947 
11695 5885 5947 5886 
11696 5886 5947 5948 
11697 5886 5948 5887 
11698 5887 5948 5949 
11699 5887 5949 5888 
11700 5888 5949 5950 
11701 5888 5950 5889 
11702 5889 5950 5951 
11703 5889 5951 5890 
11704 5890 5951 5952 
11705 5890 5952 5891 
11706 5891 5952 5953 
11707 5891 5953 5892 
11708 5892 5953 5954 
11709 5892 5954 5893 
11710 5893 5954 5955 
11711 5893 5955 5894 
11712 5894 5955 5956 
11713 5894 5956 5895 
11714 5895 5956 5957 
11715 5895 5957 5896 
11716 5896 5957 5958 
11717 5896 5958 416 
11718 416 5958 415 
11719 280 281 5897 
11720 5897 281 5959 
11721 5897 5959 5898 
11722 5898 5959 5960 
11723 5898 5960 5899 
11724 5899 5960 5961 
11725 5899 5961 5900 
11726 5900 5961 5962 
11727 5900 5962 5901 
11728 5901 5962 5963 
11729 5901 5963 5902 
11730 5902 5963 5964 
11731 5902 5964 5903 
11732 5903 5964 5965 
11733 5903 5965 5904 
11734 5904 5965 5966 
11735 5904 5966 5905 
11736 5905 5966 5967 
11737 5905 5967 5906 
11738 5906 5967 5968 
11739 5906 5968 5907 
11740 5907 5968 5969 
11741 5907 5969 5908 
11742 5908 5969 5970 
11743 5908 5970 5909 
11744 5909 5970 5971 
11745 5909 5971 5910 
11746 5910 5971 5972 
11747 5910 5972 5911 
11748 5911 5972 5973 
11749 5911 5973 5912 
11750 5912 5973 5974 
11751 5912 5974 5913 
11752 5913 5974 5975 
11753 5913 5975 5914 
11754 5914 5975 5976 
11755 5914 5976 5915 
11756 5915 5976 5977 
11757 5915 5977 5916 
11758 5916 5977 5978 
11759 5916 5978 5917 
11760 5917 5978 5979 
11761 5917 5979 5918 
11762 5918 5979 5980 
11763 5918 5980 5919 
11764 5919 5980 5981 
11765 5919 5981 5920 
11766 5920 5981 5982 
11767 5920 5982 5921 
11768 5921 5982 5983 
11769 5921 5983 5922 
11770 5922 5983 5984 
11771 5922 5984 5923 
11772 5923 5984 5985 
11773 5923 5985 5924 
11774 5924 5985 5986 
11775 5924 5986 5925 
11776 5925 5986 5987 
11777 5925 5987 5926 
11778 5926 5987 5988 
11779 5926 5988 5927 
11780 5927 5988 5989 
11781 5927 5989 5928 
11782 5928 5989 5990 
11783 5928 5990 5929 
11784 5929 5990 5991 
11785 5929 5991 5930 
11786 5930 5991 5992 
11787 5930 5992 5931 
11788 5931 5992 5993 
11789 5931 5993 5932 
11790 5932 5993 5994 
11791 5932 5994 5933 
11792 5933 5994 5995 
11793 5933 5995 5934 
11794 5934 5995 5996 
11795 5934 5996 5935 
11796 5935 5996 5997 
11797 5935 5997 5936 
11798 5936 5997 5998 
11799 5936 5998 5937 
11800 5937 5998 5999 
11801 5937 5999 5938 
11802 5938 5999 6000 
11803 5938 6000 5939 
11804 5939 6000 6001 
11805 5939 6001 5940 
11806 5940 6001 6002 
11807 5940 6002 5941 
11808 5941 6002 6003 
11809 5941 6003 5942 
11810 5942 6003 6004 
11811 5942 6004 5943 
11812 5943 6004 6005 
11813 5943 6005 5944 
11814 5944 6005 6006 
11815 5944 6006 5945 
11816 5945 6006 6007 
11817 5945 6007 5946 
11818 5946 6007 6008 
11819 5946 6008 5947 
11820 5947 6008 6009 
11821 5947 6009 5948 
11822 5948 6009 6010 
11823 5948 6010 5949 
11824 5949 6010 6011 
11825 5949 6011 5950 
11826 5950 6011 6012 
11827 5950 6012 5951 
11828 5951 6012 6013 
11829 5951 6013 5952 
11830 5952 6013 6014 
11831 5952 6014 5953 
11832 5953 6014 6015 
11833 5953 6015 5954 
11834 5954 6015 6016 
11835 5954 6016 5955 
11836 5955 6016 6017 
11837 5955 6017 5956 
11838 5956 6017 6018 
11839 5956 6018 5957 
11840 5957 6018 6019 
11841 5957 6019 5958 
11842 5958 6019 6020 
11843 5958 6020 415 
11844 415 6020 414 
11845 281 282 5959 
11846 5959 282 6021 
11847 5959 6021 5960 
11848 5960 6021 6022 
11849 5960 6022 5961 
11850 5961 6022 6023 
11851 5961 6023 5962 
11852 5962 6023 6024 
11853 5962 6024 5963 
11854 5963 6024 6025 
11855 5963 6025 5964 
11856 5964 6025 6026 
11857 5964 6026 5965 
11858 5965 6026 6027 
11859 5965 6027 5966 
11860 5966 6027 6028 
11861 5966 6028 5967 
11862 5967 6028 6029 
11863 5967 6029 5968 
11864 5968 6029 6030 
11865 5968 6030 5969 
11866 5969 6030 6031 
11867 5969 6031 5970 
11868 5970 6031 6032 
11869 5970 6032 5971 
11870 5971 6032 6033 
11871 5971 6033 5972 
11872 5972 6033 6034 
11873 5972 6034 5973 
11874 5973 6034 6035 
11875 5973 6035 5974 
11876 5974 6035 6036 
11877 5974 6036 5975 
11878 5975 6036 6037 
11879 5975 6037 5976 
11880 5976 6037 6038 
11881 5976 6038 5977 
11882 5977 6038 6039 
11883 5977 6039 5978 
11884 5978 6039 6040 
11885 5978 6040 5979 
11886 5979 6040 6041 
11887 5979 6041 5980 
11888 5980 6041 6042 
11889 5980 6042 5981 
11890 5981 6042 6043 
11891 5981 6043 5982 
11892 5982 6043 6044 
11893 5982 6044 5983 
11894 5983 6044 6045 
11895 5983 6045 5984 
11896 5984 6045 6046 
11897 5984 6046 5985 
11898 5985 6046 6047 
11899 5985 6047 5986 
11900 5986 6047 6048 
11901 5986 6048 5987 
11902 5987 6048 6049 
11903 5987 6049 5988 
11904 5988 6049 6050 
11905 5988 6050 5989 
11906 5989 6050 6051 
11907 5989 6051 5990 
11908 5990 6051 6052 
11909 5990 6052 5991 
11910 5991 6052 6053 
11911 5991 6053 5992 
11912 5992 6053 6054 
11913 5992 6054 5993 
11914 5993 6054 6055 
11915 5993 6055 5994 
11916 5994 6055 6056 
11917 5994 6056 5995 
11918 5995 6056 6057 
11919 5995 6057 5996 
11920 5996 6057 6058 
11921 5996 6058 5997 
11922 5997 6058 6059 
11923 5997 6059 5998 
11924 5998 6059 6060 
11925 5998 6060 5999 
11926 5999 6060 6061 
11927 5999 6061 6000 
11928 6000 6061 6062 
11929 6000 6062 6001 
11930 6001 6062 6063 
11931 6001 6063 6002 
11932 6002 6063 6064 
11933 6002 6064 6003 
11934 6003 6064 6065 
11935 6003 6065 6004 
11936 6004 6065 6066 
11937 6004 6066 6005 
11938 6005 6066 6067 
11939 6005 6067 6006 
11940 6006 6067 6068 
11941 6006 6068 6007 
11942 6007 6068 6069 
11943 6007 6069 6008 
11944 6008 6069 6070 
11945 6008 6070 6009 
11946 6009 6070 6071 
11947 6009 6071 6010 
11948 6010 6071 6072 
11949 6010 6072 6011 
11950 6011 6072 6073 
11951 6011 6073 6012 
11952 6012 6073 6074 
11953 6012 6074 6013 
11954 6013 6074 6075 
11955 6013 6075 6014 
11956 6014 6075 6076 
11957 6014 6076 6015 
11958 6015 6076 6077 
11959 6015 6077 6016 
11960 6016 6077 6078 
11961 6016 6078 6017 
11962 6017 6078 6079 
11963 6017 6079 6018 
11964 6018 6079 6080 
11965 6018 6080 6019 
11966 6019 6080 6081 
11967 6019 6081 6020 
11968 6020 6081 6082 
11969 6020 6082 414 
11970 414 6082 413 
11971 282 283 6021 
11972 6021 283 6083 
11973 6021 6083 6022 
11974 6022 6083 6084 
11975 6022 6084 6023 
11976 6023 6084 6085 
11977 6023 6085 6024 
11978 6024 6085 6086 
11979 6024 6086 6025 
11980 6025 6086 6087 
11981 6025 6087 6026 
11982 6026 6087 6088 
11983 6026 6088 6027 
11984 6027 6088 6089 
11985 6027 6089 6028 
11986 6028 6089 6090 
11987 6028 6090 6029 
11988 6029 6090 6091 
11989 6029 6091 6030 
11990 6030 6091 6092 
11991 6030 6092 6031 
11992 6031 6092 6093 
11993 6031 6093 6032 
11994 6032 6093 6094 
11995 6032 6094 6033 
11996 6033 6094 6095 
11997 6033 6095 6034 
11998 6034 6095 6096 
11999 6034 6096 6035 
12000 6035 6096 6097 
12001 6035 6097 6036 
12002 6036 6097 6098 
12003 6036 6098 6037 
12004 6037 6098 6099 
12005 6037 6099 6038 
12006 6038 6099 6100 
12007 6038 6100 6039 
12008 6039 6100 6101 
12009 6039 6101 6040 
12010 6040 6101 6102 
12011 6040 6102 6041 
12012 6041 6102 6103 
12013 6041 6103 6042 
12014 6042 6103 6104 
12015 6042 6104 6043 
12016 6043 6104 6105 
12017 6043 6105 6044 
12018 6044 6105 6106 
12019 6044 6106 6045 
12020 6045 6106 6107 
12021 6045 6107 6046 
12022 6046 6107 6108 
12023 6046 6108 6047 
12024 6047 6108 6109 
12025 6047 6109 6048 
12026 6048 6109 6110 
12027 6048 6110 6049 
12028 6049 6110 6111 
12029 6049 6111 6050 
12030 6050 6111 6112 
12031 6050 6112 6051 
12032 6051 6112 6113 
12033 6051 6113 6052 
12034 6052 6113 6114 
12035 6052 6114 6053 
12036 6053 6114 6115 
12037 6053 6115 6054 
12038 6054 6115 6116 
12039 6054 6116 6055 
12040 6055 6116 6117 
12041 6055 6117 6056 
12042 6056 6117 6118 
12043 6056 6118 6057 
12044 6057 6118 6119 
12045 6057 6119 6058 
12046 6058 6119 6120 
12047 6058 6120 6059 
12048 6059 6120 6121 
12049 6059 6121 6060 
12050 6060 6121 6122 
12051 6060 6122 6061 
12052 6061 6122 6123 
12053 6061 6123 6062 
12054 6062 6123 6124 
12055 6062 6124 6063 
12056 6063 6124 6125 
12057 6063 6125 6064 
12058 6064 6125 6126 
12059 6064 6126 6065 
12060 6065 6126 6127 
12061 6065 6127 6066 
12062 6066 6127 6128 
12063 6066 6128 6067 
12064 6067 6128 6129 
12065 6067 6129 6068 
12066 6068 6129 6130 
12067 6068 6130 6069 
12068 6069 6130 6131 
12069 6069 6131 6070 
12070 6070 6131 6132 
12071 6070 6132 6071 
12072 6071 6132 6133 
12073 6071 6133 6072 
12074 6072 6133 6134 
12075 6072 6134 6073 
12076 6073 6134 6135 
12077 6073 6135 6074 
12078 6074 6135 6136 
12079 6074 6136 6075 
12080 6075 6136 6137 
12081 6075 6137 6076 
12082 6076 6137 6138 
12083 6076 6138 6077 
12084 6077 6138 6139 
12085 6077 6139 6078 
12086 6078 6139 6140 
12087 6078 6140 6079 
12088 6079 6140 6141 
12089 6079 6141 6080 
12090 6080 6141 6142 
12091 6080 6142 6081 
12092 6081 6142 6143 
12093 6081 6143 6082 
12094 6082 6143 6144 
12095 6082 6144 413 
12096 413 6144 412 
12097 283 284 6083 
12098 6083 284 6145 
12099 6083 6145 6084 
12100 6084 6145 6146 
12101 6084 6146 6085 
12102 6085 6146 6147 
12103 6085 6147 6086 
12104 6086 6147 6148 
12105 6086 6148 6087 
12106 6087 6148 6149 
12107 6087 6149 6088 
12108 6088 6149 6150 
12109 6088 6150 6089 
12110 6089 6150 6151 
12111 6089 6151 6090 
12112 6090 6151 6152 
12113 6090 6152 6091 
12114 6091 6152 6153 
12115 6091 6153 6092 
12116 6092 6153 6154 
12117 6092 6154 6093 
12118 6093 6154 6155 
12119 6093 6155 6094 
12120 6094 6155 6156 
12121 6094 6156 6095 
12122 6095 6156 6157 
12123 6095 6157 6096 
12124 6096 6157 6158 
12125 6096 6158 6097 
12126 6097 6158 6159 
12127 6097 6159 6098 
12128 6098 6159 6160 
12129 6098 6160 6099 
12130 6099 6160 6161 
12131 6099 6161 6100 
12132 6100 6161 6162 
12133 6100 6162 6101 
12134 6101 6162 6163 
12135 6101 6163 6102 
12136 6102 6163 6164 
12137 6102 6164 6103 
12138 6103 6164 6165 
12139 6103 6165 6104 
12140 6104 6165 6166 
12141 6104 6166 6105 
12142 6105 6166 6167 
12143 6105 6167 6106 
12144 6106 6167 6168 
12145 6106 6168 6107 
12146 6107 6168 6169 
12147 6107 6169 6108 
12148 6108 6169 6170 
12149 6108 6170 6109 
12150 6109 6170 6171 
12151 6109 6171 6110 
12152 6110 6171 6172 
12153 6110 6172 6111 
12154 6111 6172 6173 
12155 6111 6173 6112 
12156 6112 6173 6174 
12157 6112 6174 6113 
12158 6113 6174 6175 
12159 6113 6175 6114 
12160 6114 6175 6176 
12161 6114 6176 6115 
12162 6115 6176 6177 
12163 6115 6177 6116 
12164 6116 6177 6178 
12165 6116 6178 6117 
12166 6117 6178 6179 
12167 6117 6179 6118 
12168 6118 6179 6180 
12169 6118 6180 6119 
12170 6119 6180 6181 
12171 6119 6181 6120 
12172 6120 6181 6182 
12173 6120 6182 6121 
12174 6121 6182 6183 
12175 6121 6183 6122 
12176 6122 6183 6184 
12177 6122 6184 6123 
12178 6123 6184 6185 
12179 6123 6185 6124 
12180 6124 6185 6186 
12181 6124 6186 6125 
12182 6125 6186 6187 
12183 6125 6187 6126 
12184 6126 6187 6188 
12185 6126 6188 6127 
12186 6127 6188 6189 
12187 6127 6189 6128 
12188 6128 6189 6190 
12189 6128 6190 6129 
12190 6129 6190 6191 
12191 6129 6191 6130 
12192 6130 6191 6192 
12193 6130 6192 6131 
12194 6131 6192 6193 
12195 6131 6193 6132 
12196 6132 6193 6194 
12197 6132 6194 6133 
12198 6133 6194 6195 
12199 6133 6195 6134 
12200 6134 6195 6196 
12201 6134 6196 6135 
12202 6135 6196 6197 
12203 6135 6197 6136 
12204 6136 6197 6198 
12205 6136 6198 6137 
12206 6137 6198 6199 
12207 6137 6199 6138 
12208 6138 6199 6200 
12209 6138 6200 6139 
12210 6139 6200 6201 
12211 6139 6201 6140 
12212 6140 6201 6202 
12213 6140 6202 6141 
12214 6141 6202 6203 
12215 6141 6203 6142 
12216 6142 6203 6204 
12217 6142 6204 6143 
12218 6143 6204 6205 
12219 6143 6205 6144 
12220 6144 6205 6206 
12221 6144 6206 412 
12222 412 6206 411 
12223 284 285 6145 
12224 6145 285 6207 
12225 6145 6207 6146 
12226 6146 6207 6208 
12227 6146 6208 6147 
12228 6147 6208 6209 
12229 6147 6209 6148 
12230 6148 6209 6210 
12231 6148 6210 6149 
12232 6149 6210 6211 
12233 6149 6211 6150 
12234 6150 6211 6212 
12235 6150 6212 6151 
12236 6151 6212 6213 
12237 6151 6213 6152 
12238 6152 6213 6214 
12239 6152 6214 6153 
12240 6153 6214 6215 
12241 6153 6215 6154 
12242 6154 6215 6216 
12243 6154 6216 6155 
12244 6155 6216 6217 
12245 6155 6217 6156 
12246 6156 6217 6218 
12247 6156 6218 6157 
12248 6157 6218 6219 
12249 6157 6219 6158 
12250 6158 6219 6220 
12251 6158 6220 6159 
12252 6159 6220 6221 
12253 6159 6221 6160 
12254 6160 6221 6222 
12255 6160 6222 6161 
12256 6161 6222 6223 
12257 6161 6223 6162 
12258 6162 6223 6224 
12259 6162 6224 6163 
12260 6163 6224 6225 
12261 6163 6225 6164 
12262 6164 6225 6226 
12263 6164 6226 6165 
12264 6165 6226 6227 
12265 6165 6227 6166 
12266 6166 6227 6228 
12267 6166 6228 6167 
12268 6167 6228 6229 
12269 6167 6229 6168 
12270 6168 6229 6230 
12271 6168 6230 6169 
12272 6169 6230 6231 
12273 6169 6231 6170 
12274 6170 6231 6232 
12275 6170 6232 6171 
12276 6171 6232 6233 
12277 6171 6233 6172 
12278 6172 6233 6234 
12279 6172 6234 6173 
12280 6173 6234 6235 
12281 6173 6235 6174 
12282 6174 6235 6236 
12283 6174 6236 6175 
12284 6175 6236 6237 
12285 6175 6237 6176 
12286 6176 6237 6238 
12287 6176 6238 6177 
12288 6177 6238 6239 
12289 6177 6239 6178 
12290 6178 6239 6240 
12291 6178 6240 6179 
12292 6179 6240 6241 
12293 6179 6241 6180 
12294 6180 6241 6242 
12295 6180 6242 6181 
12296 6181 6242 6243 
12297 6181 6243 6182 
12298 6182 6243 6244 
12299 6182 6244 6183 
12300 6183 6244 6245 
12301 6183 6245 6184 
12302 6184 6245 6246 
12303 6184 6246 6185 
12304 6185 6246 6247 
12305 6185 6247 6186 
12306 6186 6247 6248 
12307 6186 6248 6187 
12308 6187 6248 6249 
12309 6187 6249 6188 
12310 6188 6249 6250 
12311 6188 6250 6189 
12312 6189 6250 6251 
12313 6189 6251 6190 
12314 6190 6251 6252 
12315 6190 6252 6191 
12316 6191 6252 6253 
12317 6191 6253 6192 
12318 6192 6253 6254 
12319 6192 6254 6193 
12320 6193 6254 6255 
12321 6193 6255 6194 
12322 6194 6255 6256 
12323 6194 6256 6195 
12324 6195 6256 6257 
12325 6195 6257 6196 
12326 6196 6257 6258 
12327 6196 6258 6197 
12328 6197 6258 6259 
12329 6197 6259 6198 
12330 6198 6259 6260 
12331 6198 6260 6199 
12332 6199 6260 6261 
12333 6199 6261 6200 
12334 6200 6261 6262 
12335 6200 6262 6201 
12336 6201 6262 6263 
12337 6201 6263 6202 
12338 6202 6263 6264 
12339 6202 6264 6203 
12340 6203 6264 6265 
12341 6203 6265 6204 
12342 6204 6265 6266 
12343 6204 6266 6205 
12344 6205 6266 6267 
12345 6205 6267 6206 
12346 6206 6267 6268 
12347 6206 6268 411 
12348 411 6268 410 
12349 285 286 6207 
12350 6207 286 6269 
12351 6207 6269 6208 
12352 6208 6269 6270 
12353 6208 6270 6209 
12354 6209 6270 6271 
12355 6209 6271 6210 
12356 6210 6271 6272 
12357 6210 6272 6211 
12358 6211 6272 6273 
12359 6211 6273 6212 
12360 6212 6273 6274 
12361 6212 6274 6213 
12362 6213 6274 6275 
12363 6213 6275 6214 
12364 6214 6275 6276 
12365 6214 6276 6215 
12366 6215 6276 6277 
12367 6215 6277 6216 
12368 6216 6277 6278 
12369 6216 6278 6217 
12370 6217 6278 6279 
12371 6217 6279 6218 
12372 6218 6279 6280 
12373 6218 6280 6219 
12374 6219 6280 6281 
12375 6219 6281 6220 
12376 6220 6281 6282 
12377 6220 6282 6221 
12378 6221 6282 6283 
12379 6221 6283 6222 
12380 6222 6283 6284 
12381 6222 6284 6223 
12382 6223 6284 6285 
12383 6223 6285 6224 
12384 6224 6285 6286 
12385 6224 6286 6225 
12386 6225 6286 6287 
12387 6225 6287 6226 
12388 6226 6287 6288 
12389 6226 6288 6227 
12390 6227 6288 6289 
12391 6227 6289 6228 
12392 6228 6289 6290 
12393 6228 6290 6229 
12394 6229 6290 6291 
12395 6229 6291 6230 
12396 6230 6291 6292 
12397 6230 6292 6231 
12398 6231 6292 6293 
12399 6231 6293 6232 
12400 6232 6293 6294 
12401 6232 6294 6233 
12402 6233 6294 6295 
12403 6233 6295 6234 
12404 6234 6295 6296 
12405 6234 6296 6235 
12406 6235 6296 6297 
12407 6235 6297 6236 
12408 6236 6297 6298 
12409 6236 6298 6237 
12410 6237 6298 6299 
12411 6237 6299 6238 
12412 6238 6299 6300 
12413 6238 6300 6239 
12414 6239 6300 6301 
12415 6239 6301 6240 
12416 6240 6301 6302 
12417 6240 6302 6241 
12418 6241 6302 6303 
12419 6241 6303 6242 
12420 6242 6303 6304 
12421 6242 6304 6243 
12422 6243 6304 6305 
12423 6243 6305 6244 
12424 6244 6305 6306 
12425 6244 6306 6245 
12426 6245 6306 6307 
12427 6245 6307 6246 
12428 6246 6307 6308 
12429 6246 6308 6247 
12430 6247 6308 6309 
12431 6247 6309 6248 
12432 6248 6309 6310 
12433 6248 6310 6249 
12434 6249 6310 6311 
12435 6249 6311 6250 
12436 6250 6311 6312 
12437 6250 6312 6251 
12438 6251 6312 6313 
12439 6251 6313 6252 
12440 6252 6313 6314 
12441 6252 6314 6253 
12442 6253 6314 6315 
12443 6253 6315 6254 
12444 6254 6315 6316 
12445 6254 6316 6255 
12446 6255 6316 6317 
12447 6255 6317 6256 
12448 6256 6317 6318 
12449 6256 6318 6257 
12450 6257 6318 6319 
12451 6257 6319 6258 
12452 6258 6319 6320 
12453 6258 6320 6259 
12454 6259 6320 6321 
12455 6259 6321 6260 
12456 6260 6321 6322 
12457 6260 6322 6261 
12458 6261 6322 6323 
12459 6261 6323 6262 
12460 6262 6323 6324 
12461 6262 6324 6263 
12462 6263 6324 6325 
12463 6263 6325 6264 
12464 6264 6325 6326 
12465 6264 6326 6265 
12466 6265 6326 6327 
12467 6265 6327 6266 
12468 6266 6327 6328 
12469 6266 6328 6267 
12470 6267 6328 6329 
12471 6267 6329 6268 
12472 6268 6329 6330 
12473 6268 6330 410 
12474 410 6330 409 
12475 286 287 6269 
12476 6269 287 6331 
12477 6269 6331 6270 
12478 6270 6331 6332 
12479 6270 6332 6271 
12480 6271 6332 6333 
12481 6271 6333 6272 
12482 6272 6333 6334 
12483 6272 6334 6273 
12484 6273 6334 6335 
12485 6273 6335 6274 
12486 6274 6335 6336 
12487 6274 6336 6275 
12488 6275 6336 6337 
12489 6275 6337 6276 
12490 6276 6337 6338 
12491 6276 6338 6277 
12492 6277 6338 6339 
12493 6277 6339 6278 
12494 6278 6339 6340 
12495 6278 6340 6279 
12496 6279 6340 6341 
12497 6279 6341 6280 
12498 6280 6341 6342 
12499 6280 6342 6281 
12500 6281 6342 6343 
12501 6281 6343 6282 
12502 6282 6343 6344 
12503 6282 6344 6283 
12504 6283 6344 6345 
12505 6283 6345 6284 
12506 6284 6345 6346 
12507 6284 6346 6285 
12508 6285 6346 6347 
12509 6285 6347 6286 
12510 6286 6347 6348 
12511 6286 6348 6287 
12512 6287 6348 6349 
12513 6287 6349 6288 
12514 6288 6349 6350 
12515 6288 6350 6289 
12516 6289 6350 6351 
12517 6289 6351 6290 
12518 6290 6351 6352 
12519 6290 6352 6291 
12520 6291 6352 6353 
12521 6291 6353 6292 
12522 6292 6353 6354 
12523 6292 6354 6293 
12524 6293 6354 6355 
12525 6293 6355 6294 
12526 6294 6355 6356 
12527 6294 6356 6295 
12528 6295 6356 6357 
12529 6295 6357 6296 
12530 6296 6357 6358 
12531 6296 6358 6297 
12532 6297 6358 6359 
12533 6297 6359 6298 
12534 6298 6359 6360 
12535 6298 6360 6299 
12536 6299 6360 6361 
12537 6299 6361 6300 
12538 6300 6361 6362 
12539 6300 6362 6301 
12540 6301 6362 6363 
12541 6301 6363 6302 
12542 6302 6363 6364 
12543 6302 6364 6303 
12544 6303 6364 6365 
12545 6303 6365 6304 
12546 6304 6365 6366 
12547 6304 6366 6305 
12548 6305 6366 6367 
12549 6305 6367 6306 
12550 6306 6367 6368 
12551 6306 6368 6307 
12552 6307 6368 6369 
12553 6307 6369 6308 
12554 6308 6369 6370 
12555 6308 6370 6309 
12556 6309 6370 6371 
12557 6309 6371 6310 
12558 6310 6371 6372 
12559 6310 6372 6311 
12560 6311 6372 6373 
12561 6311 6373 6312 
12562 6312 6373 6374 
12563 6312 6374 6313 
12564 6313 6374 6375 
12565 6313 6375 6314 
12566 6314 6375 6376 
12567 6314 6376 6315 
12568 6315 6376 6377 
12569 6315 6377 6316 
12570 6316 6377 6378 
12571 6316 6378 6317 
12572 6317 6378 6379 
12573 6317 6379 6318 
12574 6318 6379 6380 
12575 6318 6380 6319 
12576 6319 6380 6381 
12577 6319 6381 6320 
12578 6320 6381 6382 
12579 6320 6382 6321 
12580 6321 6382 6383 
12581 6321 6383 6322 
12582 6322 6383 6384 
12583 6322 6384 6323 
12584 6323 6384 6385 
12585 6323 6385 6324 
12586 6324 6385 6386 
12587 6324 6386 6325 
12588 6325 6386 6387 
12589 6325 6387 6326 
12590 6326 6387 6388 
12591 6326 6388 6327 
12592 6327 6388 6389 
12593 6327 6389 6328 
12594 6328 6389 6390 
12595 6328 6390 6329 
12596 6329 6390 6391 
12597 6329 6391 6330 
12598 6330 6391 6392 
12599 6330 6392 409 
12600 409 6392 408 
12601 287 288 6331 
12602 6331 288 6393 
12603 6331 6393 6332 
12604 6332 6393 6394 
12605 6332 6394 6333 
12606 6333 6394 6395 
12607 6333 6395 6334 
12608 6334 6395 6396 
12609 6334 6396 6335 
12610 6335 6396 6397 
12611 6335 6397 6336 
12612 6336 6397 6398 
12613 6336 6398 6337 
12614 6337 6398 6399 
12615 6337 6399 6338 
12616 6338 6399 6400 
12617 6338 6400 6339 
12618 6339 6400 6401 
12619 6339 6401 6340 
12620 6340 6401 6402 
12621 6340 6402 6341 
12622 6341 6402 6403 
12623 6341 6403 6342 
12624 6342 6403 6404 
12625 6342 6404 6343 
12626 6343 6404 6405 
12627 6343 6405 6344 
12628 6344 6405 6406 
12629 6344 6406 6345 
12630 6345 6406 6407 
12631 6345 6407 6346 
12632 6346 6407 6408 
12633 6346 6408 6347 
12634 6347 6408 6409 
12635 6347 6409 6348 
12636 6348 6409 6410 
12637 6348 6410 6349 
12638 6349 6410 6411 
12639 6349 6411 6350 
12640 6350 6411 6412 
12641 6350 6412 6351 
12642 6351 6412 6413 
12643 6351 6413 6352 
12644 6352 6413 6414 
12645 6352 6414 6353 
12646 6353 6414 6415 
12647 6353 6415 6354 
12648 6354 6415 6416 
12649 6354 6416 6355 
12650 6355 6416 6417 
12651 6355 6417 6356 
12652 6356 6417 6418 
12653 6356 6418 6357 
12654 6357 6418 6419 
12655 6357 6419 6358 
12656 6358 6419 6420 
12657 6358 6420 6359 
12658 6359 6420 6421 
12659 6359 6421 6360 
12660 6360 6421 6422 
12661 6360 6422 6361 
12662 6361 6422 6423 
12663 6361 6423 6362 
12664 6362 6423 6424 
12665 6362 6424 6363 
12666 6363 6424 6425 
12667 6363 6425 6364 
12668 6364 6425 6426 
12669 6364 6426 6365 
12670 6365 6426 6427 
12671 6365 6427 6366 
12672 6366 6427 6428 
12673 6366 6428 6367 
12674 6367 6428 6429 
12675 6367 6429 6368 
12676 6368 6429 6430 
12677 6368 6430 6369 
12678 6369 6430 6431 
12679 6369 6431 6370 
12680 6370 6431 6432 
12681 6370 6432 6371 
12682 6371 6432 6433 
12683 6371 6433 6372 
12684 6372 6433 6434 
12685 6372 6434 6373 
12686 6373 6434 6435 
12687 6373 6435 6374 
12688 6374 6435 6436 
12689 6374 6436 6375 
12690 6375 6436 6437 
12691 6375 6437 6376 
12692 6376 6437 6438 
12693 6376 6438 6377 
12694 6377 6438 6439 
12695 6377 6439 6378 
12696 6378 6439 6440 
12697 6378 6440 6379 
12698 6379 6440 6441 
12699 6379 6441 6380 
12700 6380 6441 6442 
12701 6380 6442 6381 
12702 6381 6442 6443 
12703 6381 6443 6382 
12704 6382 6443 6444 
12705 6382 6444 6383 
12706 6383 6444 6445 
12707 6383 6445 6384 
12708 6384 6445 6446 
12709 6384 6446 6385 
12710 6385 6446 6447 
12711 6385 6447 6386 
12712 6386 6447 6448 
12713 6386 6448 6387 
12714 6387 6448 6449 
12715 6387 6449 6388 
12716 6388 6449 6450 
12717 6388 6450 6389 
12718 6389 6450 6451 
12719 6389 6451 6390 
12720 6390 6451 6452 
12721 6390 6452 6391 
12722 6391 6452 6453 
12723 6391 6453 6392 
12724 6392 6453 6454 
12725 6392 6454 408 
12726 408 6454 407 
12727 288 289 6393 
12728 6393 289 6455 
12729 6393 6455 6394 
12730 6394 6455 6456 
12731 6394 6456 6395 
12732 6395 6456 6457 
12733 6395 6457 6396 
12734 6396 6457 6458 
12735 6396 6458 6397 
12736 6397 6458 6459 
12737 6397 6459 6398 
12738 6398 6459 6460 
12739 6398 6460 6399 
12740 6399 6460 6461 
12741 6399 6461 6400 
12742 6400 6461 6462 
12743 6400 6462 6401 
12744 6401 6462 6463 
12745 6401 6463 6402 
12746 6402 6463 6464 
12747 6402 6464 6403 
12748 6403 6464 6465 
12749 6403 6465 6404 
12750 6404 6465 6466 
12751 6404 6466 6405 
12752 6405 6466 6467 
12753 6405 6467 6406 
12754 6406 6467 6468 
12755 6406 6468 6407 
12756 6407 6468 6469 
12757 6407 6469 6408 
12758 6408 6469 6470 
12759 6408 6470 6409 
12760 6409 6470 6471 
12761 6409 6471 6410 
12762 6410 6471 6472 
12763 6410 6472 6411 
12764 6411 6472 6473 
12765 6411 6473 6412 
12766 6412 6473 6474 
12767 6412 6474 6413 
12768 6413 6474 6475 
12769 6413 6475 6414 
12770 6414 6475 6476 
12771 6414 6476 6415 
12772 6415 6476 6477 
12773 6415 6477 6416 
12774 6416 6477 6478 
12775 6416 6478 6417 
12776 6417 6478 6479 
12777 6417 6479 6418 
12778 6418 6479 6480 
12779 6418 6480 6419 
12780 6419 6480 6481 
12781 6419 6481 6420 
12782 6420 6481 6482 
12783 6420 6482 6421 
12784 6421 6482 6483 
12785 6421 6483 6422 
12786 6422 6483 6484 
12787 6422 6484 6423 
12788 6423 6484 6485 
12789 6423 6485 6424 
12790 6424 6485 6486 
12791 6424 6486 6425 
12792 6425 6486 6487 
12793 6425 6487 6426 
12794 6426 6487 6488 
12795 6426 6488 6427 
12796 6427 6488 6489 
12797 6427 6489 6428 
12798 6428 6489 6490 
12799 6428 6490 6429 
12800 6429 6490 6491 
12801 6429 6491 6430 
12802 6430 6491 6492 
12803 6430 6492 6431 
12804 6431 6492 6493 
12805 6431 6493 6432 
12806 6432 6493 6494 
12807 6432 6494 6433 
12808 6433 6494 6495 
12809 6433 6495 6434 
12810 6434 6495 6496 
12811 6434 6496 6435 
12812 6435 6496 6497 
12813 6435 6497 6436 
12814 6436 6497 6498 
12815 6436 6498 6437 
12816 6437 6498 6499 
12817 6437 6499 6438 
12818 6438 6499 6500 
12819 6438 6500 6439 
12820 6439 6500 6501 
12821 6439 6501 6440 
12822 6440 6501 6502 
12823 6440 6502 6441 
12824 6441 6502 6503 
12825 6441 6503 6442 
12826 6442 6503 6504 
12827 6442 6504 6443 
12828 6443 6504 6505 
12829 6443 6505 6444 
12830 6444 6505 6506 
12831 6444 6506 6445 
12832 6445 6506 6507 
12833 6445 6507 6446 
12834 6446 6507 6508 
12835 6446 6508 6447 
12836 6447 6508 6509 
12837 6447 6509 6448 
12838 6448 6509 6510 
12839 6448 6510 6449 
12840 6449 6510 6511 
12841 6449 6511 6450 
12842 6450 6511 6512 
12843 6450 6512 6451 
12844 6451 6512 6513 
12845 6451 6513 6452 
12846 6452 6513 6514 
12847 6452 6514 6453 
12848 6453 6514 6515 
12849 6453 6515 6454 
12850 6454 6515 6516 
12851 6454 6516 407 
12852 407 6516 406 
12853 289 290 6455 
12854 6455 290 6517 
12855 6455 6517 6456 
12856 6456 6517 6518 
12857 6456 6518 6457 
12858 6457 6518 6519 
12859 6457 6519 6458 
12860 6458 6519 6520 
12861 6458 6520 6459 
12862 6459 6520 6521 
12863 6459 6521 6460 
12864 6460 6521 6522 
12865 6460 6522 6461 
12866 6461 6522 6523 
12867 6461 6523 6462 
12868 6462 6523 6524 
12869 6462 6524 6463 
12870 6463 6524 6525 
12871 6463 6525 6464 
12872 6464 6525 6526 
12873 6464 6526 6465 
12874 6465 6526 6527 
12875 6465 6527 6466 
12876 6466 6527 6528 
12877 6466 6528 6467 
12878 6467 6528 6529 
12879 6467 6529 6468 
12880 6468 6529 6530 
12881 6468 6530 6469 
12882 6469 6530 6531 
12883 6469 6531 6470 
12884 6470 6531 6532 
12885 6470 6532 6471 
12886 6471 6532 6533 
12887 6471 6533 6472 
12888 6472 6533 6534 
12889 6472 6534 6473 
12890 6473 6534 6535 
12891 6473 6535 6474 
12892 6474 6535 6536 
12893 6474 6536 6475 
12894 6475 6536 6537 
12895 6475 6537 6476 
12896 6476 6537 6538 
12897 6476 6538 6477 
12898 6477 6538 6539 
12899 6477 6539 6478 
12900 6478 6539 6540 
12901 6478 6540 6479 
12902 6479 6540 6541 
12903 6479 6541 6480 
12904 6480 6541 6542 
12905 6480 6542 6481 
12906 6481 6542 6543 
12907 6481 6543 6482 
12908 6482 6543 6544 
12909 6482 6544 6483 
12910 6483 6544 6545 
12911 6483 6545 6484 
12912 6484 6545 6546 
12913 6484 6546 6485 
12914 6485 6546 6547 
12915 6485 6547 6486 
12916 6486 6547 6548 
12917 6486 6548 6487 
12918 6487 6548 6549 
12919 6487 6549 6488 
12920 6488 6549 6550 
12921 6488 6550 6489 
12922 6489 6550 6551 
12923 6489 6551 6490 
12924 6490 6551 6552 
12925 6490 6552 6491 
12926 6491 6552 6553 
12927 6491 6553 6492 
12928 6492 6553 6554 
12929 6492 6554 6493 
12930 6493 6554 6555 
12931 6493 6555 6494 
12932 6494 6555 6556 
12933 6494 6556 6495 
12934 6495 6556 6557 
12935 6495 6557 6496 
12936 6496 6557 6558 
12937 6496 6558 6497 
12938 6497 6558 6559 
12939 6497 6559 6498 
12940 6498 6559 6560 
12941 6498 6560 6499 
12942 6499 6560 6561 
12943 6499 6561 6500 
12944 6500 6561 6562 
12945 6500 6562 6501 
12946 6501 6562 6563 
12947 6501 6563 6502 
12948 6502 6563 6564 
12949 6502 6564 6503 
12950 6503 6564 6565 
12951 6503 6565 6504 
12952 6504 6565 6566 
12953 6504 6566 6505 
12954 6505 6566 6567 
12955 6505 6567 6506 
12956 6506 6567 6568 
12957 6506 6568 6507 
12958 6507 6568 6569 
12959 6507 6569 6508 
12960 6508 6569 6570 
12961 6508 6570 6509 
12962 6509 6570 6571 
12963 6509 6571 6510 
12964 6510 6571 6572 
12965 6510 6572 6511 
12966 6511 6572 6573 
12967 6511 6573 6512 
12968 6512 6573 6574 
12969 6512 6574 6513 
12970 6513 6574 6575 
12971 6513 6575 6514 
12972 6514 6575 6576 
12973 6514 6576 6515 
12974 6515 6576 6577 
12975 6515 6577 6516 
12976 6516 6577 6578 
12977 6516 6578 406 
12978 406 6578 405 
12979 290 291 6517 
12980 6517 291 6579 
12981 6517 6579 6518 
12982 6518 6579 6580 
12983 6518 6580 6519 
12984 6519 6580 6581 
12985 6519 6581 6520 
12986 6520 6581 6582 
12987 6520 6582 6521 
12988 6521 6582 6583 
12989 6521 6583 6522 
12990 6522 6583 6584 
12991 6522 6584 6523 
12992 6523 6584 6585 
12993 6523 6585 6524 
12994 6524 6585 6586 
12995 6524 6586 6525 
12996 6525 6586 6587 
12997 6525 6587 6526 
12998 6526 6587 6588 
12999 6526 6588 6527 
13000 6527 6588 6589 
13001 6527 6589 6528 
13002 6528 6589 6590 
13003 6528 6590 6529 
13004 6529 6590 6591 
13005 6529 6591 6530 
13006 6530 6591 6592 
13007 6530 6592 6531 
13008 6531 6592 6593 
13009 6531 6593 6532 
13010 6532 6593 6594 
13011 6532 6594 6533 
13012 6533 6594 6595 
13013 6533 6595 6534 
13014 6534 6595 6596 
13015 6534 6596 6535 
13016 6535 6596 6597 
13017 6535 6597 6536 
13018 6536 6597 6598 
13019 6536 6598 6537 
13020 6537 6598 6599 
13021 6537 6599 6538 
13022 6538 6599 6600 
13023 6538 6600 6539 
13024 6539 6600 6601 
13025 6539 6601 6540 
13026 6540 6601 6602 
13027 6540 6602 6541 
13028 6541 6602 6603 
13029 6541 6603 6542 
13030 6542 6603 6604 
13031 6542 6604 6543 
13032 6543 6604 6605 
13033 6543 6605 6544 
13034 6544 6605 6606 
13035 6544 6606 6545 
13036 6545 6606 6607 
13037 6545 6607 6546 
13038 6546 6607 6608 
13039 6546 6608 6547 
13040 6547 6608 6609 
13041 6547 6609 6548 
13042 6548 6609 6610 
13043 6548 6610 6549 
13044 6549 6610 6611 
13045 6549 6611 6550 
13046 6550 6611 6612 
13047 6550 6612 6551 
13048 6551 6612 6613 
13049 6551 6613 6552 
13050 6552 6613 6614 
13051 6552 6614 6553 
13052 6553 6614 6615 
13053 6553 6615 6554 
13054 6554 6615 6616 
13055 6554 6616 6555 
13056 6555 6616 6617 
13057 6555 6617 6556 
13058 6556 6617 6618 
13059 6556 6618 6557 
13060 6557 6618 6619 
13061 6557 6619 6558 
13062 6558 6619 6620 
13063 6558 6620 6559 
13064 6559 6620 6621 
13065 6559 6621 6560 
13066 6560 6621 6622 
13067 6560 6622 6561 
13068 6561 6622 6623 
13069 6561 6623 6562 
13070 6562 6623 6624 
13071 6562 6624 6563 
13072 6563 6624 6625 
13073 6563 6625 6564 
13074 6564 6625 6626 
13075 6564 6626 6565 
13076 6565 6626 6627 
13077 6565 6627 6566 
13078 6566 6627 6628 
13079 6566 6628 6567 
13080 6567 6628 6629 
13081 6567 6629 6568 
13082 6568 6629 6630 
13083 6568 6630 6569 
13084 6569 6630 6631 
13085 6569 6631 6570 
13086 6570 6631 6632 
13087 6570 6632 6571 
13088 6571 6632 6633 
13089 6571 6633 6572 
13090 6572 6633 6634 
13091 6572 6634 6573 
13092 6573 6634 6635 
13093 6573 6635 6574 
13094 6574 6635 6636 
13095 6574 6636 6575 
13096 6575 6636 6637 
13097 6575 6637 6576 
13098 6576 6637 6638 
13099 6576 6638 6577 
13100 6577 6638 6639 
13101 6577 6639 6578 
13102 6578 6639 6640 
13103 6578 6640 405 
13104 405 6640 404 
13105 291 292 6579 
13106 6579 292 6641 
13107 6579 6641 6580 
13108 6580 6641 6642 
13109 6580 6642 6581 
13110 6581 6642 6643 
13111 6581 6643 6582 
13112 6582 6643 6644 
13113 6582 6644 6583 
13114 6583 6644 6645 
13115 6583 6645 6584 
13116 6584 6645 6646 
13117 6584 6646 6585 
13118 6585 6646 6647 
13119 6585 6647 6586 
13120 6586 6647 6648 
13121 6586 6648 6587 
13122 6587 6648 6649 
13123 6587 6649 6588 
13124 6588 6649 6650 
13125 6588 6650 6589 
13126 6589 6650 6651 
13127 6589 6651 6590 
13128 6590 6651 6652 
13129 6590 6652 6591 
13130 6591 6652 6653 
13131 6591 6653 6592 
13132 6592 6653 6654 
13133 6592 6654 6593 
13134 6593 6654 6655 
13135 6593 6655 6594 
13136 6594 6655 6656 
13137 6594 6656 6595 
13138 6595 6656 6657 
13139 6595 6657 6596 
13140 6596 6657 6658 
13141 6596 6658 6597 
13142 6597 6658 6659 
13143 6597 6659 6598 
13144 6598 6659 6660 
13145 6598 6660 6599 
13146 6599 6660 6661 
13147 6599 6661 6600 
13148 6600 6661 6662 
13149 6600 6662 6601 
13150 6601 6662 6663 
13151 6601 6663 6602 
13152 6602 6663 6664 
13153 6602 6664 6603 
13154 6603 6664 6665 
13155 6603 6665 6604 
13156 6604 6665 6666 
13157 6604 6666 6605 
13158 6605 6666 6667 
13159 6605 6667 6606 
13160 6606 6667 6668 
13161 6606 6668 6607 
13162 6607 6668 6669 
13163 6607 6669 6608 
13164 6608 6669 6670 
13165 6608 6670 6609 
13166 6609 6670 6671 
13167 6609 6671 6610 
13168 6610 6671 6672 
13169 6610 6672 6611 
13170 6611 6672 6673 
13171 6611 6673 6612 
13172 6612 6673 6674 
13173 6612 6674 6613 
13174 6613 6674 6675 
13175 6613 6675 6614 
13176 6614 6675 6676 
13177 6614 6676 6615 
13178 6615 6676 6677 
13179 6615 6677 6616 
13180 6616 6677 6678 
13181 6616 6678 6617 
13182 6617 6678 6679 
13183 6617 6679 6618 
13184 6618 6679 6680 
13185 6618 6680 6619 
13186 6619 6680 6681 
13187 6619 6681 6620 
13188 6620 6681 6682 
13189 6620 6682 6621 
13190 6621 6682 6683 
13191 6621 6683 6622 
13192 6622 6683 6684 
13193 6622 6684 6623 
13194 6623 6684 6685 
13195 6623 6685 6624 
13196 6624 6685 6686 
13197 6624 6686 6625 
13198 6625 6686 6687 
13199 6625 6687 6626 
13200 6626 6687 6688 
13201 6626 6688 6627 
13202 6627 6688 6689 
13203 6627 6689 6628 
13204 6628 6689 6690 
13205 6628 6690 6629 
13206 6629 6690 6691 
13207 6629 6691 6630 
13208 6630 6691 6692 
13209 6630 6692 6631 
13210 6631 6692 6693 
13211 6631 6693 6632 
13212 6632 6693 6694 
13213 6632 6694 6633 
13214 6633 6694 6695 
13215 6633 6695 6634 
13216 6634 6695 6696 
13217 6634 6696 6635 
13218 6635 6696 6697 
13219 6635 6697 6636 
13220 6636 6697 6698 
13221 6636 6698 6637 
13222 6637 6698 6699 
13223 6637 6699 6638 
13224 6638 6699 6700 
13225 6638 6700 6639 
13226 6639 6700 6701 
13227 6639 6701 6640 
13228 6640 6701 6702 
13229 6640 6702 404 
13230 404 6702 403 
13231 292 293 6641 
13232 6641 293 6703 
13233 6641 6703 6642 
13234 6642 6703 6704 
13235 6642 6704 6643 
13236 6643 6704 6705 
13237 6643 6705 6644 
13238 6644 6705 6706 
13239 6644 6706 6645 
13240 6645 6706 6707 
13241 6645 6707 6646 
13242 6646 6707 6708 
13243 6646 6708 6647 
13244 6647 6708 6709 
13245 6647 6709 6648 
13246 6648 6709 6710 
13247 6648 6710 6649 
13248 6649 6710 6711 
13249 6649 6711 6650 
13250 6650 6711 6712 
13251 6650 6712 6651 
13252 6651 6712 6713 
13253 6651 6713 6652 
13254 6652 6713 6714 
13255 6652 6714 6653 
13256 6653 6714 6715 
13257 6653 6715 6654 
13258 6654 6715 6716 
13259 6654 6716 6655 
13260 6655 6716 6717 
13261 6655 6717 6656 
13262 6656 6717 6718 
13263 6656 6718 6657 
13264 6657 6718 6719 
13265 6657 6719 6658 
13266 6658 6719 6720 
13267 6658 6720 6659 
13268 6659 6720 6721 
13269 6659 6721 6660 
13270 6660 6721 6722 
13271 6660 6722 6661 
13272 6661 6722 6723 
13273 6661 6723 6662 
13274 6662 6723 6724 
13275 6662 6724 6663 
13276 6663 6724 6725 
13277 6663 6725 6664 
13278 6664 6725 6726 
13279 6664 6726 6665 
13280 6665 6726 6727 
13281 6665 6727 6666 
13282 6666 6727 6728 
13283 6666 6728 6667 
13284 6667 6728 6729 
13285 6667 6729 6668 
13286 6668 6729 6730 
13287 6668 6730 6669 
13288 6669 6730 6731 
13289 6669 6731 6670 
13290 6670 6731 6732 
13291 6670 6732 6671 
13292 6671 6732 6733 
13293 6671 6733 6672 
13294 6672 6733 6734 
13295 6672 6734 6673 
13296 6673 6734 6735 
13297 6673 6735 6674 
13298 6674 6735 6736 
13299 6674 6736 6675 
13300 6675 6736 6737 
13301 6675 6737 6676 
13302 6676 6737 6738 
13303 6676 6738 6677 
13304 6677 6738 6739 
13305 6677 6739 6678 
13306 6678 6739 6740 
13307 6678 6740 6679 
13308 6679 6740 6741 
13309 6679 6741 6680 
13310 6680 6741 6742 
13311 6680 6742 6681 
13312 6681 6742 6743 
13313 6681 6743 6682 
13314 6682 6743 6744 
13315 6682 6744 6683 
13316 6683 6744 6745 
13317 6683 6745 6684 
13318 6684 6745 6746 
13319 6684 6746 6685 
13320 6685 6746 6747 
13321 6685 6747 6686 
13322 6686 6747 6748 
13323 6686 6748 6687 
13324 6687 6748 6749 
13325 6687 6749 6688 
13326 6688 6749 6750 
13327 6688 6750 6689 
13328 6689 6750 6751 
13329 6689 6751 6690 
13330 6690 6751 6752 
13331 6690 6752 6691 
13332 6691 6752 6753 
13333 6691 6753 6692 
13334 6692 6753 6754 
13335 6692 6754 6693 
13336 6693 6754 6755 
13337 6693 6755 6694 
13338 6694 6755 6756 
13339 6694 6756 6695 
13340 6695 6756 6757 
13341 6695 6757 6696 
13342 6696 6757 6758 
13343 6696 6758 6697 
13344 6697 6758 6759 
13345 6697 6759 6698 
13346 6698 6759 6760 
13347 6698 6760 6699 
13348 6699 6760 6761 
13349 6699 6761 6700 
13350 6700 6761 6762 
13351 6700 6762 6701 
13352 6701 6762 6763 
13353 6701 6763 6702 
13354 6702 6763 6764 
13355 6702 6764 403 
13356 403 6764 402 
13357 293 294 6703 
13358 6703 294 6765 
13359 6703 6765 6704 
13360 6704 6765 6766 
13361 6704 6766 6705 
13362 6705 6766 6767 
13363 6705 6767 6706 
13364 6706 6767 6768 
13365 6706 6768 6707 
13366 6707 6768 6769 
13367 6707 6769 6708 
13368 6708 6769 6770 
13369 6708 6770 6709 
13370 6709 6770 6771 
13371 6709 6771 6710 
13372 6710 6771 6772 
13373 6710 6772 6711 
13374 6711 6772 6773 
13375 6711 6773 6712 
13376 6712 6773 6774 
13377 6712 6774 6713 
13378 6713 6774 6775 
13379 6713 6775 6714 
13380 6714 6775 6776 
13381 6714 6776 6715 
13382 6715 6776 6777 
13383 6715 6777 6716 
13384 6716 6777 6778 
13385 6716 6778 6717 
13386 6717 6778 6779 
13387 6717 6779 6718 
13388 6718 6779 6780 
13389 6718 6780 6719 
13390 6719 6780 6781 
13391 6719 6781 6720 
13392 6720 6781 6782 
13393 6720 6782 6721 
13394 6721 6782 6783 
13395 6721 6783 6722 
13396 6722 6783 6784 
13397 6722 6784 6723 
13398 6723 6784 6785 
13399 6723 6785 6724 
13400 6724 6785 6786 
13401 6724 6786 6725 
13402 6725 6786 6787 
13403 6725 6787 6726 
13404 6726 6787 6788 
13405 6726 6788 6727 
13406 6727 6788 6789 
13407 6727 6789 6728 
13408 6728 6789 6790 
13409 6728 6790 6729 
13410 6729 6790 6791 
13411 6729 6791 6730 
13412 6730 6791 6792 
13413 6730 6792 6731 
13414 6731 6792 6793 
13415 6731 6793 6732 
13416 6732 6793 6794 
13417 6732 6794 6733 
13418 6733 6794 6795 
13419 6733 6795 6734 
13420 6734 6795 6796 
13421 6734 6796 6735 
13422 6735 6796 6797 
13423 6735 6797 6736 
13424 6736 6797 6798 
13425 6736 6798 6737 
13426 6737 6798 6799 
13427 6737 6799 6738 
13428 6738 6799 6800 
13429 6738 6800 6739 
13430 6739 6800 6801 
13431 6739 6801 6740 
13432 6740 6801 6802 
13433 6740 6802 6741 
13434 6741 6802 6803 
13435 6741 6803 6742 
13436 6742 6803 6804 
13437 6742 6804 6743 
13438 6743 6804 6805 
13439 6743 6805 6744 
13440 6744 6805 6806 
13441 6744 6806 6745 
13442 6745 6806 6807 
13443 6745 6807 6746 
13444 6746 6807 6808 
13445 6746 6808 6747 
13446 6747 6808 6809 
13447 6747 6809 6748 
13448 6748 6809 6810 
13449 6748 6810 6749 
13450 6749 6810 6811 
13451 6749 6811 6750 
13452 6750 6811 6812 
13453 6750 6812 6751 
13454 6751 6812 6813 
13455 6751 6813 6752 
13456 6752 6813 6814 
13457 6752 6814 6753 
13458 6753 6814 6815 
13459 6753 6815 6754 
13460 6754 6815 6816 
13461 6754 6816 6755 
13462 6755 6816 6817 
13463 6755 6817 6756 
13464 6756 6817 6818 
13465 6756 6818 6757 
13466 6757 6818 6819 
13467 6757 6819 6758 
13468 6758 6819 6820 
13469 6758 6820 6759 
13470 6759 6820 6821 
13471 6759 6821 6760 
13472 6760 6821 6822 
13473 6760 6822 6761 
13474 6761 6822 6823 
13475 6761 6823 6762 
13476 6762 6823 6824 
13477 6762 6824 6763 
13478 6763 6824 6825 
13479 6763 6825 6764 
13480 6764 6825 6826 
13481 6764 6826 402 
13482 402 6826 401 
13483 294 295 6765 
13484 6765 295 6827 
13485 6765 6827 6766 
13486 6766 6827 6828 
13487 6766 6828 6767 
13488 6767 6828 6829 
13489 6767 6829 6768 
13490 6768 6829 6830 
13491 6768 6830 6769 
13492 6769 6830 6831 
13493 6769 6831 6770 
13494 6770 6831 6832 
13495 6770 6832 6771 
13496 6771 6832 6833 
13497 6771 6833 6772 
13498 6772 6833 6834 
13499 6772 6834 6773 
13500 6773 6834 6835 
13501 6773 6835 6774 
13502 6774 6835 6836 
13503 6774 6836 6775 
13504 6775 6836 6837 
13505 6775 6837 6776 
13506 6776 6837 6838 
13507 6776 6838 6777 
13508 6777 6838 6839 
13509 6777 6839 6778 
13510 6778 6839 6840 
13511 6778 6840 6779 
13512 6779 6840 6841 
13513 6779 6841 6780 
13514 6780 6841 6842 
13515 6780 6842 6781 
13516 6781 6842 6843 
13517 6781 6843 6782 
13518 6782 6843 6844 
13519 6782 6844 6783 
13520 6783 6844 6845 
13521 6783 6845 6784 
13522 6784 6845 6846 
13523 6784 6846 6785 
13524 6785 6846 6847 
13525 6785 6847 6786 
13526 6786 6847 6848 
13527 6786 6848 6787 
13528 6787 6848 6849 
13529 6787 6849 6788 
13530 6788 6849 6850 
13531 6788 6850 6789 
13532 6789 6850 6851 
13533 6789 6851 6790 
13534 6790 6851 6852 
13535 6790 6852 6791 
13536 6791 6852 6853 
13537 6791 6853 6792 
13538 6792 6853 6854 
13539 6792 6854 6793 
13540 6793 6854 6855 
13541 6793 6855 6794 
13542 6794 6855 6856 
13543 6794 6856 6795 
13544 6795 6856 6857 
13545 6795 6857 6796 
13546 6796 6857 6858 
13547 6796 6858 6797 
13548 6797 6858 6859 
13549 6797 6859 6798 
13550 6798 6859 6860 
13551 6798 6860 6799 
13552 6799 6860 6861 
13553 6799 6861 6800 
13554 6800 6861 6862 
13555 6800 6862 6801 
13556 6801 6862 6863 
13557 6801 6863 6802 
13558 6802 6863 6864 
13559 6802 6864 6803 
13560 6803 6864 6865 
13561 6803 6865 6804 
13562 6804 6865 6866 
13563 6804 6866 6805 
13564 6805 6866 6867 
13565 6805 6867 6806 
13566 6806 6867 6868 
13567 6806 6868 6807 
13568 6807 6868 6869 
13569 6807 6869 6808 
13570 6808 6869 6870 
13571 6808 6870 6809 
13572 6809 6870 6871 
13573 6809 6871 6810 
13574 6810 6871 6872 
13575 6810 6872 6811 
13576 6811 6872 6873 
13577 6811 6873 6812 
13578 6812 6873 6874 
13579 6812 6874 6813 
13580 6813 6874 6875 
13581 6813 6875 6814 
13582 6814 6875 6876 
13583 6814 6876 6815 
13584 6815 6876 6877 
13585 6815 6877 6816 
13586 6816 6877 6878 
13587 6816 6878 6817 
13588 6817 6878 6879 
13589 6817 6879 6818 
13590 6818 6879 6880 
13591 6818 6880 6819 
13592 6819 6880 6881 
13593 6819 6881 6820 
13594 6820 6881 6882 
13595 6820 6882 6821 
13596 6821 6882 6883 
13597 6821 6883 6822 
13598 6822 6883 6884 
13599 6822 6884 6823 
13600 6823 6884 6885 
13601 6823 6885 6824 
13602 6824 6885 6886 
13603 6824 6886 6825 
13604 6825 6886 6887 
13605 6825 6887 6826 
13606 6826 6887 6888 
13607 6826 6888 401 
13608 401 6888 400 
13609 295 296 6827 
13610 6827 296 6889 
13611 6827 6889 6828 
13612 6828 6889 6890 
13613 6828 6890 6829 
13614 6829 6890 6891 
13615 6829 6891 6830 
13616 6830 6891 6892 
13617 6830 6892 6831 
13618 6831 6892 6893 
13619 6831 6893 6832 
13620 6832 6893 6894 
13621 6832 6894 6833 
13622 6833 6894 6895 
13623 6833 6895 6834 
13624 6834 6895 6896 
13625 6834 6896 6835 
13626 6835 6896 6897 
13627 6835 6897 6836 
13628 6836 6897 6898 
13629 6836 6898 6837 
13630 6837 6898 6899 
13631 6837 6899 6838 
13632 6838 6899 6900 
13633 6838 6900 6839 
13634 6839 6900 6901 
13635 6839 6901 6840 
13636 6840 6901 6902 
13637 6840 6902 6841 
13638 6841 6902 6903 
13639 6841 6903 6842 
13640 6842 6903 6904 
13641 6842 6904 6843 
13642 6843 6904 6905 
13643 6843 6905 6844 
13644 6844 6905 6906 
13645 6844 6906 6845 
13646 6845 6906 6907 
13647 6845 6907 6846 
13648 6846 6907 6908 
13649 6846 6908 6847 
13650 6847 6908 6909 
13651 6847 6909 6848 
13652 6848 6909 6910 
13653 6848 6910 6849 
13654 6849 6910 6911 
13655 6849 6911 6850 
13656 6850 6911 6912 
13657 6850 6912 6851 
13658 6851 6912 6913 
13659 6851 6913 6852 
13660 6852 6913 6914 
13661 6852 6914 6853 
13662 6853 6914 6915 
13663 6853 6915 6854 
13664 6854 6915 6916 
13665 6854 6916 6855 
13666 6855 6916 6917 
13667 6855 6917 6856 
13668 6856 6917 6918 
13669 6856 6918 6857 
13670 6857 6918 6919 
13671 6857 6919 6858 
13672 6858 6919 6920 
13673 6858 6920 6859 
13674 6859 6920 6921 
13675 6859 6921 6860 
13676 6860 6921 6922 
13677 6860 6922 6861 
13678 6861 6922 6923 
13679 6861 6923 6862 
13680 6862 6923 6924 
13681 6862 6924 6863 
13682 6863 6924 6925 
13683 6863 6925 6864 
13684 6864 6925 6926 
13685 6864 6926 6865 
13686 6865 6926 6927 
13687 6865 6927 6866 
13688 6866 6927 6928 
13689 6866 6928 6867 
13690 6867 6928 6929 
13691 6867 6929 6868 
13692 6868 6929 6930 
13693 6868 6930 6869 
13694 6869 6930 6931 
13695 6869 6931 6870 
13696 6870 6931 6932 
13697 6870 6932 6871 
13698 6871 6932 6933 
13699 6871 6933 6872 
13700 6872 6933 6934 
13701 6872 6934 6873 
13702 6873 6934 6935 
13703 6873 6935 6874 
13704 6874 6935 6936 
13705 6874 6936 6875 
13706 6875 6936 6937 
13707 6875 6937 6876 
13708 6876 6937 6938 
13709 6876 6938 6877 
13710 6877 6938 6939 
13711 6877 6939 6878 
13712 6878 6939 6940 
13713 6878 6940 6879 
13714 6879 6940 6941 
13715 6879 6941 6880 
13716 6880 6941 6942 
13717 6880 6942 6881 
13718 6881 6942 6943 
13719 6881 6943 6882 
13720 6882 6943 6944 
13721 6882 6944 6883 
13722 6883 6944 6945 
13723 6883 6945 6884 
13724 6884 6945 6946 
13725 6884 6946 6885 
13726 6885 6946 6947 
13727 6885 6947 6886 
13728 6886 6947 6948 
13729 6886 6948 6887 
13730 6887 6948 6949 
13731 6887 6949 6888 
13732 6888 6949 6950 
13733 6888 6950 400 
13734 400 6950 399 
13735 296 297 6889 
13736 6889 297 6951 
13737 6889 6951 6890 
13738 6890 6951 6952 
13739 6890 6952 6891 
13740 6891 6952 6953 
13741 6891 6953 6892 
13742 6892 6953 6954 
13743 6892 6954 6893 
13744 6893 6954 6955 
13745 6893 6955 6894 
13746 6894 6955 6956 
13747 6894 6956 6895 
13748 6895 6956 6957 
13749 6895 6957 6896 
13750 6896 6957 6958 
13751 6896 6958 6897 
13752 6897 6958 6959 
13753 6897 6959 6898 
13754 6898 6959 6960 
13755 6898 6960 6899 
13756 6899 6960 6961 
13757 6899 6961 6900 
13758 6900 6961 6962 
13759 6900 6962 6901 
13760 6901 6962 6963 
13761 6901 6963 6902 
13762 6902 6963 6964 
13763 6902 6964 6903 
13764 6903 6964 6965 
13765 6903 6965 6904 
13766 6904 6965 6966 
13767 6904 6966 6905 
13768 6905 6966 6967 
13769 6905 6967 6906 
13770 6906 6967 6968 
13771 6906 6968 6907 
13772 6907 6968 6969 
13773 6907 6969 6908 
13774 6908 6969 6970 
13775 6908 6970 6909 
13776 6909 6970 6971 
13777 6909 6971 6910 
13778 6910 6971 6972 
13779 6910 6972 6911 
13780 6911 6972 6973 
13781 6911 6973 6912 
13782 6912 6973 6974 
13783 6912 6974 6913 
13784 6913 6974 6975 
13785 6913 6975 6914 
13786 6914 6975 6976 
13787 6914 6976 6915 
13788 6915 6976 6977 
13789 6915 6977 6916 
13790 6916 6977 6978 
13791 6916 6978 6917 
13792 6917 6978 6979 
13793 6917 6979 6918 
13794 6918 6979 6980 
13795 6918 6980 6919 
13796 6919 6980 6981 
13797 6919 6981 6920 
13798 6920 6981 6982 
13799 6920 6982 6921 
13800 6921 6982 6983 
13801 6921 6983 6922 
13802 6922 6983 6984 
13803 6922 6984 6923 
13804 6923 6984 6985 
13805 6923 6985 6924 
13806 6924 6985 6986 
13807 6924 6986 6925 
13808 6925 6986 6987 
13809 6925 6987 6926 
13810 6926 6987 6988 
13811 6926 6988 6927 
13812 6927 6988 6989 
13813 6927 6989 6928 
13814 6928 6989 6990 
13815 6928 6990 6929 
13816 6929 6990 6991 
13817 6929 6991 6930 
13818 6930 6991 6992 
13819 6930 6992 6931 
13820 6931 6992 6993 
13821 6931 6993 6932 
13822 6932 6993 6994 
13823 6932 6994 6933 
13824 6933 6994 6995 
13825 6933 6995 6934 
13826 6934 6995 6996 
13827 6934 6996 6935 
13828 6935 6996 6997 
13829 6935 6997 6936 
13830 6936 6997 6998 
13831 6936 6998 6937 
13832 6937 6998 6999 
13833 6937 6999 6938 
13834 6938 6999 7000 
13835 6938 7000 6939 
13836 6939 7000 7001 
13837 6939 7001 6940 
13838 6940 7001 7002 
13839 6940 7002 6941 
13840 6941 7002 7003 
13841 6941 7003 6942 
13842 6942 7003 7004 
13843 6942 7004 6943 
13844 6943 7004 7005 
13845 6943 7005 6944 
13846 6944 7005 7006 
13847 6944 7006 6945 
13848 6945 7006 7007 
13849 6945 7007 6946 
13850 6946 7007 7008 
13851 6946 7008 6947 
13852 6947 7008 7009 
13853 6947 7009 6948 
13854 6948 7009 7010 
13855 6948 7010 6949 
13856 6949 7010 7011 
13857 6949 7011 6950 
13858 6950 7011 7012 
13859 6950 7012 399 
13860 399 7012 398 
13861 297 298 6951 
13862 6951 298 7013 
13863 6951 7013 6952 
13864 6952 7013 7014 
13865 6952 7014 6953 
13866 6953 7014 7015 
13867 6953 7015 6954 
13868 6954 7015 7016 
13869 6954 7016 6955 
13870 6955 7016 7017 
13871 6955 7017 6956 
13872 6956 7017 7018 
13873 6956 7018 6957 
13874 6957 7018 7019 
13875 6957 7019 6958 
13876 6958 7019 7020 
13877 6958 7020 6959 
13878 6959 7020 7021 
13879 6959 7021 6960 
13880 6960 7021 7022 
13881 6960 7022 6961 
13882 6961 7022 7023 
13883 6961 7023 6962 
13884 6962 7023 7024 
13885 6962 7024 6963 
13886 6963 7024 7025 
13887 6963 7025 6964 
13888 6964 7025 7026 
13889 6964 7026 6965 
13890 6965 7026 7027 
13891 6965 7027 6966 
13892 6966 7027 7028 
13893 6966 7028 6967 
13894 6967 7028 7029 
13895 6967 7029 6968 
13896 6968 7029 7030 
13897 6968 7030 6969 
13898 6969 7030 7031 
13899 6969 7031 6970 
13900 6970 7031 7032 
13901 6970 7032 6971 
13902 6971 7032 7033 
13903 6971 7033 6972 
13904 6972 7033 7034 
13905 6972 7034 6973 
13906 6973 7034 7035 
13907 6973 7035 6974 
13908 6974 7035 7036 
13909 6974 7036 6975 
13910 6975 7036 7037 
13911 6975 7037 6976 
13912 6976 7037 7038 
13913 6976 7038 6977 
13914 6977 7038 7039 
13915 6977 7039 6978 
13916 6978 7039 7040 
13917 6978 7040 6979 
13918 6979 7040 7041 
13919 6979 7041 6980 
13920 6980 7041 7042 
13921 6980 7042 6981 
13922 6981 7042 7043 
13923 6981 7043 6982 
13924 6982 7043 7044 
13925 6982 7044 6983 
13926 6983 7044 7045 
13927 6983 7045 6984 
13928 6984 7045 7046 
13929 6984 7046 6985 
13930 6985 7046 7047 
13931 6985 7047 6986 
13932 6986 7047 7048 
13933 6986 7048 6987 
13934 6987 7048 7049 
13935 6987 7049 6988 
13936 6988 7049 7050 
13937 6988 7050 6989 
13938 6989 7050 7051 
13939 6989 7051 6990 
13940 6990 7051 7052 
13941 6990 7052 6991 
13942 6991 7052 7053 
13943 6991 7053 6992 
13944 6992 7053 7054 
13945 6992 7054 6993 
13946 6993 7054 7055 
13947 6993 7055 6994 
13948 6994 7055 7056 
13949 6994 7056 6995 
13950 6995 7056 7057 
13951 6995 7057 6996 
13952 6996 7057 7058 
13953 6996 7058 6997 
13954 6997 7058 7059 
13955 6997 7059 6998 
13956 6998 7059 7060 
13957 6998 7060 6999 
13958 6999 7060 7061 
13959 6999 7061 7000 
13960 7000 7061 7062 
13961 7000 7062 7001 
13962 7001 7062 7063 
13963 7001 7063 7002 
13964 7002 7063 7064 
13965 7002 7064 7003 
13966 7003 7064 7065 
13967 7003 7065 7004 
13968 7004 7065 7066 
13969 7004 7066 7005 
13970 7005 7066 7067 
13971 7005 7067 7006 
13972 7006 7067 7068 
13973 7006 7068 7007 
13974 7007 7068 7069 
13975 7007 7069 7008 
13976 7008 7069 7070 
13977 7008 7070 7009 
13978 7009 7070 7071 
13979 7009 7071 7010 
13980 7010 7071 7072 
13981 7010 7072 7011 
13982 7011 7072 7073 
13983 7011 7073 7012 
13984 7012 7073 7074 
13985 7012 7074 398 
13986 398 7074 397 
13987 298 299 7013 
13988 7013 299 7075 
13989 7013 7075 7014 
13990 7014 7075 7076 
13991 7014 7076 7015 
13992 7015 7076 7077 
13993 7015 7077 7016 
13994 7016 7077 7078 
13995 7016 7078 7017 
13996 7017 7078 7079 
13997 7017 7079 7018 
13998 7018 7079 7080 
13999 7018 7080 7019 
14000 7019 7080 7081 
14001 7019 7081 7020 
14002 7020 7081 7082 
14003 7020 7082 7021 
14004 7021 7082 7083 
14005 7021 7083 7022 
14006 7022 7083 7084 
14007 7022 7084 7023 
14008 7023 7084 7085 
14009 7023 7085 7024 
14010 7024 7085 7086 
14011 7024 7086 7025 
14012 7025 7086 7087 
14013 7025 7087 7026 
14014 7026 7087 7088 
14015 7026 7088 7027 
14016 7027 7088 7089 
14017 7027 7089 7028 
14018 7028 7089 7090 
14019 7028 7090 7029 
14020 7029 7090 7091 
14021 7029 7091 7030 
14022 7030 7091 7092 
14023 7030 7092 7031 
14024 7031 7092 7093 
14025 7031 7093 7032 
14026 7032 7093 7094 
14027 7032 7094 7033 
14028 7033 7094 7095 
14029 7033 7095 7034 
14030 7034 7095 7096 
14031 7034 7096 7035 
14032 7035 7096 7097 
14033 7035 7097 7036 
14034 7036 7097 7098 
14035 7036 7098 7037 
14036 7037 7098 7099 
14037 7037 7099 7038 
14038 7038 7099 7100 
14039 7038 7100 7039 
14040 7039 7100 7101 
14041 7039 7101 7040 
14042 7040 7101 7102 
14043 7040 7102 7041 
14044 7041 7102 7103 
14045 7041 7103 7042 
14046 7042 7103 7104 
14047 7042 7104 7043 
14048 7043 7104 7105 
14049 7043 7105 7044 
14050 7044 7105 7106 
14051 7044 7106 7045 
14052 7045 7106 7107 
14053 7045 7107 7046 
14054 7046 7107 7108 
14055 7046 7108 7047 
14056 7047 7108 7109 
14057 7047 7109 7048 
14058 7048 7109 7110 
14059 7048 7110 7049 
14060 7049 7110 7111 
14061 7049 7111 7050 
14062 7050 7111 7112 
14063 7050 7112 7051 
14064 7051 7112 7113 
14065 7051 7113 7052 
14066 7052 7113 7114 
14067 7052 7114 7053 
14068 7053 7114 7115 
14069 7053 7115 7054 
14070 7054 7115 7116 
14071 7054 7116 7055 
14072 7055 7116 7117 
14073 7055 7117 7056 
14074 7056 7117 7118 
14075 7056 7118 7057 
14076 7057 7118 7119 
14077 7057 7119 7058 
14078 7058 7119 7120 
14079 7058 7120 7059 
14080 7059 7120 7121 
14081 7059 7121 7060 
14082 7060 7121 7122 
14083 7060 7122 7061 
14084 7061 7122 7123 
14085 7061 7123 7062 
14086 7062 7123 7124 
14087 7062 7124 7063 
14088 7063 7124 7125 
14089 7063 7125 7064 
14090 7064 7125 7126 
14091 7064 7126 7065 
14092 7065 7126 7127 
14093 7065 7127 7066 
14094 7066 7127 7128 
14095 7066 7128 7067 
14096 7067 7128 7129 
14097 7067 7129 7068 
14098 7068 7129 7130 
14099 7068 7130 7069 
14100 7069 7130 7131 
14101 7069 7131 7070 
14102 7070 7131 7132 
14103 7070 7132 7071 
14104 7071 7132 7133 
14105 7071 7133 7072 
14106 7072 7133 7134 
14107 7072 7134 7073 
14108 7073 7134 7135 
14109 7073 7135 7074 
14110 7074 7135 7136 
14111 7074 7136 397 
14112 397 7136 396 
14113 299 300 7075 
14114 7075 300 7137 
14115 7075 7137 7076 
14116 7076 7137 7138 
14117 7076 7138 7077 
14118 7077 7138 7139 
14119 7077 7139 7078 
14120 7078 7139 7140 
14121 7078 7140 7079 
14122 7079 7140 7141 
14123 7079 7141 7080 
14124 7080 7141 7142 
14125 7080 7142 7081 
14126 7081 7142 7143 
14127 7081 7143 7082 
14128 7082 7143 7144 
14129 7082 7144 7083 
14130 7083 7144 7145 
14131 7083 7145 7084 
14132 7084 7145 7146 
14133 7084 7146 7085 
14134 7085 7146 7147 
14135 7085 7147 7086 
14136 7086 7147 7148 
14137 7086 7148 7087 
14138 7087 7148 7149 
14139 7087 7149 7088 
14140 7088 7149 7150 
14141 7088 7150 7089 
14142 7089 7150 7151 
14143 7089 7151 7090 
14144 7090 7151 7152 
14145 7090 7152 7091 
14146 7091 7152 7153 
14147 7091 7153 7092 
14148 7092 7153 7154 
14149 7092 7154 7093 
14150 7093 7154 7155 
14151 7093 7155 7094 
14152 7094 7155 7156 
14153 7094 7156 7095 
14154 7095 7156 7157 
14155 7095 7157 7096 
14156 7096 7157 7158 
14157 7096 7158 7097 
14158 7097 7158 7159 
14159 7097 7159 7098 
14160 7098 7159 7160 
14161 7098 7160 7099 
14162 7099 7160 7161 
14163 7099 7161 7100 
14164 7100 7161 7162 
14165 7100 7162 7101 
14166 7101 7162 7163 
14167 7101 7163 7102 
14168 7102 7163 7164 
14169 7102 7164 7103 
14170 7103 7164 7165 
14171 7103 7165 7104 
14172 7104 7165 7166 
14173 7104 7166 7105 
14174 7105 7166 7167 
14175 7105 7167 7106 
14176 7106 7167 7168 
14177 7106 7168 7107 
14178 7107 7168 7169 
14179 7107 7169 7108 
14180 7108 7169 7170 
14181 7108 7170 7109 
14182 7109 7170 7171 
14183 7109 7171 7110 
14184 7110 7171 7172 
14185 7110 7172 7111 
14186 7111 7172 7173 
14187 7111 7173 7112 
14188 7112 7173 7174 
14189 7112 7174 7113 
14190 7113 7174 7175 
14191 7113 7175 7114 
14192 7114 7175 7176 
14193 7114 7176 7115 
14194 7115 7176 7177 
14195 7115 7177 7116 
14196 7116 7177 7178 
14197 7116 7178 7117 
14198 7117 7178 7179 
14199 7117 7179 7118 
14200 7118 7179 7180 
14201 7118 7180 7119 
14202 7119 7180 7181 
14203 7119 7181 7120 
14204 7120 7181 7182 
14205 7120 7182 7121 
14206 7121 7182 7183 
14207 7121 7183 7122 
14208 7122 7183 7184 
14209 7122 7184 7123 
14210 7123 7184 7185 
14211 7123 7185 7124 
14212 7124 7185 7186 
14213 7124 7186 7125 
14214 7125 7186 7187 
14215 7125 7187 7126 
14216 7126 7187 7188 
14217 7126 7188 7127 
14218 7127 7188 7189 
14219 7127 7189 7128 
14220 7128 7189 7190 
14221 7128 7190 7129 
14222 7129 7190 7191 
14223 7129 7191 7130 
14224 7130 7191 7192 
14225 7130 7192 7131 
14226 7131 7192 7193 
14227 7131 7193 7132 
14228 7132 7193 7194 
14229 7132 7194 7133 
14230 7133 7194 7195 
14231 7133 7195 7134 
14232 7134 7195 7196 
14233 7134 7196 7135 
14234 7135 7196 7197 
14235 7135 7197 7136 
14236 7136 7197 7198 
14237 7136 7198 396 
14238 396 7198 395 
14239 300 301 7137 
14240 7137 301 7199 
14241 7137 7199 7138 
14242 7138 7199 7200 
14243 7138 7200 7139 
14244 7139 7200 7201 
14245 7139 7201 7140 
14246 7140 7201 7202 
14247 7140 7202 7141 
14248 7141 7202 7203 
14249 7141 7203 7142 
14250 7142 7203 7204 
14251 7142 7204 7143 
14252 7143 7204 7205 
14253 7143 7205 7144 
14254 7144 7205 7206 
14255 7144 7206 7145 
14256 7145 7206 7207 
14257 7145 7207 7146 
14258 7146 7207 7208 
14259 7146 7208 7147 
14260 7147 7208 7209 
14261 7147 7209 7148 
14262 7148 7209 7210 
14263 7148 7210 7149 
14264 7149 7210 7211 
14265 7149 7211 7150 
14266 7150 7211 7212 
14267 7150 7212 7151 
14268 7151 7212 7213 
14269 7151 7213 7152 
14270 7152 7213 7214 
14271 7152 7214 7153 
14272 7153 7214 7215 
14273 7153 7215 7154 
14274 7154 7215 7216 
14275 7154 7216 7155 
14276 7155 7216 7217 
14277 7155 7217 7156 
14278 7156 7217 7218 
14279 7156 7218 7157 
14280 7157 7218 7219 
14281 7157 7219 7158 
14282 7158 7219 7220 
14283 7158 7220 7159 
14284 7159 7220 7221 
14285 7159 7221 7160 
14286 7160 7221 7222 
14287 7160 7222 7161 
14288 7161 7222 7223 
14289 7161 7223 7162 
14290 7162 7223 7224 
14291 7162 7224 7163 
14292 7163 7224 7225 
14293 7163 7225 7164 
14294 7164 7225 7226 
14295 7164 7226 7165 
14296 7165 7226 7227 
14297 7165 7227 7166 
14298 7166 7227 7228 
14299 7166 7228 7167 
14300 7167 7228 7229 
14301 7167 7229 7168 
14302 7168 7229 7230 
14303 7168 7230 7169 
14304 7169 7230 7231 
14305 7169 7231 7170 
14306 7170 7231 7232 
14307 7170 7232 7171 
14308 7171 7232 7233 
14309 7171 7233 7172 
14310 7172 7233 7234 
14311 7172 7234 7173 
14312 7173 7234 7235 
14313 7173 7235 7174 
14314 7174 7235 7236 
14315 7174 7236 7175 
14316 7175 7236 7237 
14317 7175 7237 7176 
14318 7176 7237 7238 
14319 7176 7238 7177 
14320 7177 7238 7239 
14321 7177 7239 7178 
14322 7178 7239 7240 
14323 7178 7240 7179 
14324 7179 7240 7241 
14325 7179 7241 7180 
14326 7180 7241 7242 
14327 7180 7242 7181 
14328 7181 7242 7243 
14329 7181 7243 7182 
14330 7182 7243 7244 
14331 7182 7244 7183 
14332 7183 7244 7245 
14333 7183 7245 7184 
14334 7184 7245 7246 
14335 7184 7246 7185 
14336 7185 7246 7247 
14337 7185 7247 7186 
14338 7186 7247 7248 
14339 7186 7248 7187 
14340 7187 7248 7249 
14341 7187 7249 7188 
14342 7188 7249 7250 
14343 7188 7250 7189 
14344 7189 7250 7251 
14345 7189 7251 7190 
14346 7190 7251 7252 
14347 7190 7252 7191 
14348 7191 7252 7253 
14349 7191 7253 7192 
14350 7192 7253 7254 
14351 7192 7254 7193 
14352 7193 7254 7255 
14353 7193 7255 7194 
14354 7194 7255 7256 
14355 7194 7256 7195 
14356 7195 7256 7257 
14357 7195 7257 7196 
14358 7196 7257 7258 
14359 7196 7258 7197 
14360 7197 7258 7259 
14361 7197 7259 7198 
14362 7198 7259 7260 
14363 7198 7260 395 
14364 395 7260 394 
14365 301 302 7199 
14366 7199 302 7261 
14367 7199 7261 7200 
14368 7200 7261 7262 
14369 7200 7262 7201 
14370 7201 7262 7263 
14371 7201 7263 7202 
14372 7202 7263 7264 
14373 7202 7264 7203 
14374 7203 7264 7265 
14375 7203 7265 7204 
14376 7204 7265 7266 
14377 7204 7266 7205 
14378 7205 7266 7267 
14379 7205 7267 7206 
14380 7206 7267 7268 
14381 7206 7268 7207 
14382 7207 7268 7269 
14383 7207 7269 7208 
14384 7208 7269 7270 
14385 7208 7270 7209 
14386 7209 7270 7271 
14387 7209 7271 7210 
14388 7210 7271 7272 
14389 7210 7272 7211 
14390 7211 7272 7273 
14391 7211 7273 7212 
14392 7212 7273 7274 
14393 7212 7274 7213 
14394 7213 7274 7275 
14395 7213 7275 7214 
14396 7214 7275 7276 
14397 7214 7276 7215 
14398 7215 7276 7277 
14399 7215 7277 7216 
14400 7216 7277 7278 
14401 7216 7278 7217 
14402 7217 7278 7279 
14403 7217 7279 7218 
14404 7218 7279 7280 
14405 7218 7280 7219 
14406 7219 7280 7281 
14407 7219 7281 7220 
14408 7220 7281 7282 
14409 7220 7282 7221 
14410 7221 7282 7283 
14411 7221 7283 7222 
14412 7222 7283 7284 
14413 7222 7284 7223 
14414 7223 7284 7285 
14415 7223 7285 7224 
14416 7224 7285 7286 
14417 7224 7286 7225 
14418 7225 7286 7287 
14419 7225 7287 7226 
14420 7226 7287 7288 
14421 7226 7288 7227 
14422 7227 7288 7289 
14423 7227 7289 7228 
14424 7228 7289 7290 
14425 7228 7290 7229 
14426 7229 7290 7291 
14427 7229 7291 7230 
14428 7230 7291 7292 
14429 7230 7292 7231 
14430 7231 7292 7293 
14431 7231 7293 7232 
14432 7232 7293 7294 
14433 7232 7294 7233 
14434 7233 7294 7295 
14435 7233 7295 7234 
14436 7234 7295 7296 
14437 7234 7296 7235 
14438 7235 7296 7297 
14439 7235 7297 7236 
14440 7236 7297 7298 
14441 7236 7298 7237 
14442 7237 7298 7299 
14443 7237 7299 7238 
14444 7238 7299 7300 
14445 7238 7300 7239 
14446 7239 7300 7301 
14447 7239 7301 7240 
14448 7240 7301 7302 
14449 7240 7302 7241 
14450 7241 7302 7303 
14451 7241 7303 7242 
14452 7242 7303 7304 
14453 7242 7304 7243 
14454 7243 7304 7305 
14455 7243 7305 7244 
14456 7244 7305 7306 
14457 7244 7306 7245 
14458 7245 7306 7307 
14459 7245 7307 7246 
14460 7246 7307 7308 
14461 7246 7308 7247 
14462 7247 7308 7309 
14463 7247 7309 7248 
14464 7248 7309 7310 
14465 7248 7310 7249 
14466 7249 7310 7311 
14467 7249 7311 7250 
14468 7250 7311 7312 
14469 7250 7312 7251 
14470 7251 7312 7313 
14471 7251 7313 7252 
14472 7252 7313 7314 
14473 7252 7314 7253 
14474 7253 7314 7315 
14475 7253 7315 7254 
14476 7254 7315 7316 
14477 7254 7316 7255 
14478 7255 7316 7317 
14479 7255 7317 7256 
14480 7256 7317 7318 
14481 7256 7318 7257 
14482 7257 7318 7319 
14483 7257 7319 7258 
14484 7258 7319 7320 
14485 7258 7320 7259 
14486 7259 7320 7321 
14487 7259 7321 7260 
14488 7260 7321 7322 
14489 7260 7322 394 
14490 394 7322 393 
14491 302 303 7261 
14492 7261 303 7323 
14493 7261 7323 7262 
14494 7262 7323 7324 
14495 7262 7324 7263 
14496 7263 7324 7325 
14497 7263 7325 7264 
14498 7264 7325 7326 
14499 7264 7326 7265 
14500 7265 7326 7327 
14501 7265 7327 7266 
14502 7266 7327 7328 
14503 7266 7328 7267 
14504 7267 7328 7329 
14505 7267 7329 7268 
14506 7268 7329 7330 
14507 7268 7330 7269 
14508 7269 7330 7331 
14509 7269 7331 7270 
14510 7270 7331 7332 
14511 7270 7332 7271 
14512 7271 7332 7333 
14513 7271 7333 7272 
14514 7272 7333 7334 
14515 7272 7334 7273 
14516 7273 7334 7335 
14517 7273 7335 7274 
14518 7274 7335 7336 
14519 7274 7336 7275 
14520 7275 7336 7337 
14521 7275 7337 7276 
14522 7276 7337 7338 
14523 7276 7338 7277 
14524 7277 7338 7339 
14525 7277 7339 7278 
14526 7278 7339 7340 
14527 7278 7340 7279 
14528 7279 7340 7341 
14529 7279 7341 7280 
14530 7280 7341 7342 
14531 7280 7342 7281 
14532 7281 7342 7343 
14533 7281 7343 7282 
14534 7282 7343 7344 
14535 7282 7344 7283 
14536 7283 7344 7345 
14537 7283 7345 7284 
14538 7284 7345 7346 
14539 7284 7346 7285 
14540 7285 7346 7347 
14541 7285 7347 7286 
14542 7286 7347 7348 
14543 7286 7348 7287 
14544 7287 7348 7349 
14545 7287 7349 7288 
14546 7288 7349 7350 
14547 7288 7350 7289 
14548 7289 7350 7351 
14549 7289 7351 7290 
14550 7290 7351 7352 
14551 7290 7352 7291 
14552 7291 7352 7353 
14553 7291 7353 7292 
14554 7292 7353 7354 
14555 7292 7354 7293 
14556 7293 7354 7355 
14557 7293 7355 7294 
14558 7294 7355 7356 
14559 7294 7356 7295 
14560 7295 7356 7357 
14561 7295 7357 7296 
14562 7296 7357 7358 
14563 7296 7358 7297 
14564 7297 7358 7359 
14565 7297 7359 7298 
14566 7298 7359 7360 
14567 7298 7360 7299 
14568 7299 7360 7361 
14569 7299 7361 7300 
14570 7300 7361 7362 
14571 7300 7362 7301 
14572 7301 7362 7363 
14573 7301 7363 7302 
14574 7302 7363 7364 
14575 7302 7364 7303 
14576 7303 7364 7365 
14577 7303 7365 7304 
14578 7304 7365 7366 
14579 7304 7366 7305 
14580 7305 7366 7367 
14581 7305 7367 7306 
14582 7306 7367 7368 
14583 7306 7368 7307 
14584 7307 7368 7369 
14585 7307 7369 7308 
14586 7308 7369 7370 
14587 7308 7370 7309 
14588 7309 7370 7371 
14589 7309 7371 7310 
14590 7310 7371 7372 
14591 7310 7372 7311 
14592 7311 7372 7373 
14593 7311 7373 7312 
14594 7312 7373 7374 
14595 7312 7374 7313 
14596 7313 7374 7375 
14597 7313 7375 7314 
14598 7314 7375 7376 
14599 7314 7376 7315 
14600 7315 7376 7377 
14601 7315 7377 7316 
14602 7316 7377 7378 
14603 7316 7378 7317 
14604 7317 7378 7379 
14605 7317 7379 7318 
14606 7318 7379 7380 
14607 7318 7380 7319 
14608 7319 7380 7381 
14609 7319 7381 7320 
14610 7320 7381 7382 
14611 7320 7382 7321 
14612 7321 7382 7383 
14613 7321 7383 7322 
14614 7322 7383 7384 
14615 7322 7384 393 
14616 393 7384 392 
14617 303 304 7323 
14618 7323 304 7385 
14619 7323 7385 7324 
14620 7324 7385 7386 
14621 7324 7386 7325 
14622 7325 7386 7387 
14623 7325 7387 7326 
14624 7326 7387 7388 
14625 7326 7388 7327 
14626 7327 7388 7389 
14627 7327 7389 7328 
14628 7328 7389 7390 
14629 7328 7390 7329 
14630 7329 7390 7391 
14631 7329 7391 7330 
14632 7330 7391 7392 
14633 7330 7392 7331 
14634 7331 7392 7393 
14635 7331 7393 7332 
14636 7332 7393 7394 
14637 7332 7394 7333 
14638 7333 7394 7395 
14639 7333 7395 7334 
14640 7334 7395 7396 
14641 7334 7396 7335 
14642 7335 7396 7397 
14643 7335 7397 7336 
14644 7336 7397 7398 
14645 7336 7398 7337 
14646 7337 7398 7399 
14647 7337 7399 7338 
14648 7338 7399 7400 
14649 7338 7400 7339 
14650 7339 7400 7401 
14651 7339 7401 7340 
14652 7340 7401 7402 
14653 7340 7402 7341 
14654 7341 7402 7403 
14655 7341 7403 7342 
14656 7342 7403 7404 
14657 7342 7404 7343 
14658 7343 7404 7405 
14659 7343 7405 7344 
14660 7344 7405 7406 
14661 7344 7406 7345 
14662 7345 7406 7407 
14663 7345 7407 7346 
14664 7346 7407 7408 
14665 7346 7408 7347 
14666 7347 7408 7409 
14667 7347 7409 7348 
14668 7348 7409 7410 
14669 7348 7410 7349 
14670 7349 7410 7411 
14671 7349 7411 7350 
14672 7350 7411 7412 
14673 7350 7412 7351 
14674 7351 7412 7413 
14675 7351 7413 7352 
14676 7352 7413 7414 
14677 7352 7414 7353 
14678 7353 7414 7415 
14679 7353 7415 7354 
14680 7354 7415 7416 
14681 7354 7416 7355 
14682 7355 7416 7417 
14683 7355 7417 7356 
14684 7356 7417 7418 
14685 7356 7418 7357 
14686 7357 7418 7419 
14687 7357 7419 7358 
14688 7358 7419 7420 
14689 7358 7420 7359 
14690 7359 7420 7421 
14691 7359 7421 7360 
14692 7360 7421 7422 
14693 7360 7422 7361 
14694 7361 7422 7423 
14695 7361 7423 7362 
14696 7362 7423 7424 
14697 7362 7424 7363 
14698 7363 7424 7425 
14699 7363 7425 7364 
14700 7364 7425 7426 
14701 7364 7426 7365 
14702 7365 7426 7427 
14703 7365 7427 7366 
14704 7366 7427 7428 
14705 7366 7428 7367 
14706 7367 7428 7429 
14707 7367 7429 7368 
14708 7368 7429 7430 
14709 7368 7430 7369 
14710 7369 7430 7431 
14711 7369 7431 7370 
14712 7370 7431 7432 
14713 7370 7432 7371 
14714 7371 7432 7433 
14715 7371 7433 7372 
14716 7372 7433 7434 
14717 7372 7434 7373 
14718 7373 7434 7435 
14719 7373 7435 7374 
14720 7374 7435 7436 
14721 7374 7436 7375 
14722 7375 7436 7437 
14723 7375 7437 7376 
14724 7376 7437 7438 
14725 7376 7438 7377 
14726 7377 7438 7439 
14727 7377 7439 7378 
14728 7378 7439 7440 
14729 7378 7440 7379 
14730 7379 7440 7441 
14731 7379 7441 7380 
14732 7380 7441 7442 
14733 7380 7442 7381 
14734 7381 7442 7443 
14735 7381 7443 7382 
14736 7382 7443 7444 
14737 7382 7444 7383 
14738 7383 7444 7445 
14739 7383 7445 7384 
14740 7384 7445 7446 
14741 7384 7446 392 
14742 392 7446 391 
14743 304 305 7385 
14744 7385 305 7447 
14745 7385 7447 7386 
14746 7386 7447 7448 
14747 7386 7448 7387 
14748 7387 7448 7449 
14749 7387 7449 7388 
14750 7388 7449 7450 
14751 7388 7450 7389 
14752 7389 7450 7451 
14753 7389 7451 7390 
14754 7390 7451 7452 
14755 7390 7452 7391 
14756 7391 7452 7453 
14757 7391 7453 7392 
14758 7392 7453 7454 
14759 7392 7454 7393 
14760 7393 7454 7455 
14761 7393 7455 7394 
14762 7394 7455 7456 
14763 7394 7456 7395 
14764 7395 7456 7457 
14765 7395 7457 7396 
14766 7396 7457 7458 
14767 7396 7458 7397 
14768 7397 7458 7459 
14769 7397 7459 7398 
14770 7398 7459 7460 
14771 7398 7460 7399 
14772 7399 7460 7461 
14773 7399 7461 7400 
14774 7400 7461 7462 
14775 7400 7462 7401 
14776 7401 7462 7463 
14777 7401 7463 7402 
14778 7402 7463 7464 
14779 7402 7464 7403 
14780 7403 7464 7465 
14781 7403 7465 7404 
14782 7404 7465 7466 
14783 7404 7466 7405 
14784 7405 7466 7467 
14785 7405 7467 7406 
14786 7406 7467 7468 
14787 7406 7468 7407 
14788 7407 7468 7469 
14789 7407 7469 7408 
14790 7408 7469 7470 
14791 7408 7470 7409 
14792 7409 7470 7471 
14793 7409 7471 7410 
14794 7410 7471 7472 
14795 7410 7472 7411 
14796 7411 7472 7473 
14797 7411 7473 7412 
14798 7412 7473 7474 
14799 7412 7474 7413 
14800 7413 7474 7475 
14801 7413 7475 7414 
14802 7414 7475 7476 
14803 7414 7476 7415 
14804 7415 7476 7477 
14805 7415 7477 7416 
14806 7416 7477 7478 
14807 7416 7478 7417 
14808 7417 7478 7479 
14809 7417 7479 7418 
14810 7418 7479 7480 
14811 7418 7480 7419 
14812 7419 7480 7481 
14813 7419 7481 7420 
14814 7420 7481 7482 
14815 7420 7482 7421 
14816 7421 7482 7483 
14817 7421 7483 7422 
14818 7422 7483 7484 
14819 7422 7484 7423 
14820 7423 7484 7485 
14821 7423 7485 7424 
14822 7424 7485 7486 
14823 7424 7486 7425 
14824 7425 7486 7487 
14825 7425 7487 7426 
14826 7426 7487 7488 
14827 7426 7488 7427 
14828 7427 7488 7489 
14829 7427 7489 7428 
14830 7428 7489 7490 
14831 7428 7490 7429 
14832 7429 7490 7491 
14833 7429 7491 7430 
14834 7430 7491 7492 
14835 7430 7492 7431 
14836 7431 7492 7493 
14837 7431 7493 7432 
14838 7432 7493 7494 
14839 7432 7494 7433 
14840 7433 7494 7495 
14841 7433 7495 7434 
14842 7434 7495 7496 
14843 7434 7496 7435 
14844 7435 7496 7497 
14845 7435 7497 7436 
14846 7436 7497 7498 
14847 7436 7498 7437 
14848 7437 7498 7499 
14849 7437 7499 7438 
14850 7438 7499 7500 
14851 7438 7500 7439 
14852 7439 7500 7501 
14853 7439 7501 7440 
14854 7440 7501 7502 
14855 7440 7502 7441 
14856 7441 7502 7503 
14857 7441 7503 7442 
14858 7442 7503 7504 
14859 7442 7504 7443 
14860 7443 7504 7505 
14861 7443 7505 7444 
14862 7444 7505 7506 
14863 7444 7506 7445 
14864 7445 7506 7507 
14865 7445 7507 7446 
14866 7446 7507 7508 
14867 7446 7508 391 
14868 391 7508 390 
14869 305 306 7447 
14870 7447 306 7509 
14871 7447 7509 7448 
14872 7448 7509 7510 
14873 7448 7510 7449 
14874 7449 7510 7511 
14875 7449 7511 7450 
14876 7450 7511 7512 
14877 7450 7512 7451 
14878 7451 7512 7513 
14879 7451 7513 7452 
14880 7452 7513 7514 
14881 7452 7514 7453 
14882 7453 7514 7515 
14883 7453 7515 7454 
14884 7454 7515 7516 
14885 7454 7516 7455 
14886 7455 7516 7517 
14887 7455 7517 7456 
14888 7456 7517 7518 
14889 7456 7518 7457 
14890 7457 7518 7519 
14891 7457 7519 7458 
14892 7458 7519 7520 
14893 7458 7520 7459 
14894 7459 7520 7521 
14895 7459 7521 7460 
14896 7460 7521 7522 
14897 7460 7522 7461 
14898 7461 7522 7523 
14899 7461 7523 7462 
14900 7462 7523 7524 
14901 7462 7524 7463 
14902 7463 7524 7525 
14903 7463 7525 7464 
14904 7464 7525 7526 
14905 7464 7526 7465 
14906 7465 7526 7527 
14907 7465 7527 7466 
14908 7466 7527 7528 
14909 7466 7528 7467 
14910 7467 7528 7529 
14911 7467 7529 7468 
14912 7468 7529 7530 
14913 7468 7530 7469 
14914 7469 7530 7531 
14915 7469 7531 7470 
14916 7470 7531 7532 
14917 7470 7532 7471 
14918 7471 7532 7533 
14919 7471 7533 7472 
14920 7472 7533 7534 
14921 7472 7534 7473 
14922 7473 7534 7535 
14923 7473 7535 7474 
14924 7474 7535 7536 
14925 7474 7536 7475 
14926 7475 7536 7537 
14927 7475 7537 7476 
14928 7476 7537 7538 
14929 7476 7538 7477 
14930 7477 7538 7539 
14931 7477 7539 7478 
14932 7478 7539 7540 
14933 7478 7540 7479 
14934 7479 7540 7541 
14935 7479 7541 7480 
14936 7480 7541 7542 
14937 7480 7542 7481 
14938 7481 7542 7543 
14939 7481 7543 7482 
14940 7482 7543 7544 
14941 7482 7544 7483 
14942 7483 7544 7545 
14943 7483 7545 7484 
14944 7484 7545 7546 
14945 7484 7546 7485 
14946 7485 7546 7547 
14947 7485 7547 7486 
14948 7486 7547 7548 
14949 7486 7548 7487 
14950 7487 7548 7549 
14951 7487 7549 7488 
14952 7488 7549 7550 
14953 7488 7550 7489 
14954 7489 7550 7551 
14955 7489 7551 7490 
14956 7490 7551 7552 
14957 7490 7552 7491 
14958 7491 7552 7553 
14959 7491 7553 7492 
14960 7492 7553 7554 
14961 7492 7554 7493 
14962 7493 7554 7555 
14963 7493 7555 7494 
14964 7494 7555 7556 
14965 7494 7556 7495 
14966 7495 7556 7557 
14967 7495 7557 7496 
14968 7496 7557 7558 
14969 7496 7558 7497 
14970 7497 7558 7559 
14971 7497 7559 7498 
14972 7498 7559 7560 
14973 7498 7560 7499 
14974 7499 7560 7561 
14975 7499 7561 7500 
14976 7500 7561 7562 
14977 7500 7562 7501 
14978 7501 7562 7563 
14979 7501 7563 7502 
14980 7502 7563 7564 
14981 7502 7564 7503 
14982 7503 7564 7565 
14983 7503 7565 7504 
14984 7504 7565 7566 
14985 7504 7566 7505 
14986 7505 7566 7567 
14987 7505 7567 7506 
14988 7506 7567 7568 
14989 7506 7568 7507 
14990 7507 7568 7569 
14991 7507 7569 7508 
14992 7508 7569 7570 
14993 7508 7570 390 
14994 390 7570 389 
14995 306 307 7509 
14996 7509 307 7571 
14997 7509 7571 7510 
14998 7510 7571 7572 
14999 7510 7572 7511 
15000 7511 7572 7573 
15001 7511 7573 7512 
15002 7512 7573 7574 
15003 7512 7574 7513 
15004 7513 7574 7575 
15005 7513 7575 7514 
15006 7514 7575 7576 
15007 7514 7576 7515 
15008 7515 7576 7577 
15009 7515 7577 7516 
15010 7516 7577 7578 
15011 7516 7578 7517 
15012 7517 7578 7579 
15013 7517 7579 7518 
15014 7518 7579 7580 
15015 7518 7580 7519 
15016 7519 7580 7581 
15017 7519 7581 7520 
15018 7520 7581 7582 
15019 7520 7582 7521 
15020 7521 7582 7583 
15021 7521 7583 7522 
15022 7522 7583 7584 
15023 7522 7584 7523 
15024 7523 7584 7585 
15025 7523 7585 7524 
15026 7524 7585 7586 
15027 7524 7586 7525 
15028 7525 7586 7587 
15029 7525 7587 7526 
15030 7526 7587 7588 
15031 7526 7588 7527 
15032 7527 7588 7589 
15033 7527 7589 7528 
15034 7528 7589 7590 
15035 7528 7590 7529 
15036 7529 7590 7591 
15037 7529 7591 7530 
15038 7530 7591 7592 
15039 7530 7592 7531 
15040 7531 7592 7593 
15041 7531 7593 7532 
15042 7532 7593 7594 
15043 7532 7594 7533 
15044 7533 7594 7595 
15045 7533 7595 7534 
15046 7534 7595 7596 
15047 7534 7596 7535 
15048 7535 7596 7597 
15049 7535 7597 7536 
15050 7536 7597 7598 
15051 7536 7598 7537 
15052 7537 7598 7599 
15053 7537 7599 7538 
15054 7538 7599 7600 
15055 7538 7600 7539 
15056 7539 7600 7601 
15057 7539 7601 7540 
15058 7540 7601 7602 
15059 7540 7602 7541 
15060 7541 7602 7603 
15061 7541 7603 7542 
15062 7542 7603 7604 
15063 7542 7604 7543 
15064 7543 7604 7605 
15065 7543 7605 7544 
15066 7544 7605 7606 
15067 7544 7606 7545 
15068 7545 7606 7607 
15069 7545 7607 7546 
15070 7546 7607 7608 
15071 7546 7608 7547 
15072 7547 7608 7609 
15073 7547 7609 7548 
15074 7548 7609 7610 
15075 7548 7610 7549 
15076 7549 7610 7611 
15077 7549 7611 7550 
15078 7550 7611 7612 
15079 7550 7612 7551 
15080 7551 7612 7613 
15081 7551 7613 7552 
15082 7552 7613 7614 
15083 7552 7614 7553 
15084 7553 7614 7615 
15085 7553 7615 7554 
15086 7554 7615 7616 
15087 7554 7616 7555 
15088 7555 7616 7617 
15089 7555 7617 7556 
15090 7556 7617 7618 
15091 7556 7618 7557 
15092 7557 7618 7619 
15093 7557 7619 7558 
15094 7558 7619 7620 
15095 7558 7620 7559 
15096 7559 7620 7621 
15097 7559 7621 7560 
15098 7560 7621 7622 
15099 7560 7622 7561 
15100 7561 7622 7623 
15101 7561 7623 7562 
15102 7562 7623 7624 
15103 7562 7624 7563 
15104 7563 7624 7625 
15105 7563 7625 7564 
15106 7564 7625 7626 
15107 7564 7626 7565 
15108 7565 7626 7627 
15109 7565 7627 7566 
15110 7566 7627 7628 
15111 7566 7628 7567 
15112 7567 7628 7629 
15113 7567 7629 7568 
15114 7568 7629 7630 
15115 7568 7630 7569 
15116 7569 7630 7631 
15117 7569 7631 7570 
15118 7570 7631 7632 
15119 7570 7632 389 
15120 389 7632 388 
15121 307 308 7571 
15122 7571 308 7633 
15123 7571 7633 7572 
15124 7572 7633 7634 
15125 7572 7634 7573 
15126 7573 7634 7635 
15127 7573 7635 7574 
15128 7574 7635 7636 
15129 7574 7636 7575 
15130 7575 7636 7637 
15131 7575 7637 7576 
15132 7576 7637 7638 
15133 7576 7638 7577 
15134 7577 7638 7639 
15135 7577 7639 7578 
15136 7578 7639 7640 
15137 7578 7640 7579 
15138 7579 7640 7641 
15139 7579 7641 7580 
15140 7580 7641 7642 
15141 7580 7642 7581 
15142 7581 7642 7643 
15143 7581 7643 7582 
15144 7582 7643 7644 
15145 7582 7644 7583 
15146 7583 7644 7645 
15147 7583 7645 7584 
15148 7584 7645 7646 
15149 7584 7646 7585 
15150 7585 7646 7647 
15151 7585 7647 7586 
15152 7586 7647 7648 
15153 7586 7648 7587 
15154 7587 7648 7649 
15155 7587 7649 7588 
15156 7588 7649 7650 
15157 7588 7650 7589 
15158 7589 7650 7651 
15159 7589 7651 7590 
15160 7590 7651 7652 
15161 7590 7652 7591 
15162 7591 7652 7653 
15163 7591 7653 7592 
15164 7592 7653 7654 
15165 7592 7654 7593 
15166 7593 7654 7655 
15167 7593 7655 7594 
15168 7594 7655 7656 
15169 7594 7656 7595 
15170 7595 7656 7657 
15171 7595 7657 7596 
15172 7596 7657 7658 
15173 7596 7658 7597 
15174 7597 7658 7659 
15175 7597 7659 7598 
15176 7598 7659 7660 
15177 7598 7660 7599 
15178 7599 7660 7661 
15179 7599 7661 7600 
15180 7600 7661 7662 
15181 7600 7662 7601 
15182 7601 7662 7663 
15183 7601 7663 7602 
15184 7602 7663 7664 
15185 7602 7664 7603 
15186 7603 7664 7665 
15187 7603 7665 7604 
15188 7604 7665 7666 
15189 7604 7666 7605 
15190 7605 7666 7667 
15191 7605 7667 7606 
15192 7606 7667 7668 
15193 7606 7668 7607 
15194 7607 7668 7669 
15195 7607 7669 7608 
15196 7608 7669 7670 
15197 7608 7670 7609 
15198 7609 7670 7671 
15199 7609 7671 7610 
15200 7610 7671 7672 
15201 7610 7672 7611 
15202 7611 7672 7673 
15203 7611 7673 7612 
15204 7612 7673 7674 
15205 7612 7674 7613 
15206 7613 7674 7675 
15207 7613 7675 7614 
15208 7614 7675 7676 
15209 7614 7676 7615 
15210 7615 7676 7677 
15211 7615 7677 7616 
15212 7616 7677 7678 
15213 7616 7678 7617 
15214 7617 7678 7679 
15215 7617 7679 7618 
15216 7618 7679 7680 
15217 7618 7680 7619 
15218 7619 7680 7681 
15219 7619 7681 7620 
15220 7620 7681 7682 
15221 7620 7682 7621 
15222 7621 7682 7683 
15223 7621 7683 7622 
15224 7622 7683 7684 
15225 7622 7684 7623 
15226 7623 7684 7685 
15227 7623 7685 7624 
15228 7624 7685 7686 
15229 7624 7686 7625 
15230 7625 7686 7687 
15231 7625 7687 7626 
15232 7626 7687 7688 
15233 7626 7688 7627 
15234 7627 7688 7689 
15235 7627 7689 7628 
15236 7628 7689 7690 
15237 7628 7690 7629 
15238 7629 7690 7691 
15239 7629 7691 7630 
15240 7630 7691 7692 
15241 7630 7692 7631 
15242 7631 7692 7693 
15243 7631 7693 7632 
15244 7632 7693 7694 
15245 7632 7694 388 
15246 388 7694 387 
15247 308 309 7633 
15248 7633 309 7695 
15249 7633 7695 7634 
15250 7634 7695 7696 
15251 7634 7696 7635 
15252 7635 7696 7697 
15253 7635 7697 7636 
15254 7636 7697 7698 
15255 7636 7698 7637 
15256 7637 7698 7699 
15257 7637 7699 7638 
15258 7638 7699 7700 
15259 7638 7700 7639 
15260 7639 7700 7701 
15261 7639 7701 7640 
15262 7640 7701 7702 
15263 7640 7702 7641 
15264 7641 7702 7703 
15265 7641 7703 7642 
15266 7642 7703 7704 
15267 7642 7704 7643 
15268 7643 7704 7705 
15269 7643 7705 7644 
15270 7644 7705 7706 
15271 7644 7706 7645 
15272 7645 7706 7707 
15273 7645 7707 7646 
15274 7646 7707 7708 
15275 7646 7708 7647 
15276 7647 7708 7709 
15277 7647 7709 7648 
15278 7648 7709 7710 
15279 7648 7710 7649 
15280 7649 7710 7711 
15281 7649 7711 7650 
15282 7650 7711 7712 
15283 7650 7712 7651 
15284 7651 7712 7713 
15285 7651 7713 7652 
15286 7652 7713 7714 
15287 7652 7714 7653 
15288 7653 7714 7715 
15289 7653 7715 7654 
15290 7654 7715 7716 
15291 7654 7716 7655 
15292 7655 7716 7717 
15293 7655 7717 7656 
15294 7656 7717 7718 
15295 7656 7718 7657 
15296 7657 7718 7719 
15297 7657 7719 7658 
15298 7658 7719 7720 
15299 7658 7720 7659 
15300 7659 7720 7721 
15301 7659 7721 7660 
15302 7660 7721 7722 
15303 7660 7722 7661 
15304 7661 7722 7723 
15305 7661 7723 7662 
15306 7662 7723 7724 
15307 7662 7724 7663 
15308 7663 7724 7725 
15309 7663 7725 7664 
15310 7664 7725 7726 
15311 7664 7726 7665 
15312 7665 7726 7727 
15313 7665 7727 7666 
15314 7666 7727 7728 
15315 7666 7728 7667 
15316 7667 7728 7729 
15317 7667 7729 7668 
15318 7668 7729 7730 
15319 7668 7730 7669 
15320 7669 7730 7731 
15321 7669 7731 7670 
15322 7670 7731 7732 
15323 7670 7732 7671 
15324 7671 7732 7733 
15325 7671 7733 7672 
15326 7672 7733 7734 
15327 7672 7734 7673 
15328 7673 7734 7735 
15329 7673 7735 7674 
15330 7674 7735 7736 
15331 7674 7736 7675 
15332 7675 7736 7737 
15333 7675 7737 7676 
15334 7676 7737 7738 
15335 7676 7738 7677 
15336 7677 7738 7739 
15337 7677 7739 7678 
15338 7678 7739 7740 
15339 7678 7740 7679 
15340 7679 7740 7741 
15341 7679 7741 7680 
15342 7680 7741 7742 
15343 7680 7742 7681 
15344 7681 7742 7743 
15345 7681 7743 7682 
15346 7682 7743 7744 
15347 7682 7744 7683 
15348 7683 7744 7745 
15349 7683 7745 7684 
15350 7684 7745 7746 
15351 7684 7746 7685 
15352 7685 7746 7747 
15353 7685 7747 7686 
15354 7686 7747 7748 
15355 7686 7748 7687 
15356 7687 7748 7749 
15357 7687 7749 7688 
15358 7688 7749 7750 
15359 7688 7750 7689 
15360 7689 7750 7751 
15361 7689 7751 7690 
15362 7690 7751 7752 
15363 7690 7752 7691 
15364 7691 7752 7753 
15365 7691 7753 7692 
15366 7692 7753 7754 
15367 7692 7754 7693 
15368 7693 7754 7755 
15369 7693 7755 7694 
15370 7694 7755 7756 
15371 7694 7756 387 
15372 387 7756 386 
15373 309 310 7695 
15374 7695 310 7757 
15375 7695 7757 7696 
15376 7696 7757 7758 
15377 7696 7758 7697 
15378 7697 7758 7759 
15379 7697 7759 7698 
15380 7698 7759 7760 
15381 7698 7760 7699 
15382 7699 7760 7761 
15383 7699 7761 7700 
15384 7700 7761 7762 
15385 7700 7762 7701 
15386 7701 7762 7763 
15387 7701 7763 7702 
15388 7702 7763 7764 
15389 7702 7764 7703 
15390 7703 7764 7765 
15391 7703 7765 7704 
15392 7704 7765 7766 
15393 7704 7766 7705 
15394 7705 7766 7767 
15395 7705 7767 7706 
15396 7706 7767 7768 
15397 7706 7768 7707 
15398 7707 7768 7769 
15399 7707 7769 7708 
15400 7708 7769 7770 
15401 7708 7770 7709 
15402 7709 7770 7771 
15403 7709 7771 7710 
15404 7710 7771 7772 
15405 7710 7772 7711 
15406 7711 7772 7773 
15407 7711 7773 7712 
15408 7712 7773 7774 
15409 7712 7774 7713 
15410 7713 7774 7775 
15411 7713 7775 7714 
15412 7714 7775 7776 
15413 7714 7776 7715 
15414 7715 7776 7777 
15415 7715 7777 7716 
15416 7716 7777 7778 
15417 7716 7778 7717 
15418 7717 7778 7779 
15419 7717 7779 7718 
15420 7718 7779 7780 
15421 7718 7780 7719 
15422 7719 7780 7781 
15423 7719 7781 7720 
15424 7720 7781 7782 
15425 7720 7782 7721 
15426 7721 7782 7783 
15427 7721 7783 7722 
15428 7722 7783 7784 
15429 7722 7784 7723 
15430 7723 7784 7785 
15431 7723 7785 7724 
15432 7724 7785 7786 
15433 7724 7786 7725 
15434 7725 7786 7787 
15435 7725 7787 7726 
15436 7726 7787 7788 
15437 7726 7788 7727 
15438 7727 7788 7789 
15439 7727 7789 7728 
15440 7728 7789 7790 
15441 7728 7790 7729 
15442 7729 7790 7791 
15443 7729 7791 7730 
15444 7730 7791 7792 
15445 7730 7792 7731 
15446 7731 7792 7793 
15447 7731 7793 7732 
15448 7732 7793 7794 
15449 7732 7794 7733 
15450 7733 7794 7795 
15451 7733 7795 7734 
15452 7734 7795 7796 
15453 7734 7796 7735 
15454 7735 7796 7797 
15455 7735 7797 7736 
15456 7736 7797 7798 
15457 7736 7798 7737 
15458 7737 7798 7799 
15459 7737 7799 7738 
15460 7738 7799 7800 
15461 7738 7800 7739 
15462 7739 7800 7801 
15463 7739 7801 7740 
15464 7740 7801 7802 
15465 7740 7802 7741 
15466 7741 7802 7803 
15467 7741 7803 7742 
15468 7742 7803 7804 
15469 7742 7804 7743 
15470 7743 7804 7805 
15471 7743 7805 7744 
15472 7744 7805 7806 
15473 7744 7806 7745 
15474 7745 7806 7807 
15475 7745 7807 7746 
15476 7746 7807 7808 
15477 7746 7808 7747 
15478 7747 7808 7809 
15479 7747 7809 7748 
15480 7748 7809 7810 
15481 7748 7810 7749 
15482 7749 7810 7811 
15483 7749 7811 7750 
15484 7750 7811 7812 
15485 7750 7812 7751 
15486 7751 7812 7813 
15487 7751 7813 7752 
15488 7752 7813 7814 
15489 7752 7814 7753 
15490 7753 7814 7815 
15491 7753 7815 7754 
15492 7754 7815 7816 
15493 7754 7816 7755 
15494 7755 7816 7817 
15495 7755 7817 7756 
15496 7756 7817 7818 
15497 7756 7818 386 
15498 386 7818 385 
15499 310 311 7757 
15500 7757 311 7819 
15501 7757 7819 7758 
15502 7758 7819 7820 
15503 7758 7820 7759 
15504 7759 7820 7821 
15505 7759 7821 7760 
15506 7760 7821 7822 
15507 7760 7822 7761 
15508 7761 7822 7823 
15509 7761 7823 7762 
15510 7762 7823 7824 
15511 7762 7824 7763 
15512 7763 7824 7825 
15513 7763 7825 7764 
15514 7764 7825 7826 
15515 7764 7826 7765 
15516 7765 7826 7827 
15517 7765 7827 7766 
15518 7766 7827 7828 
15519 7766 7828 7767 
15520 7767 7828 7829 
15521 7767 7829 7768 
15522 7768 7829 7830 
15523 7768 7830 7769 
15524 7769 7830 7831 
15525 7769 7831 7770 
15526 7770 7831 7832 
15527 7770 7832 7771 
15528 7771 7832 7833 
15529 7771 7833 7772 
15530 7772 7833 7834 
15531 7772 7834 7773 
15532 7773 7834 7835 
15533 7773 7835 7774 
15534 7774 7835 7836 
15535 7774 7836 7775 
15536 7775 7836 7837 
15537 7775 7837 7776 
15538 7776 7837 7838 
15539 7776 7838 7777 
15540 7777 7838 7839 
15541 7777 7839 7778 
15542 7778 7839 7840 
15543 7778 7840 7779 
15544 7779 7840 7841 
15545 7779 7841 7780 
15546 7780 7841 7842 
15547 7780 7842 7781 
15548 7781 7842 7843 
15549 7781 7843 7782 
15550 7782 7843 7844 
15551 7782 7844 7783 
15552 7783 7844 7845 
15553 7783 7845 7784 
15554 7784 7845 7846 
15555 7784 7846 7785 
15556 7785 7846 7847 
15557 7785 7847 7786 
15558 7786 7847 7848 
15559 7786 7848 7787 
15560 7787 7848 7849 
15561 7787 7849 7788 
15562 7788 7849 7850 
15563 7788 7850 7789 
15564 7789 7850 7851 
15565 7789 7851 7790 
15566 7790 7851 7852 
15567 7790 7852 7791 
15568 7791 7852 7853 
15569 7791 7853 7792 
15570 7792 7853 7854 
15571 7792 7854 7793 
15572 7793 7854 7855 
15573 7793 7855 7794 
15574 7794 7855 7856 
15575 7794 7856 7795 
15576 7795 7856 7857 
15577 7795 7857 7796 
15578 7796 7857 7858 
15579 7796 7858 7797 
15580 7797 7858 7859 
15581 7797 7859 7798 
15582 7798 7859 7860 
15583 7798 7860 7799 
15584 7799 7860 7861 
15585 7799 7861 7800 
15586 7800 7861 7862 
15587 7800 7862 7801 
15588 7801 7862 7863 
15589 7801 7863 7802 
15590 7802 7863 7864 
15591 7802 7864 7803 
15592 7803 7864 7865 
15593 7803 7865 7804 
15594 7804 7865 7866 
15595 7804 7866 7805 
15596 7805 7866 7867 
15597 7805 7867 7806 
15598 7806 7867 7868 
15599 7806 7868 7807 
15600 7807 7868 7869 
15601 7807 7869 7808 
15602 7808 7869 7870 
15603 7808 7870 7809 
15604 7809 7870 7871 
15605 7809 7871 7810 
15606 7810 7871 7872 
15607 7810 7872 7811 
15608 7811 7872 7873 
15609 7811 7873 7812 
15610 7812 7873 7874 
15611 7812 7874 7813 
15612 7813 7874 7875 
15613 7813 7875 7814 
15614 7814 7875 7876 
15615 7814 7876 7815 
15616 7815 7876 7877 
15617 7815 7877 7816 
15618 7816 7877 7878 
15619 7816 7878 7817 
15620 7817 7878 7879 
15621 7817 7879 7818 
15622 7818 7879 7880 
15623 7818 7880 385 
15624 385 7880 384 
15625 311 312 7819 
15626 7819 312 7881 
15627 7819 7881 7820 
15628 7820 7881 7882 
15629 7820 7882 7821 
15630 7821 7882 7883 
15631 7821 7883 7822 
15632 7822 7883 7884 
15633 7822 7884 7823 
15634 7823 7884 7885 
15635 7823 7885 7824 
15636 7824 7885 7886 
15637 7824 7886 7825 
15638 7825 7886 7887 
15639 7825 7887 7826 
15640 7826 7887 7888 
15641 7826 7888 7827 
15642 7827 7888 7889 
15643 7827 7889 7828 
15644 7828 7889 7890 
15645 7828 7890 7829 
15646 7829 7890 7891 
15647 7829 7891 7830 
15648 7830 7891 7892 
15649 7830 7892 7831 
15650 7831 7892 7893 
15651 7831 7893 7832 
15652 7832 7893 7894 
15653 7832 7894 7833 
15654 7833 7894 7895 
15655 7833 7895 7834 
15656 7834 7895 7896 
15657 7834 7896 7835 
15658 7835 7896 7897 
15659 7835 7897 7836 
15660 7836 7897 7898 
15661 7836 7898 7837 
15662 7837 7898 7899 
15663 7837 7899 7838 
15664 7838 7899 7900 
15665 7838 7900 7839 
15666 7839 7900 7901 
15667 7839 7901 7840 
15668 7840 7901 7902 
15669 7840 7902 7841 
15670 7841 7902 7903 
15671 7841 7903 7842 
15672 7842 7903 7904 
15673 7842 7904 7843 
15674 7843 7904 7905 
15675 7843 7905 7844 
15676 7844 7905 7906 
15677 7844 7906 7845 
15678 7845 7906 7907 
15679 7845 7907 7846 
15680 7846 7907 7908 
15681 7846 7908 7847 
15682 7847 7908 7909 
15683 7847 7909 7848 
15684 7848 7909 7910 
15685 7848 7910 7849 
15686 7849 7910 7911 
15687 7849 7911 7850 
15688 7850 7911 7912 
15689 7850 7912 7851 
15690 7851 7912 7913 
15691 7851 7913 7852 
15692 7852 7913 7914 
15693 7852 7914 7853 
15694 7853 7914 7915 
15695 7853 7915 7854 
15696 7854 7915 7916 
15697 7854 7916 7855 
15698 7855 7916 7917 
15699 7855 7917 7856 
15700 7856 7917 7918 
15701 7856 7918 7857 
15702 7857 7918 7919 
15703 7857 7919 7858 
15704 7858 7919 7920 
15705 7858 7920 7859 
15706 7859 7920 7921 
15707 7859 7921 7860 
15708 7860 7921 7922 
15709 7860 7922 7861 
15710 7861 7922 7923 
15711 7861 7923 7862 
15712 7862 7923 7924 
15713 7862 7924 7863 
15714 7863 7924 7925 
15715 7863 7925 7864 
15716 7864 7925 7926 
15717 7864 7926 7865 
15718 7865 7926 7927 
15719 7865 7927 7866 
15720 7866 7927 7928 
15721 7866 7928 7867 
15722 7867 7928 7929 
15723 7867 7929 7868 
15724 7868 7929 7930 
15725 7868 7930 7869 
15726 7869 7930 7931 
15727 7869 7931 7870 
15728 7870 7931 7932 
15729 7870 7932 7871 
15730 7871 7932 7933 
15731 7871 7933 7872 
15732 7872 7933 7934 
15733 7872 7934 7873 
15734 7873 7934 7935 
15735 7873 7935 7874 
15736 7874 7935 7936 
15737 7874 7936 7875 
15738 7875 7936 7937 
15739 7875 7937 7876 
15740 7876 7937 7938 
15741 7876 7938 7877 
15742 7877 7938 7939 
15743 7877 7939 7878 
15744 7878 7939 7940 
15745 7878 7940 7879 
15746 7879 7940 7941 
15747 7879 7941 7880 
15748 7880 7941 7942 
15749 7880 7942 384 
15750 384 7942 383 
15751 312 313 7881 
15752 7881 313 7943 
15753 7881 7943 7882 
15754 7882 7943 7944 
15755 7882 7944 7883 
15756 7883 7944 7945 
15757 7883 7945 7884 
15758 7884 7945 7946 
15759 7884 7946 7885 
15760 7885 7946 7947 
15761 7885 7947 7886 
15762 7886 7947 7948 
15763 7886 7948 7887 
15764 7887 7948 7949 
15765 7887 7949 7888 
15766 7888 7949 7950 
15767 7888 7950 7889 
15768 7889 7950 7951 
15769 7889 7951 7890 
15770 7890 7951 7952 
15771 7890 7952 7891 
15772 7891 7952 7953 
15773 7891 7953 7892 
15774 7892 7953 7954 
15775 7892 7954 7893 
15776 7893 7954 7955 
15777 7893 7955 7894 
15778 7894 7955 7956 
15779 7894 7956 7895 
15780 7895 7956 7957 
15781 7895 7957 7896 
15782 7896 7957 7958 
15783 7896 7958 7897 
15784 7897 7958 7959 
15785 7897 7959 7898 
15786 7898 7959 7960 
15787 7898 7960 7899 
15788 7899 7960 7961 
15789 7899 7961 7900 
15790 7900 7961 7962 
15791 7900 7962 7901 
15792 7901 7962 7963 
15793 7901 7963 7902 
15794 7902 7963 7964 
15795 7902 7964 7903 
15796 7903 7964 7965 
15797 7903 7965 7904 
15798 7904 7965 7966 
15799 7904 7966 7905 
15800 7905 7966 7967 
15801 7905 7967 7906 
15802 7906 7967 7968 
15803 7906 7968 7907 
15804 7907 7968 7969 
15805 7907 7969 7908 
15806 7908 7969 7970 
15807 7908 7970 7909 
15808 7909 7970 7971 
15809 7909 7971 7910 
15810 7910 7971 7972 
15811 7910 7972 7911 
15812 7911 7972 7973 
15813 7911 7973 7912 
15814 7912 7973 7974 
15815 7912 7974 7913 
15816 7913 7974 7975 
15817 7913 7975 7914 
15818 7914 7975 7976 
15819 7914 7976 7915 
15820 7915 7976 7977 
15821 7915 7977 7916 
15822 7916 7977 7978 
15823 7916 7978 7917 
15824 7917 7978 7979 
15825 7917 7979 7918 
15826 7918 7979 7980 
15827 7918 7980 7919 
15828 7919 7980 7981 
15829 7919 7981 7920 
15830 7920 7981 7982 
15831 7920 7982 7921 
15832 7921 7982 7983 
15833 7921 7983 7922 
15834 7922 7983 7984 
15835 7922 7984 7923 
15836 7923 7984 7985 
15837 7923 7985 7924 
15838 7924 7985 7986 
15839 7924 7986 7925 
15840 7925 7986 7987 
15841 7925 7987 7926 
15842 7926 7987 7988 
15843 7926 7988 7927 
15844 7927 7988 7989 
15845 7927 7989 7928 
15846 7928 7989 7990 
15847 7928 7990 7929 
15848 7929 7990 7991 
15849 7929 7991 7930 
15850 7930 7991 7992 
15851 7930 7992 7931 
15852 7931 7992 7993 
15853 7931 7993 7932 
15854 7932 7993 7994 
15855 7932 7994 7933 
15856 7933 7994 7995 
15857 7933 7995 7934 
15858 7934 7995 7996 
15859 7934 7996 7935 
15860 7935 7996 7997 
15861 7935 7997 7936 
15862 7936 7997 7998 
15863 7936 7998 7937 
15864 7937 7998 7999 
15865 7937 7999 7938 
15866 7938 7999 8000 
15867 7938 8000 7939 
15868 7939 8000 8001 
15869 7939 8001 7940 
15870 7940 8001 8002 
15871 7940 8002 7941 
15872 7941 8002 8003 
15873 7941 8003 7942 
15874 7942 8003 8004 
15875 7942 8004 383 
15876 383 8004 382 
15877 313 314 7943 
15878 7943 314 8005 
15879 7943 8005 7944 
15880 7944 8005 8006 
15881 7944 8006 7945 
15882 7945 8006 8007 
15883 7945 8007 7946 
15884 7946 8007 8008 
15885 7946 8008 7947 
15886 7947 8008 8009 
15887 7947 8009 7948 
15888 7948 8009 8010 
15889 7948 8010 7949 
15890 7949 8010 8011 
15891 7949 8011 7950 
15892 7950 8011 8012 
15893 7950 8012 7951 
15894 7951 8012 8013 
15895 7951 8013 7952 
15896 7952 8013 8014 
15897 7952 8014 7953 
15898 7953 8014 8015 
15899 7953 8015 7954 
15900 7954 8015 8016 
15901 7954 8016 7955 
15902 7955 8016 8017 
15903 7955 8017 7956 
15904 7956 8017 8018 
15905 7956 8018 7957 
15906 7957 8018 8019 
15907 7957 8019 7958 
15908 7958 8019 8020 
15909 7958 8020 7959 
15910 7959 8020 8021 
15911 7959 8021 7960 
15912 7960 8021 8022 
15913 7960 8022 7961 
15914 7961 8022 8023 
15915 7961 8023 7962 
15916 7962 8023 8024 
15917 7962 8024 7963 
15918 7963 8024 8025 
15919 7963 8025 7964 
15920 7964 8025 8026 
15921 7964 8026 7965 
15922 7965 8026 8027 
15923 7965 8027 7966 
15924 7966 8027 8028 
15925 7966 8028 7967 
15926 7967 8028 8029 
15927 7967 8029 7968 
15928 7968 8029 8030 
15929 7968 8030 7969 
15930 7969 8030 8031 
15931 7969 8031 7970 
15932 7970 8031 8032 
15933 7970 8032 7971 
15934 7971 8032 8033 
15935 7971 8033 7972 
15936 7972 8033 8034 
15937 7972 8034 7973 
15938 7973 8034 8035 
15939 7973 8035 7974 
15940 7974 8035 8036 
15941 7974 8036 7975 
15942 7975 8036 8037 
15943 7975 8037 7976 
15944 7976 8037 8038 
15945 7976 8038 7977 
15946 7977 8038 8039 
15947 7977 8039 7978 
15948 7978 8039 8040 
15949 7978 8040 7979 
15950 7979 8040 8041 
15951 7979 8041 7980 
15952 7980 8041 8042 
15953 7980 8042 7981 
15954 7981 8042 8043 
15955 7981 8043 7982 
15956 7982 8043 8044 
15957 7982 8044 7983 
15958 7983 8044 8045 
15959 7983 8045 7984 
15960 7984 8045 8046 
15961 7984 8046 7985 
15962 7985 8046 8047 
15963 7985 8047 7986 
15964 7986 8047 8048 
15965 7986 8048 7987 
15966 7987 8048 8049 
15967 7987 8049 7988 
15968 7988 8049 8050 
15969 7988 8050 7989 
15970 7989 8050 8051 
15971 7989 8051 7990 
15972 7990 8051 8052 
15973 7990 8052 7991 
15974 7991 8052 8053 
15975 7991 8053 7992 
15976 7992 8053 8054 
15977 7992 8054 7993 
15978 7993 8054 8055 
15979 7993 8055 7994 
15980 7994 8055 8056 
15981 7994 8056 7995 
15982 7995 8056 8057 
15983 7995 8057 7996 
15984 7996 8057 8058 
15985 7996 8058 7997 
15986 7997 8058 8059 
15987 7997 8059 7998 
15988 7998 8059 8060 
15989 7998 8060 7999 
15990 7999 8060 8061 
15991 7999 8061 8000 
15992 8000 8061 8062 
15993 8000 8062 8001 
15994 8001 8062 8063 
15995 8001 8063 8002 
15996 8002 8063 8064 
15997 8002 8064 8003 
15998 8003 8064 8065 
15999 8003 8065 8004 
16000 8004 8065 8066 
16001 8004 8066 382 
16002 382 8066 381 
16003 314 315 8005 
16004 8005 315 8067 
16005 8005 8067 8006 
16006 8006 8067 8068 
16007 8006 8068 8007 
16008 8007 8068 8069 
16009 8007 8069 8008 
16010 8008 8069 8070 
16011 8008 8070 8009 
16012 8009 8070 8071 
16013 8009 8071 8010 
16014 8010 8071 8072 
16015 8010 8072 8011 
16016 8011 8072 8073 
16017 8011 8073 8012 
16018 8012 8073 8074 
16019 8012 8074 8013 
16020 8013 8074 8075 
16021 8013 8075 8014 
16022 8014 8075 8076 
16023 8014 8076 8015 
16024 8015 8076 8077 
16025 8015 8077 8016 
16026 8016 8077 8078 
16027 8016 8078 8017 
16028 8017 8078 8079 
16029 8017 8079 8018 
16030 8018 8079 8080 
16031 8018 8080 8019 
16032 8019 8080 8081 
16033 8019 8081 8020 
16034 8020 8081 8082 
16035 8020 8082 8021 
16036 8021 8082 8083 
16037 8021 8083 8022 
16038 8022 8083 8084 
16039 8022 8084 8023 
16040 8023 8084 8085 
16041 8023 8085 8024 
16042 8024 8085 8086 
16043 8024 8086 8025 
16044 8025 8086 8087 
16045 8025 8087 8026 
16046 8026 8087 8088 
16047 8026 8088 8027 
16048 8027 8088 8089 
16049 8027 8089 8028 
16050 8028 8089 8090 
16051 8028 8090 8029 
16052 8029 8090 8091 
16053 8029 8091 8030 
16054 8030 8091 8092 
16055 8030 8092 8031 
16056 8031 8092 8093 
16057 8031 8093 8032 
16058 8032 8093 8094 
16059 8032 8094 8033 
16060 8033 8094 8095 
16061 8033 8095 8034 
16062 8034 8095 8096 
16063 8034 8096 8035 
16064 8035 8096 8097 
16065 8035 8097 8036 
16066 8036 8097 8098 
16067 8036 8098 8037 
16068 8037 8098 8099 
16069 8037 8099 8038 
16070 8038 8099 8100 
16071 8038 8100 8039 
16072 8039 8100 8101 
16073 8039 8101 8040 
16074 8040 8101 8102 
16075 8040 8102 8041 
16076 8041 8102 8103 
16077 8041 8103 8042 
16078 8042 8103 8104 
16079 8042 8104 8043 
16080 8043 8104 8105 
16081 8043 8105 8044 
16082 8044 8105 8106 
16083 8044 8106 8045 
16084 8045 8106 8107 
16085 8045 8107 8046 
16086 8046 8107 8108 
16087 8046 8108 8047 
16088 8047 8108 8109 
16089 8047 8109 8048 
16090 8048 8109 8110 
16091 8048 8110 8049 
16092 8049 8110 8111 
16093 8049 8111 8050 
16094 8050 8111 8112 
16095 8050 8112 8051 
16096 8051 8112 8113 
16097 8051 8113 8052 
16098 8052 8113 8114 
16099 8052 8114 8053 
16100 8053 8114 8115 
16101 8053 8115 8054 
16102 8054 8115 8116 
16103 8054 8116 8055 
16104 8055 8116 8117 
16105 8055 8117 8056 
16106 8056 8117 8118 
16107 8056 8118 8057 
16108 8057 8118 8119 
16109 8057 8119 8058 
16110 8058 8119 8120 
16111 8058 8120 8059 
16112 8059 8120 8121 
16113 8059 8121 8060 
16114 8060 8121 8122 
16115 8060 8122 8061 
16116 8061 8122 8123 
16117 8061 8123 8062 
16118 8062 8123 8124 
16119 8062 8124 8063 
16120 8063 8124 8125 
16121 8063 8125 8064 
16122 8064 8125 8126 
16123 8064 8126 8065 
16124 8065 8126 8127 
16125 8065 8127 8066 
16126 8066 8127 8128 
16127 8066 8128 381 
16128 381 8128 380 
16129 315 316 8067 
16130 8067 316 8129 
16131 8067 8129 8068 
16132 8068 8129 8130 
16133 8068 8130 8069 
16134 8069 8130 8131 
16135 8069 8131 8070 
16136 8070 8131 8132 
16137 8070 8132 8071 
16138 8071 8132 8133 
16139 8071 8133 8072 
16140 8072 8133 8134 
16141 8072 8134 8073 
16142 8073 8134 8135 
16143 8073 8135 8074 
16144 8074 8135 8136 
16145 8074 8136 8075 
16146 8075 8136 8137 
16147 8075 8137 8076 
16148 8076 8137 8138 
16149 8076 8138 8077 
16150 8077 8138 8139 
16151 8077 8139 8078 
16152 8078 8139 8140 
16153 8078 8140 8079 
16154 8079 8140 8141 
16155 8079 8141 8080 
16156 8080 8141 8142 
16157 8080 8142 8081 
16158 8081 8142 8143 
16159 8081 8143 8082 
16160 8082 8143 8144 
16161 8082 8144 8083 
16162 8083 8144 8145 
16163 8083 8145 8084 
16164 8084 8145 8146 
16165 8084 8146 8085 
16166 8085 8146 8147 
16167 8085 8147 8086 
16168 8086 8147 8148 
16169 8086 8148 8087 
16170 8087 8148 8149 
16171 8087 8149 8088 
16172 8088 8149 8150 
16173 8088 8150 8089 
16174 8089 8150 8151 
16175 8089 8151 8090 
16176 8090 8151 8152 
16177 8090 8152 8091 
16178 8091 8152 8153 
16179 8091 8153 8092 
16180 8092 8153 8154 
16181 8092 8154 8093 
16182 8093 8154 8155 
16183 8093 8155 8094 
16184 8094 8155 8156 
16185 8094 8156 8095 
16186 8095 8156 8157 
16187 8095 8157 8096 
16188 8096 8157 8158 
16189 8096 8158 8097 
16190 8097 8158 8159 
16191 8097 8159 8098 
16192 8098 8159 8160 
16193 8098 8160 8099 
16194 8099 8160 8161 
16195 8099 8161 8100 
16196 8100 8161 8162 
16197 8100 8162 8101 
16198 8101 8162 8163 
16199 8101 8163 8102 
16200 8102 8163 8164 
16201 8102 8164 8103 
16202 8103 8164 8165 
16203 8103 8165 8104 
16204 8104 8165 8166 
16205 8104 8166 8105 
16206 8105 8166 8167 
16207 8105 8167 8106 
16208 8106 8167 8168 
16209 8106 8168 8107 
16210 8107 8168 8169 
16211 8107 8169 8108 
16212 8108 8169 8170 
16213 8108 8170 8109 
16214 8109 8170 8171 
16215 8109 8171 8110 
16216 8110 8171 8172 
16217 8110 8172 8111 
16218 8111 8172 8173 
16219 8111 8173 8112 
16220 8112 8173 8174 
16221 8112 8174 8113 
16222 8113 8174 8175 
16223 8113 8175 8114 
16224 8114 8175 8176 
16225 8114 8176 8115 
16226 8115 8176 8177 
16227 8115 8177 8116 
16228 8116 8177 8178 
16229 8116 8178 8117 
16230 8117 8178 8179 
16231 8117 8179 8118 
16232 8118 8179 8180 
16233 8118 8180 8119 
16234 8119 8180 8181 
16235 8119 8181 8120 
16236 8120 8181 8182 
16237 8120 8182 8121 
16238 8121 8182 8183 
16239 8121 8183 8122 
16240 8122 8183 8184 
16241 8122 8184 8123 
16242 8123 8184 8185 
16243 8123 8185 8124 
16244 8124 8185 8186 
16245 8124 8186 8125 
16246 8125 8186 8187 
16247 8125 8187 8126 
16248 8126 8187 8188 
16249 8126 8188 8127 
16250 8127 8188 8189 
16251 8127 8189 8128 
16252 8128 8189 8190 
16253 8128 8190 380 
16254 380 8190 379 
16255 316 6 8129 
16256 8129 6 317 
16257 8129 317 8130 
16258 8130 317 318 
16259 8130 318 8131 
16260 8131 318 319 
16261 8131 319 8132 
16262 8132 319 320 
16263 8132 320 8133 
16264 8133 320 321 
16265 8133 321 8134 
16266 8134 321 322 
16267 8134 322 8135 
16268 8135 322 323 
16269 8135 323 8136 
16270 8136 323 324 
16271 8136 324 8137 
16272 8137 324 325 
16273 8137 325 8138 
16274 8138 325 326 
16275 8138 326 8139 
16276 8139 326 327 
16277 8139 327 8140 
16278 8140 327 328 
16279 8140 328 8141 
16280 8141 328 329 
16281 8141 329 8142 
16282 8142 329 330 
16283 8142 330 8143 
16284 8143 330 331 
16285 8143 331 8144 
16286 8144 331 332 
16287 8144 332 8145 
16288 8145 332 333 
16289 8145 333 8146 
16290 8146 333 334 
16291 8146 334 8147 
16292 8147 334 335 
16293 8147 335 8148 
16294 8148 335 336 
16295 8148 336 8149 
16296 8149 336 337 
16297 8149 337 8150 
16298 8150 337 338 
16299 8150 338 8151 
16300 8151 338 339 
16301 8151 339 8152 
16302 8152 339 340 
16303 8152 340 8153 
16304 8153 340 341 
16305 8153 341 8154 
16306 8154 341 342 
16307 8154 342 8155 
16308 8155 342 343 
16309 8155 343 8156 
16310 8156 343 344 
16311 8156 344 8157 
16312 8157 344 345 
16313 8157 345 8158 
16314 8158 345 346 
16315 8158 346 8159 
16316 8159 346 347 
16317 8159 347 8160 
16318 8160 347 348 
16319 8160 348 8161 
16320 8161 348 349 
16321 8161 349 8162 
16322 8162 349 350 
16323 8162 350 8163 
16324 8163 350 351 
16325 8163 351 8164 
16326 8164 351 352 
16327 8164 352 8165 
16328 8165 352 353 
16329 8165 353 8166 
16330 8166 353 354 
16331 8166 354 8167 
16332 8167 354 355 
16333 8167 355 8168 
16334 8168 355 356 
16335 8168 356 8169 
16336 8169 356 357 
16337 8169 357 8170 
16338 8170 357 358 
16339 8170 358 8171 
16340 8171 358 359 
16341 8171 359 8172 
16342 8172 359 360 
16343 8172 360 8173 
16344 8173 360 361 
16345 8173 361 8174 
16346 8174 361 362 
16347 8174 362 8175 
16348 8175 362 363 
16349 8175 363 8176 
16350 8176 363 364 
16351 8176 364 8177 
16352 8177 364 365 
16353 8177 365 8178 
16354 8178 365 366 
16355 8178 366 8179 
16356 8179 366 367 
16357 8179 367 8180 
16358 8180 367 368 
16359 8180 368 8181 
16360 8181 368 369 
16361 8181 369 8182 
16362 8182 369 370 
16363 8182 370 8183 
16364 8183 370 371 
16365 8183 371 8184 
16366 8184 371 372 
16367 8184 372 8185 
16368 8185 372 373 
16369 8185 373 8186 
16370 8186 373 374 
16371 8186 374 8187 
16372 8187 374 375 
16373 8187 375 8188 
16374 8188 375 376 
16375 8188 376 8189 
16376 8189 376 377 
16377 8189 377 8190 
16378 8190 377 378 
16379 8190 378 379 
16380 379 378 3 
$EndElements
